GEO.id,GEO.id2,GEO.display-label,HD01_VD01,HD02_VD01
Id,Id2,Geography,Estimate; Median household income in the past 12 months (in 2016 inflation-adjusted dollars),Margin of Error; Median household income in the past 12 months (in 2016 inflation-adjusted dollars)
0500000US01003,01003,"Baldwin County, Alabama",29990,21408
0500000US01015,01015,"Calhoun County, Alabama",33694,11034
0500000US01043,01043,"Cullman County, Alabama",36726,5673
0500000US01049,01049,"DeKalb County, Alabama",25145,16204
0500000US01051,01051,"Elmore County, Alabama",35535,16093
0500000US01055,01055,"Etowah County, Alabama",22061,3565
0500000US01069,01069,"Houston County, Alabama",25803,1943
0500000US01073,01073,"Jefferson County, Alabama",36666,1854
0500000US01077,01077,"Lauderdale County, Alabama",36768,13438
0500000US01081,01081,"Lee County, Alabama",43455,9488
0500000US01089,01089,"Madison County, Alabama",38710,4116
0500000US01097,01097,"Mobile County, Alabama",29626,3144
0500000US01101,01101,"Montgomery County, Alabama",32724,2858
0500000US01103,01103,"Morgan County, Alabama",25638,7723
0500000US01115,01115,"St. Clair County, Alabama",33347,13273
0500000US01117,01117,"Shelby County, Alabama",57326,18790
0500000US01121,01121,"Talladega County, Alabama",27830,4168
0500000US01125,01125,"Tuscaloosa County, Alabama",31245,4523
0500000US01127,01127,"Walker County, Alabama",28676,21770
0500000US02020,02020,"Anchorage Municipality, Alaska",69351,36387
0500000US02090,02090,"Fairbanks North Star Borough, Alaska",51250,33884
0500000US04001,04001,"Apache County, Arizona",-,**
0500000US04013,04013,"Maricopa County, Arizona",41681,1979
0500000US04019,04019,"Pima County, Arizona",43154,8357
0500000US04021,04021,"Pinal County, Arizona",61039,33709
0500000US04025,04025,"Yavapai County, Arizona",51300,15090
0500000US04027,04027,"Yuma County, Arizona",32816,4076
0500000US05007,05007,"Benton County, Arkansas",75036,47784
0500000US05031,05031,"Craighead County, Arkansas",31875,20871
0500000US05045,05045,"Faulkner County, Arkansas",31862,3820
0500000US05051,05051,"Garland County, Arkansas",24049,7085
0500000US05069,05069,"Jefferson County, Arkansas",32175,4012
0500000US05085,05085,"Lonoke County, Arkansas",42202,8249
0500000US05119,05119,"Pulaski County, Arkansas",34505,4254
0500000US05125,05125,"Saline County, Arkansas",63333,14285
0500000US05131,05131,"Sebastian County, Arkansas",32155,14744
0500000US05143,05143,"Washington County, Arkansas",28718,10542
0500000US05145,05145,"White County, Arkansas",32337,7020
0500000US06001,06001,"Alameda County, California",46554,3241
0500000US06007,06007,"Butte County, California",30420,6378
0500000US06013,06013,"Contra Costa County, California",61243,9996
0500000US06019,06019,"Fresno County, California",29203,6881
0500000US06025,06025,"Imperial County, California",40925,13297
0500000US06029,06029,"Kern County, California",32411,13019
0500000US06031,06031,"Kings County, California",57292,6602
0500000US06033,06033,"Lake County, California","2,500-",***
0500000US06037,06037,"Los Angeles County, California",43973,2715
0500000US06041,06041,"Marin County, California",30768,11928
0500000US06045,06045,"Mendocino County, California",-,**
0500000US06053,06053,"Monterey County, California",62824,16374
0500000US06057,06057,"Nevada County, California",-,**
0500000US06059,06059,"Orange County, California",65105,7385
0500000US06061,06061,"Placer County, California",49769,37439
0500000US06065,06065,"Riverside County, California",58223,7681
0500000US06067,06067,"Sacramento County, California",41736,5187
0500000US06071,06071,"San Bernardino County, California",41414,2516
0500000US06073,06073,"San Diego County, California",52715,6747
0500000US06075,06075,"San Francisco County, California",27656,5212
0500000US06077,06077,"San Joaquin County, California",34484,5568
0500000US06079,06079,"San Luis Obispo County, California",50192,21417
0500000US06081,06081,"San Mateo County, California",52781,25054
0500000US06083,06083,"Santa Barbara County, California",56414,9847
0500000US06085,06085,"Santa Clara County, California",65542,11648
0500000US06089,06089,"Shasta County, California",34316,21037
0500000US06095,06095,"Solano County, California",65044,12066
0500000US06097,06097,"Sonoma County, California",55852,29318
0500000US06099,06099,"Stanislaus County, California",43554,19219
0500000US06101,06101,"Sutter County, California",93821,21117
0500000US06107,06107,"Tulare County, California",59643,16780
0500000US06111,06111,"Ventura County, California",69215,13330
0500000US06113,06113,"Yolo County, California",18562,9821
0500000US06115,06115,"Yuba County, California",98440,50277
0500000US08001,08001,"Adams County, Colorado",41670,7857
0500000US08005,08005,"Arapahoe County, Colorado",52735,4744
0500000US08014,08014,"Broomfield County, Colorado",85841,77251
0500000US08031,08031,"Denver County, Colorado",41859,10194
0500000US08035,08035,"Douglas County, Colorado",123581,32092
0500000US08041,08041,"El Paso County, Colorado",45041,5661
0500000US08059,08059,"Jefferson County, Colorado",60502,24176
0500000US08069,08069,"Larimer County, Colorado",42333,37756
0500000US08077,08077,"Mesa County, Colorado",-,**
0500000US08101,08101,"Pueblo County, Colorado",36315,6924
0500000US08123,08123,"Weld County, Colorado",102922,55637
0500000US09001,09001,"Fairfield County, Connecticut",43336,5057
0500000US09003,09003,"Hartford County, Connecticut",48863,2583
0500000US09005,09005,"Litchfield County, Connecticut",41672,26462
0500000US09007,09007,"Middlesex County, Connecticut",46138,29460
0500000US09009,09009,"New Haven County, Connecticut",40272,3062
0500000US09011,09011,"New London County, Connecticut",43943,12692
0500000US09013,09013,"Tolland County, Connecticut",17873,16190
0500000US09015,09015,"Windham County, Connecticut",24194,23278
0500000US10001,10001,"Kent County, Delaware",54400,6980
0500000US10003,10003,"New Castle County, Delaware",42237,4331
0500000US10005,10005,"Sussex County, Delaware",38431,5589
0500000US11001,11001,"District of Columbia, District of Columbia",37891,3438
0500000US12001,12001,"Alachua County, Florida",26058,5023
0500000US12005,12005,"Bay County, Florida",40539,6014
0500000US12009,12009,"Brevard County, Florida",36173,7159
0500000US12011,12011,"Broward County, Florida",41931,1611
0500000US12015,12015,"Charlotte County, Florida",37897,13790
0500000US12019,12019,"Clay County, Florida",55283,12220
0500000US12021,12021,"Collier County, Florida",50994,5111
0500000US12023,12023,"Columbia County, Florida",43733,8352
0500000US12031,12031,"Duval County, Florida",40558,1889
0500000US12033,12033,"Escambia County, Florida",32171,2551
0500000US12035,12035,"Flagler County, Florida",37153,14347
0500000US12053,12053,"Hernando County, Florida",65246,23859
0500000US12055,12055,"Highlands County, Florida",21720,8863
0500000US12057,12057,"Hillsborough County, Florida",40387,2584
0500000US12061,12061,"Indian River County, Florida",21968,14590
0500000US12069,12069,"Lake County, Florida",35983,5716
0500000US12071,12071,"Lee County, Florida",36439,5319
0500000US12073,12073,"Leon County, Florida",33714,3861
0500000US12081,12081,"Manatee County, Florida",38732,9580
0500000US12083,12083,"Marion County, Florida",26897,4240
0500000US12085,12085,"Martin County, Florida",27301,15132
0500000US12086,12086,"Miami-Dade County, Florida",35271,1534
0500000US12087,12087,"Monroe County, Florida",27174,8754
0500000US12091,12091,"Okaloosa County, Florida",52051,11905
0500000US12095,12095,"Orange County, Florida",38405,2279
0500000US12097,12097,"Osceola County, Florida",40962,14883
0500000US12099,12099,"Palm Beach County, Florida",42754,2633
0500000US12101,12101,"Pasco County, Florida",50612,8609
0500000US12103,12103,"Pinellas County, Florida",36726,4392
0500000US12105,12105,"Polk County, Florida",31708,2862
0500000US12107,12107,"Putnam County, Florida",25515,11144
0500000US12109,12109,"St. Johns County, Florida",47390,21488
0500000US12111,12111,"St. Lucie County, Florida",35641,6259
0500000US12113,12113,"Santa Rosa County, Florida",58390,40551
0500000US12115,12115,"Sarasota County, Florida",49201,17696
0500000US12117,12117,"Seminole County, Florida",32050,4917
0500000US12119,12119,"Sumter County, Florida",17480,14288
0500000US12127,12127,"Volusia County, Florida",31241,2670
0500000US12131,12131,"Walton County, Florida",28819,1046
0500000US13013,13013,"Barrow County, Georgia",45000,12845
0500000US13015,13015,"Bartow County, Georgia",32200,10669
0500000US13021,13021,"Bibb County, Georgia",27411,4010
0500000US13031,13031,"Bulloch County, Georgia",27252,7366
0500000US13045,13045,"Carroll County, Georgia",36641,12334
0500000US13051,13051,"Chatham County, Georgia",41033,3197
0500000US13057,13057,"Cherokee County, Georgia",63254,24636
0500000US13059,13059,"Clarke County, Georgia",25522,3521
0500000US13063,13063,"Clayton County, Georgia",44668,4393
0500000US13067,13067,"Cobb County, Georgia",58358,5822
0500000US13073,13073,"Columbia County, Georgia",77783,7409
0500000US13077,13077,"Coweta County, Georgia",41419,9759
0500000US13089,13089,"DeKalb County, Georgia",45483,3282
0500000US13095,13095,"Dougherty County, Georgia",31110,5835
0500000US13097,13097,"Douglas County, Georgia",64957,10291
0500000US13113,13113,"Fayette County, Georgia",78224,11205
0500000US13115,13115,"Floyd County, Georgia",36880,4532
0500000US13117,13117,"Forsyth County, Georgia",150145,55339
0500000US13121,13121,"Fulton County, Georgia",38516,2127
0500000US13127,13127,"Glynn County, Georgia",44438,13713
0500000US13135,13135,"Gwinnett County, Georgia",61403,5467
0500000US13139,13139,"Hall County, Georgia",36640,10887
0500000US13151,13151,"Henry County, Georgia",66566,6293
0500000US13153,13153,"Houston County, Georgia",46521,10409
0500000US13179,13179,"Liberty County, Georgia",39607,4941
0500000US13185,13185,"Lowndes County, Georgia",31302,4080
0500000US13215,13215,"Muscogee County, Georgia",30555,2390
0500000US13217,13217,"Newton County, Georgia",42186,8966
0500000US13223,13223,"Paulding County, Georgia",63490,11832
0500000US13245,13245,"Richmond County, Georgia",38243,4172
0500000US13247,13247,"Rockdale County, Georgia",57110,5620
0500000US13285,13285,"Troup County, Georgia",30200,8721
0500000US13295,13295,"Walker County, Georgia",41156,11690
0500000US13297,13297,"Walton County, Georgia",36189,10324
0500000US13313,13313,"Whitfield County, Georgia",31989,16333
0500000US15001,15001,"Hawaii County, Hawaii",65365,17308
0500000US15003,15003,"Honolulu County, Hawaii",74808,8084
0500000US15009,15009,"Maui County, Hawaii",-,**
0500000US16001,16001,"Ada County, Idaho",49220,45785
0500000US16005,16005,"Bannock County, Idaho",-,**
0500000US16019,16019,"Bonneville County, Idaho",-,**
0500000US16027,16027,"Canyon County, Idaho",-,**
0500000US16055,16055,"Kootenai County, Idaho",-,**
0500000US16083,16083,"Twin Falls County, Idaho",-,**
0500000US17001,17001,"Adams County, Illinois",24946,3966
0500000US17019,17019,"Champaign County, Illinois",31209,1231
0500000US17031,17031,"Cook County, Illinois",36477,1117
0500000US17037,17037,"DeKalb County, Illinois",30182,19223
0500000US17043,17043,"DuPage County, Illinois",50730,9922
0500000US17089,17089,"Kane County, Illinois",28273,7013
0500000US17091,17091,"Kankakee County, Illinois",32121,11210
0500000US17093,17093,"Kendall County, Illinois",90266,9625
0500000US17097,17097,"Lake County, Illinois",39815,5069
0500000US17111,17111,"McHenry County, Illinois",127969,64168
0500000US17113,17113,"McLean County, Illinois",40339,11607
0500000US17115,17115,"Macon County, Illinois",21297,9162
0500000US17119,17119,"Madison County, Illinois",34144,10806
0500000US17143,17143,"Peoria County, Illinois",25918,3493
0500000US17161,17161,"Rock Island County, Illinois",37157,7567
0500000US17163,17163,"St. Clair County, Illinois",31771,3334
0500000US17167,17167,"Sangamon County, Illinois",25771,6958
0500000US17179,17179,"Tazewell County, Illinois",32862,31457
0500000US17183,17183,"Vermilion County, Illinois",20574,6639
0500000US17197,17197,"Will County, Illinois",53885,8699
0500000US17201,17201,"Winnebago County, Illinois",29192,5635
0500000US18003,18003,"Allen County, Indiana",24769,2958
0500000US18019,18019,"Clark County, Indiana",45929,14485
0500000US18035,18035,"Delaware County, Indiana",26806,20790
0500000US18039,18039,"Elkhart County, Indiana",30318,16619
0500000US18043,18043,"Floyd County, Indiana",40212,20442
0500000US18053,18053,"Grant County, Indiana",25719,7847
0500000US18057,18057,"Hamilton County, Indiana",69208,34539
0500000US18059,18059,"Hancock County, Indiana",-,**
0500000US18063,18063,"Hendricks County, Indiana",32242,29267
0500000US18067,18067,"Howard County, Indiana",30562,13872
0500000US18081,18081,"Johnson County, Indiana",68814,39532
0500000US18089,18089,"Lake County, Indiana",34768,3037
0500000US18091,18091,"LaPorte County, Indiana",46830,23751
0500000US18095,18095,"Madison County, Indiana",17462,9700
0500000US18097,18097,"Marion County, Indiana",32088,1309
0500000US18105,18105,"Monroe County, Indiana",20664,14417
0500000US18109,18109,"Morgan County, Indiana",-,**
0500000US18127,18127,"Porter County, Indiana",40615,13593
0500000US18141,18141,"St. Joseph County, Indiana",26683,6906
0500000US18157,18157,"Tippecanoe County, Indiana",30286,19549
0500000US18163,18163,"Vanderburgh County, Indiana",26052,4021
0500000US18167,18167,"Vigo County, Indiana",27897,7467
0500000US18177,18177,"Wayne County, Indiana",28717,14105
0500000US19013,19013,"Black Hawk County, Iowa",25920,4611
0500000US19049,19049,"Dallas County, Iowa",52144,24711
0500000US19061,19061,"Dubuque County, Iowa",10715,7297
0500000US19103,19103,"Johnson County, Iowa",22872,17955
0500000US19113,19113,"Linn County, Iowa",27454,7686
0500000US19153,19153,"Polk County, Iowa",33581,9054
0500000US19155,19155,"Pottawattamie County, Iowa",44420,34313
0500000US19163,19163,"Scott County, Iowa",30017,9337
0500000US19193,19193,"Woodbury County, Iowa",25414,6357
0500000US20015,20015,"Butler County, Kansas",-,**
0500000US20045,20045,"Douglas County, Kansas",32136,21409
0500000US20091,20091,"Johnson County, Kansas",50830,9137
0500000US20103,20103,"Leavenworth County, Kansas",40747,28694
0500000US20161,20161,"Riley County, Kansas",25367,9410
0500000US20173,20173,"Sedgwick County, Kansas",30105,3473
0500000US20177,20177,"Shawnee County, Kansas",37114,5340
0500000US20209,20209,"Wyandotte County, Kansas",31391,1891
0500000US21015,21015,"Boone County, Kentucky",52012,43597
0500000US21029,21029,"Bullitt County, Kentucky",43800,16090
0500000US21047,21047,"Christian County, Kentucky",27223,12316
0500000US21059,21059,"Daviess County, Kentucky",36954,27525
0500000US21067,21067,"Fayette County, Kentucky",32310,4330
0500000US21093,21093,"Hardin County, Kentucky",43682,12194
0500000US21111,21111,"Jefferson County, Kentucky",32465,2070
0500000US21117,21117,"Kenton County, Kentucky",29759,22130
0500000US21145,21145,"McCracken County, Kentucky",22323,19454
0500000US21185,21185,"Oldham County, Kentucky",105925,100795
0500000US21227,21227,"Warren County, Kentucky",31379,5787
0500000US22005,22005,"Ascension Parish, Louisiana",37372,29156
0500000US22015,22015,"Bossier Parish, Louisiana",27883,5102
0500000US22017,22017,"Caddo Parish, Louisiana",24529,3064
0500000US22019,22019,"Calcasieu Parish, Louisiana",28804,7911
0500000US22033,22033,"East Baton Rouge Parish, Louisiana",35701,3051
0500000US22045,22045,"Iberia Parish, Louisiana",30469,6751
0500000US22051,22051,"Jefferson Parish, Louisiana",31288,2531
0500000US22055,22055,"Lafayette Parish, Louisiana",31542,6307
0500000US22057,22057,"Lafourche Parish, Louisiana",22756,8491
0500000US22063,22063,"Livingston Parish, Louisiana",31950,10809
0500000US22071,22071,"Orleans Parish, Louisiana",25324,1194
0500000US22073,22073,"Ouachita Parish, Louisiana",22473,3322
0500000US22079,22079,"Rapides Parish, Louisiana",26259,2571
0500000US22097,22097,"St. Landry Parish, Louisiana",22248,3018
0500000US22103,22103,"St. Tammany Parish, Louisiana",44313,9957
0500000US22105,22105,"Tangipahoa Parish, Louisiana",29577,8787
0500000US22109,22109,"Terrebonne Parish, Louisiana",26556,5914
0500000US23001,23001,"Androscoggin County, Maine",60640,30107
0500000US23005,23005,"Cumberland County, Maine",31597,7134
0500000US23019,23019,"Penobscot County, Maine",-,**
0500000US23031,23031,"York County, Maine",47549,4164
0500000US24001,24001,"Allegany County, Maryland",31747,17579
0500000US24003,24003,"Anne Arundel County, Maryland",72015,4736
0500000US24005,24005,"Baltimore County, Maryland",71575,3843
0500000US24009,24009,"Calvert County, Maryland",68661,26741
0500000US24013,24013,"Carroll County, Maryland",95092,28050
0500000US24015,24015,"Cecil County, Maryland",48144,19040
0500000US24017,24017,"Charles County, Maryland",95418,6050
0500000US24021,24021,"Frederick County, Maryland",57297,15982
0500000US24025,24025,"Harford County, Maryland",76023,16870
0500000US24027,24027,"Howard County, Maryland",80543,13690
0500000US24031,24031,"Montgomery County, Maryland",69313,3319
0500000US24033,24033,"Prince George's County, Maryland",79082,2239
0500000US24037,24037,"St. Mary's County, Maryland",41565,14359
0500000US24043,24043,"Washington County, Maryland",31702,15096
0500000US24045,24045,"Wicomico County, Maryland",34701,5690
0500000US24510,24510,"Baltimore city, Maryland",37225,2073
0500000US25001,25001,"Barnstable County, Massachusetts",47331,30228
0500000US25003,25003,"Berkshire County, Massachusetts",30563,23563
0500000US25005,25005,"Bristol County, Massachusetts",36729,10637
0500000US25009,25009,"Essex County, Massachusetts",40717,7098
0500000US25013,25013,"Hampden County, Massachusetts",40469,3490
0500000US25015,25015,"Hampshire County, Massachusetts",39147,25684
0500000US25017,25017,"Middlesex County, Massachusetts",57635,9767
0500000US25021,25021,"Norfolk County, Massachusetts",78306,17751
0500000US25023,25023,"Plymouth County, Massachusetts",55020,17894
0500000US25025,25025,"Suffolk County, Massachusetts",41226,3133
0500000US25027,25027,"Worcester County, Massachusetts",50724,7029
0500000US26017,26017,"Bay County, Michigan",35051,18784
0500000US26021,26021,"Berrien County, Michigan",24060,6146
0500000US26025,26025,"Calhoun County, Michigan",29844,11067
0500000US26045,26045,"Eaton County, Michigan",51170,20974
0500000US26049,26049,"Genesee County, Michigan",26586,3072
0500000US26055,26055,"Grand Traverse County, Michigan",-,**
0500000US26065,26065,"Ingham County, Michigan",29503,7423
0500000US26075,26075,"Jackson County, Michigan",25000,11001
0500000US26077,26077,"Kalamazoo County, Michigan",38911,12620
0500000US26081,26081,"Kent County, Michigan",35132,5320
0500000US26091,26091,"Lenawee County, Michigan",26351,25748
0500000US26099,26099,"Macomb County, Michigan",46726,5005
0500000US26103,26103,"Marquette County, Michigan",-,**
0500000US26115,26115,"Monroe County, Michigan",27960,8244
0500000US26121,26121,"Muskegon County, Michigan",26519,2644
0500000US26125,26125,"Oakland County, Michigan",45411,2127
0500000US26145,26145,"Saginaw County, Michigan",27721,4574
0500000US26147,26147,"St. Clair County, Michigan",41995,23419
0500000US26155,26155,"Shiawassee County, Michigan",-,**
0500000US26159,26159,"Van Buren County, Michigan",44022,10847
0500000US26161,26161,"Washtenaw County, Michigan",37150,6676
0500000US26163,26163,"Wayne County, Michigan",29397,1370
0500000US27003,27003,"Anoka County, Minnesota",35131,7736
0500000US27019,27019,"Carver County, Minnesota",60157,49295
0500000US27037,27037,"Dakota County, Minnesota",46946,7700
0500000US27053,27053,"Hennepin County, Minnesota",31599,2623
0500000US27109,27109,"Olmsted County, Minnesota",24755,18814
0500000US27123,27123,"Ramsey County, Minnesota",30613,4179
0500000US27137,27137,"St. Louis County, Minnesota",23534,17772
0500000US27139,27139,"Scott County, Minnesota",61318,54747
0500000US27141,27141,"Sherburne County, Minnesota","2,500-",***
0500000US27145,27145,"Stearns County, Minnesota",14915,3434
0500000US27163,27163,"Washington County, Minnesota",61170,26041
0500000US28033,28033,"DeSoto County, Mississippi",44565,10299
0500000US28035,28035,"Forrest County, Mississippi",32015,9589
0500000US28047,28047,"Harrison County, Mississippi",26636,6174
0500000US28049,28049,"Hinds County, Mississippi",38186,3224
0500000US28059,28059,"Jackson County, Mississippi",35682,13545
0500000US28067,28067,"Jones County, Mississippi",21068,4616
0500000US28075,28075,"Lauderdale County, Mississippi",21982,5522
0500000US28081,28081,"Lee County, Mississippi",32785,5817
0500000US28089,28089,"Madison County, Mississippi",41025,10428
0500000US28121,28121,"Rankin County, Mississippi",48941,8285
0500000US29019,29019,"Boone County, Missouri",31078,9798
0500000US29021,29021,"Buchanan County, Missouri",27265,10170
0500000US29031,29031,"Cape Girardeau County, Missouri",43028,42822
0500000US29037,29037,"Cass County, Missouri",86565,26281
0500000US29043,29043,"Christian County, Missouri",-,**
0500000US29047,29047,"Clay County, Missouri",37256,23183
0500000US29051,29051,"Cole County, Missouri",35124,20262
0500000US29071,29071,"Franklin County, Missouri",-,**
0500000US29077,29077,"Greene County, Missouri",28965,7608
0500000US29095,29095,"Jackson County, Missouri",35562,1719
0500000US29097,29097,"Jasper County, Missouri",42115,26734
0500000US29165,29165,"Platte County, Missouri",41713,36377
0500000US29183,29183,"St. Charles County, Missouri",61442,18703
0500000US29189,29189,"St. Louis County, Missouri",43604,2106
0500000US29510,29510,"St. Louis city, Missouri",27710,1986
0500000US30013,30013,"Cascade County, Montana",46429,40151
0500000US30029,30029,"Flathead County, Montana",-,**
0500000US30031,30031,"Gallatin County, Montana",-,**
0500000US30049,30049,"Lewis and Clark County, Montana",-,**
0500000US30063,30063,"Missoula County, Montana",-,**
0500000US30111,30111,"Yellowstone County, Montana",25665,24747
0500000US31055,31055,"Douglas County, Nebraska",31421,4021
0500000US31109,31109,"Lancaster County, Nebraska",27195,8678
0500000US31153,31153,"Sarpy County, Nebraska",68470,9381
0500000US32003,32003,"Clark County, Nevada",37410,2569
0500000US32031,32031,"Washoe County, Nevada",35726,18184
0500000US33005,33005,"Cheshire County, New Hampshire",34245,13398
0500000US33009,33009,"Grafton County, New Hampshire",96665,913
0500000US33011,33011,"Hillsborough County, New Hampshire",55439,7422
0500000US33013,33013,"Merrimack County, New Hampshire",-,**
0500000US33015,33015,"Rockingham County, New Hampshire",107530,72166
0500000US33017,33017,"Strafford County, New Hampshire",-,**
0500000US34001,34001,"Atlantic County, New Jersey",31634,5151
0500000US34003,34003,"Bergen County, New Jersey",71315,12286
0500000US34005,34005,"Burlington County, New Jersey",68006,6499
0500000US34007,34007,"Camden County, New Jersey",43945,5485
0500000US34009,34009,"Cape May County, New Jersey",30684,15029
0500000US34011,34011,"Cumberland County, New Jersey",30861,7224
0500000US34013,34013,"Essex County, New Jersey",36957,2013
0500000US34015,34015,"Gloucester County, New Jersey",58194,10312
0500000US34017,34017,"Hudson County, New Jersey",48382,5076
0500000US34019,34019,"Hunterdon County, New Jersey",94212,10888
0500000US34021,34021,"Mercer County, New Jersey",40425,10007
0500000US34023,34023,"Middlesex County, New Jersey",79036,7310
0500000US34025,34025,"Monmouth County, New Jersey",51285,7720
0500000US34027,34027,"Morris County, New Jersey",75701,18079
0500000US34029,34029,"Ocean County, New Jersey",50471,15748
0500000US34031,34031,"Passaic County, New Jersey",34336,6670
0500000US34033,34033,"Salem County, New Jersey",28229,9971
0500000US34035,34035,"Somerset County, New Jersey",70854,20016
0500000US34037,34037,"Sussex County, New Jersey",52566,43080
0500000US34039,34039,"Union County, New Jersey",55146,7996
0500000US34041,34041,"Warren County, New Jersey",76558,24611
0500000US35001,35001,"Bernalillo County, New Mexico",45462,5659
0500000US35013,35013,"Doña Ana County, New Mexico",45667,10212
0500000US35031,35031,"McKinley County, New Mexico",-,**
0500000US35035,35035,"Otero County, New Mexico",68047,22566
0500000US35043,35043,"Sandoval County, New Mexico",70761,42092
0500000US35045,35045,"San Juan County, New Mexico",63286,26920
0500000US35049,35049,"Santa Fe County, New Mexico",98625,78755
0500000US36001,36001,"Albany County, New York",27035,7243
0500000US36005,36005,"Bronx County, New York",41675,2137
0500000US36007,36007,"Broome County, New York",21013,10637
0500000US36009,36009,"Cattaraugus County, New York",6395,547
0500000US36013,36013,"Chautauqua County, New York",17086,7168
0500000US36015,36015,"Chemung County, New York",23570,13213
0500000US36027,36027,"Dutchess County, New York",46031,16935
0500000US36029,36029,"Erie County, New York",28249,2816
0500000US36045,36045,"Jefferson County, New York",66866,8970
0500000US36047,36047,"Kings County, New York",46132,1695
0500000US36051,36051,"Livingston County, New York",8835,5915
0500000US36053,36053,"Madison County, New York",-,**
0500000US36055,36055,"Monroe County, New York",30203,2521
0500000US36059,36059,"Nassau County, New York",93547,7304
0500000US36061,36061,"New York County, New York",31489,2155
0500000US36063,36063,"Niagara County, New York",21885,8474
0500000US36065,36065,"Oneida County, New York",24930,9672
0500000US36067,36067,"Onondaga County, New York",26899,4395
0500000US36069,36069,"Ontario County, New York",20951,3093
0500000US36071,36071,"Orange County, New York",55009,20566
0500000US36081,36081,"Queens County, New York",65284,2471
0500000US36083,36083,"Rensselaer County, New York",42480,21447
0500000US36085,36085,"Richmond County, New York",49445,10551
0500000US36087,36087,"Rockland County, New York",70363,11917
0500000US36089,36089,"St. Lawrence County, New York",-,**
0500000US36091,36091,"Saratoga County, New York",73681,593
0500000US36093,36093,"Schenectady County, New York",31685,11161
0500000US36101,36101,"Steuben County, New York",73750,71481
0500000US36103,36103,"Suffolk County, New York",73357,7639
0500000US36105,36105,"Sullivan County, New York",21575,5421
0500000US36111,36111,"Ulster County, New York",25555,7039
0500000US36113,36113,"Warren County, New York",-,**
0500000US36117,36117,"Wayne County, New York",67482,44324
0500000US36119,36119,"Westchester County, New York",57196,5407
0500000US37001,37001,"Alamance County, North Carolina",35255,7785
0500000US37019,37019,"Brunswick County, North Carolina",25113,10686
0500000US37021,37021,"Buncombe County, North Carolina",32577,8393
0500000US37023,37023,"Burke County, North Carolina",40042,18990
0500000US37025,37025,"Cabarrus County, North Carolina",52703,4974
0500000US37027,37027,"Caldwell County, North Carolina",21513,1697
0500000US37031,37031,"Carteret County, North Carolina",32475,30052
0500000US37035,37035,"Catawba County, North Carolina",36834,5934
0500000US37037,37037,"Chatham County, North Carolina",24918,13349
0500000US37045,37045,"Cleveland County, North Carolina",25188,6726
0500000US37049,37049,"Craven County, North Carolina",28990,14282
0500000US37051,37051,"Cumberland County, North Carolina",37001,3731
0500000US37057,37057,"Davidson County, North Carolina",22131,5531
0500000US37063,37063,"Durham County, North Carolina",40912,1752
0500000US37067,37067,"Forsyth County, North Carolina",31192,1666
0500000US37071,37071,"Gaston County, North Carolina",31239,3823
0500000US37081,37081,"Guilford County, North Carolina",33004,2686
0500000US37085,37085,"Harnett County, North Carolina",32325,6164
0500000US37089,37089,"Henderson County, North Carolina",57165,7869
0500000US37097,37097,"Iredell County, North Carolina",35401,13131
0500000US37101,37101,"Johnston County, North Carolina",40931,4609
0500000US37119,37119,"Mecklenburg County, North Carolina",46006,2445
0500000US37125,37125,"Moore County, North Carolina",36864,12202
0500000US37127,37127,"Nash County, North Carolina",35116,6920
0500000US37129,37129,"New Hanover County, North Carolina",23072,3787
0500000US37133,37133,"Onslow County, North Carolina",39802,9745
0500000US37135,37135,"Orange County, North Carolina",43555,16447
0500000US37147,37147,"Pitt County, North Carolina",35471,5161
0500000US37151,37151,"Randolph County, North Carolina",40737,15165
0500000US37155,37155,"Robeson County, North Carolina",31563,3482
0500000US37157,37157,"Rockingham County, North Carolina",28488,5776
0500000US37159,37159,"Rowan County, North Carolina",40153,9903
0500000US37161,37161,"Rutherford County, North Carolina",17361,4455
0500000US37171,37171,"Surry County, North Carolina",32422,11388
0500000US37179,37179,"Union County, North Carolina",49810,9566
0500000US37183,37183,"Wake County, North Carolina",51250,2083
0500000US37191,37191,"Wayne County, North Carolina",27120,4942
0500000US37193,37193,"Wilkes County, North Carolina",58385,10564
0500000US37195,37195,"Wilson County, North Carolina",28085,5433
0500000US38015,38015,"Burleigh County, North Dakota",29578,16244
0500000US38017,38017,"Cass County, North Dakota",19535,7192
0500000US38101,38101,"Ward County, North Dakota",47905,21118
0500000US39003,39003,"Allen County, Ohio",22244,6661
0500000US39007,39007,"Ashtabula County, Ohio",19064,6174
0500000US39017,39017,"Butler County, Ohio",42460,7798
0500000US39023,39023,"Clark County, Ohio",28750,8330
0500000US39035,39035,"Cuyahoga County, Ohio",28837,1648
0500000US39041,39041,"Delaware County, Ohio",84363,32505
0500000US39043,39043,"Erie County, Ohio",32625,14180
0500000US39045,39045,"Fairfield County, Ohio",85717,25999
0500000US39049,39049,"Franklin County, Ohio",35089,2307
0500000US39057,39057,"Greene County, Ohio",51357,21399
0500000US39061,39061,"Hamilton County, Ohio",30801,2148
0500000US39063,39063,"Hancock County, Ohio",190515,122593
0500000US39081,39081,"Jefferson County, Ohio",20946,15995
0500000US39085,39085,"Lake County, Ohio",39682,9249
0500000US39089,39089,"Licking County, Ohio",62576,40034
0500000US39093,39093,"Lorain County, Ohio",27233,6100
0500000US39095,39095,"Lucas County, Ohio",25712,2750
0500000US39099,39099,"Mahoning County, Ohio",23713,2853
0500000US39103,39103,"Medina County, Ohio",65595,16352
0500000US39109,39109,"Miami County, Ohio",29729,11451
0500000US39113,39113,"Montgomery County, Ohio",31384,2115
0500000US39119,39119,"Muskingum County, Ohio",38248,28100
0500000US39133,39133,"Portage County, Ohio",23271,7346
0500000US39139,39139,"Richland County, Ohio",35522,14203
0500000US39151,39151,"Stark County, Ohio",26863,4441
0500000US39153,39153,"Summit County, Ohio",29752,2792
0500000US39155,39155,"Trumbull County, Ohio",18234,4123
0500000US39169,39169,"Wayne County, Ohio",44911,44680
0500000US40017,40017,"Canadian County, Oklahoma",80015,47473
0500000US40027,40027,"Cleveland County, Oklahoma",50929,36126
0500000US40031,40031,"Comanche County, Oklahoma",37176,7967
0500000US40037,40037,"Creek County, Oklahoma",40141,19028
0500000US40101,40101,"Muskogee County, Oklahoma",25996,12782
0500000US40109,40109,"Oklahoma County, Oklahoma",30557,2462
0500000US40125,40125,"Pottawatomie County, Oklahoma",29206,18565
0500000US40131,40131,"Rogers County, Oklahoma",68274,25650
0500000US40143,40143,"Tulsa County, Oklahoma",31154,2891
0500000US40145,40145,"Wagoner County, Oklahoma",50648,42960
0500000US41003,41003,"Benton County, Oregon",-,**
0500000US41017,41017,"Deschutes County, Oregon",-,**
0500000US41019,41019,"Douglas County, Oregon",-,**
0500000US41033,41033,"Josephine County, Oregon",-,**
0500000US41035,41035,"Klamath County, Oregon",-,**
0500000US41039,41039,"Lane County, Oregon",26218,14597
0500000US41043,41043,"Linn County, Oregon",-,**
0500000US41047,41047,"Marion County, Oregon",22731,21422
0500000US41051,41051,"Multnomah County, Oregon",30033,7197
0500000US41053,41053,"Polk County, Oregon",-,**
0500000US41059,41059,"Umatilla County, Oregon",-,**
0500000US41067,41067,"Washington County, Oregon",87884,16901
0500000US41071,41071,"Yamhill County, Oregon",-,**
0500000US42001,42001,"Adams County, Pennsylvania",107779,84653
0500000US42003,42003,"Allegheny County, Pennsylvania",32098,2055
0500000US42005,42005,"Armstrong County, Pennsylvania",-,**
0500000US42007,42007,"Beaver County, Pennsylvania",41092,12371
0500000US42011,42011,"Berks County, Pennsylvania",55371,6800
0500000US42017,42017,"Bucks County, Pennsylvania",50052,8944
0500000US42019,42019,"Butler County, Pennsylvania",65831,35071
0500000US42021,42021,"Cambria County, Pennsylvania",17927,16563
0500000US42025,42025,"Carbon County, Pennsylvania",47784,39324
0500000US42027,42027,"Centre County, Pennsylvania",31734,15581
0500000US42029,42029,"Chester County, Pennsylvania",50420,6208
0500000US42033,42033,"Clearfield County, Pennsylvania",8927,713
0500000US42041,42041,"Cumberland County, Pennsylvania",31722,22493
0500000US42043,42043,"Dauphin County, Pennsylvania",40071,8421
0500000US42045,42045,"Delaware County, Pennsylvania",41230,3247
0500000US42049,42049,"Erie County, Pennsylvania",22362,4669
0500000US42055,42055,"Franklin County, Pennsylvania",42315,34273
0500000US42063,42063,"Indiana County, Pennsylvania","2,500-",***
0500000US42069,42069,"Lackawanna County, Pennsylvania",35127,8986
0500000US42071,42071,"Lancaster County, Pennsylvania",33292,7744
0500000US42073,42073,"Lawrence County, Pennsylvania",23242,9349
0500000US42075,42075,"Lebanon County, Pennsylvania",43750,32619
0500000US42077,42077,"Lehigh County, Pennsylvania",48094,11489
0500000US42079,42079,"Luzerne County, Pennsylvania",18255,5901
0500000US42085,42085,"Mercer County, Pennsylvania",37682,21958
0500000US42089,42089,"Monroe County, Pennsylvania",58448,9095
0500000US42091,42091,"Montgomery County, Pennsylvania",65048,6176
0500000US42095,42095,"Northampton County, Pennsylvania",55967,16706
0500000US42101,42101,"Philadelphia County, Pennsylvania",31737,1294
0500000US42107,42107,"Schuylkill County, Pennsylvania",25680,21759
0500000US42111,42111,"Somerset County, Pennsylvania",-,**
0500000US42125,42125,"Washington County, Pennsylvania",41232,6895
0500000US42129,42129,"Westmoreland County, Pennsylvania",25929,6450
0500000US42133,42133,"York County, Pennsylvania",52018,13305
0500000US44003,44003,"Kent County, Rhode Island",80882,31193
0500000US44005,44005,"Newport County, Rhode Island",54176,4229
0500000US44007,44007,"Providence County, Rhode Island",38907,6780
0500000US45003,45003,"Aiken County, South Carolina",33604,5153
0500000US45007,45007,"Anderson County, South Carolina",24893,9901
0500000US45013,45013,"Beaufort County, South Carolina",30747,5177
0500000US45015,45015,"Berkeley County, South Carolina",46451,7727
0500000US45019,45019,"Charleston County, South Carolina",29166,3138
0500000US45031,45031,"Darlington County, South Carolina",28470,5555
0500000US45035,45035,"Dorchester County, South Carolina",44608,9584
0500000US45041,45041,"Florence County, South Carolina",35706,6153
0500000US45045,45045,"Greenville County, South Carolina",34895,4664
0500000US45047,45047,"Greenwood County, South Carolina",27754,12776
0500000US45051,45051,"Horry County, South Carolina",25169,3678
0500000US45057,45057,"Lancaster County, South Carolina",24870,4574
0500000US45059,45059,"Laurens County, South Carolina",44286,9053
0500000US45063,45063,"Lexington County, South Carolina",41969,7528
0500000US45073,45073,"Oconee County, South Carolina",19359,5209
0500000US45075,45075,"Orangeburg County, South Carolina",27568,4284
0500000US45077,45077,"Pickens County, South Carolina",30948,4465
0500000US45079,45079,"Richland County, South Carolina",42236,5128
0500000US45083,45083,"Spartanburg County, South Carolina",33406,3726
0500000US45085,45085,"Sumter County, South Carolina",28119,7952
0500000US45091,45091,"York County, South Carolina",39544,8012
0500000US46099,46099,"Minnehaha County, South Dakota",44157,17289
0500000US46103,46103,"Pennington County, South Dakota",48638,3811
0500000US47001,47001,"Anderson County, Tennessee",40836,33180
0500000US47009,47009,"Blount County, Tennessee",26159,8221
0500000US47011,47011,"Bradley County, Tennessee",28894,4758
0500000US47037,47037,"Davidson County, Tennessee",38881,2798
0500000US47059,47059,"Greene County, Tennessee",20853,13095
0500000US47065,47065,"Hamilton County, Tennessee",29767,3296
0500000US47093,47093,"Knox County, Tennessee",30309,6272
0500000US47113,47113,"Madison County, Tennessee",35664,8338
0500000US47119,47119,"Maury County, Tennessee",39604,8520
0500000US47125,47125,"Montgomery County, Tennessee",50203,7508
0500000US47141,47141,"Putnam County, Tennessee",-,**
0500000US47147,47147,"Robertson County, Tennessee",36029,23449
0500000US47149,47149,"Rutherford County, Tennessee",50601,8236
0500000US47155,47155,"Sevier County, Tennessee",-,**
0500000US47157,47157,"Shelby County, Tennessee",35664,2246
0500000US47163,47163,"Sullivan County, Tennessee",30607,6131
0500000US47165,47165,"Sumner County, Tennessee",42605,10012
0500000US47179,47179,"Washington County, Tennessee",22668,4382
0500000US47187,47187,"Williamson County, Tennessee",67602,29733
0500000US47189,47189,"Wilson County, Tennessee",57479,18691
0500000US48005,48005,"Angelina County, Texas",32993,12320
0500000US48027,48027,"Bell County, Texas",46850,7927
0500000US48029,48029,"Bexar County, Texas",45332,4365
0500000US48037,48037,"Bowie County, Texas",29945,5498
0500000US48039,48039,"Brazoria County, Texas",62833,18985
0500000US48041,48041,"Brazos County, Texas",27478,8038
0500000US48061,48061,"Cameron County, Texas",73510,31818
0500000US48085,48085,"Collin County, Texas",65014,8281
0500000US48091,48091,"Comal County, Texas",98978,88451
0500000US48099,48099,"Coryell County, Texas",54453,6426
0500000US48113,48113,"Dallas County, Texas",41347,1225
0500000US48121,48121,"Denton County, Texas",58503,4959
0500000US48135,48135,"Ector County, Texas",22649,15171
0500000US48139,48139,"Ellis County, Texas",60344,15577
0500000US48141,48141,"El Paso County, Texas",42280,8570
0500000US48157,48157,"Fort Bend County, Texas",75075,5399
0500000US48167,48167,"Galveston County, Texas",41232,8188
0500000US48181,48181,"Grayson County, Texas",30060,5149
0500000US48183,48183,"Gregg County, Texas",30215,7134
0500000US48187,48187,"Guadalupe County, Texas",83646,14019
0500000US48201,48201,"Harris County, Texas",42697,1710
0500000US48203,48203,"Harrison County, Texas",30173,8067
0500000US48209,48209,"Hays County, Texas",34534,5692
0500000US48213,48213,"Henderson County, Texas",26274,7302
0500000US48215,48215,"Hidalgo County, Texas",112305,17867
0500000US48231,48231,"Hunt County, Texas",34611,20372
0500000US48245,48245,"Jefferson County, Texas",28298,3088
0500000US48257,48257,"Kaufman County, Texas",61173,20488
0500000US48291,48291,"Liberty County, Texas",37113,11366
0500000US48303,48303,"Lubbock County, Texas",42081,8941
0500000US48309,48309,"McLennan County, Texas",27341,5918
0500000US48329,48329,"Midland County, Texas",47058,22822
0500000US48339,48339,"Montgomery County, Texas",85201,26896
0500000US48347,48347,"Nacogdoches County, Texas",19688,3569
0500000US48355,48355,"Nueces County, Texas",41639,13749
0500000US48361,48361,"Orange County, Texas",26124,18505
0500000US48375,48375,"Potter County, Texas",32836,7271
0500000US48381,48381,"Randall County, Texas",43860,19790
0500000US48397,48397,"Rockwall County, Texas",61343,30398
0500000US48423,48423,"Smith County, Texas",27188,8288
0500000US48439,48439,"Tarrant County, Texas",47985,4075
0500000US48441,48441,"Taylor County, Texas",36958,8507
0500000US48451,48451,"Tom Green County, Texas",39369,18812
0500000US48453,48453,"Travis County, Texas",47672,4876
0500000US48469,48469,"Victoria County, Texas",43519,19980
0500000US48471,48471,"Walker County, Texas",32272,18574
0500000US48479,48479,"Webb County, Texas",43516,27064
0500000US48485,48485,"Wichita County, Texas",26026,15904
0500000US48491,48491,"Williamson County, Texas",63351,7435
0500000US49005,49005,"Cache County, Utah",23404,11254
0500000US49035,49035,"Salt Lake County, Utah",27151,15094
0500000US49053,49053,"Washington County, Utah",-,**
0500000US49057,49057,"Weber County, Utah",41387,36169
0500000US50007,50007,"Chittenden County, Vermont",25092,18503
0500000US51003,51003,"Albemarle County, Virginia",56614,7316
0500000US51013,51013,"Arlington County, Virginia",59497,9878
0500000US51015,51015,"Augusta County, Virginia",64625,43711
0500000US51019,51019,"Bedford County, Virginia",32578,25512
0500000US51041,51041,"Chesterfield County, Virginia",68655,10700
0500000US51059,51059,"Fairfax County, Virginia",85362,6270
0500000US51061,51061,"Fauquier County, Virginia",88402,30229
0500000US51085,51085,"Hanover County, Virginia",64605,21430
0500000US51087,51087,"Henrico County, Virginia",51521,7448
0500000US51095,51095,"James City County, Virginia",41905,14694
0500000US51107,51107,"Loudoun County, Virginia",119762,17384
0500000US51153,51153,"Prince William County, Virginia",92497,5895
0500000US51161,51161,"Roanoke County, Virginia",70262,27525
0500000US51165,51165,"Rockingham County, Virginia",105009,97808
0500000US51177,51177,"Spotsylvania County, Virginia",62685,11066
0500000US51179,51179,"Stafford County, Virginia",110993,13823
0500000US51199,51199,"York County, Virginia",67182,24336
0500000US51510,51510,"Alexandria city, Virginia",52416,7784
0500000US51550,51550,"Chesapeake city, Virginia",60655,8187
0500000US51650,51650,"Hampton city, Virginia",47086,5246
0500000US51680,51680,"Lynchburg city, Virginia",31043,3772
0500000US51700,51700,"Newport News city, Virginia",39850,2539
0500000US51710,51710,"Norfolk city, Virginia",31996,3008
0500000US51740,51740,"Portsmouth city, Virginia",37314,7471
0500000US51760,51760,"Richmond city, Virginia",25355,2248
0500000US51770,51770,"Roanoke city, Virginia",27110,6835
0500000US51800,51800,"Suffolk city, Virginia",55275,7153
0500000US51810,51810,"Virginia Beach city, Virginia",57160,3867
0500000US53005,53005,"Benton County, Washington",57952,44848
0500000US53007,53007,"Chelan County, Washington",-,**
0500000US53009,53009,"Clallam County, Washington",30448,10240
0500000US53011,53011,"Clark County, Washington",54398,14479
0500000US53015,53015,"Cowlitz County, Washington",-,**
0500000US53021,53021,"Franklin County, Washington",40714,7674
0500000US53025,53025,"Grant County, Washington",45033,35966
0500000US53029,53029,"Island County, Washington",64725,51778
0500000US53033,53033,"King County, Washington",45797,6297
0500000US53035,53035,"Kitsap County, Washington",35543,25698
0500000US53041,53041,"Lewis County, Washington",-,**
0500000US53053,53053,"Pierce County, Washington",46544,4388
0500000US53061,53061,"Snohomish County, Washington",59337,8342
0500000US53063,53063,"Spokane County, Washington",34545,25006
0500000US53067,53067,"Thurston County, Washington",59426,10838
0500000US53077,53077,"Yakima County, Washington",41352,26936
0500000US54003,54003,"Berkeley County, West Virginia",49626,15844
0500000US54011,54011,"Cabell County, West Virginia",14829,7190
0500000US54033,54033,"Harrison County, West Virginia",34231,22589
0500000US54039,54039,"Kanawha County, West Virginia",26667,2699
0500000US54081,54081,"Raleigh County, West Virginia",37111,29420
0500000US55009,55009,"Brown County, Wisconsin",16758,4814
0500000US55025,55025,"Dane County, Wisconsin",30165,11895
0500000US55027,55027,"Dodge County, Wisconsin",-,**
0500000US55035,55035,"Eau Claire County, Wisconsin",-,**
0500000US55039,55039,"Fond du Lac County, Wisconsin",13975,8996
0500000US55055,55055,"Jefferson County, Wisconsin",-,**
0500000US55059,55059,"Kenosha County, Wisconsin",26641,7392
0500000US55071,55071,"Manitowoc County, Wisconsin",33222,8903
0500000US55073,55073,"Marathon County, Wisconsin",-,**
0500000US55079,55079,"Milwaukee County, Wisconsin",28234,2244
0500000US55087,55087,"Outagamie County, Wisconsin",28284,28365
0500000US55089,55089,"Ozaukee County, Wisconsin",222953,119069
0500000US55097,55097,"Portage County, Wisconsin",-,**
0500000US55101,55101,"Racine County, Wisconsin",21573,5256
0500000US55105,55105,"Rock County, Wisconsin",30334,8690
0500000US55117,55117,"Sheboygan County, Wisconsin",36722,10944
0500000US55131,55131,"Washington County, Wisconsin",91957,23904
0500000US55133,55133,"Waukesha County, Wisconsin",46375,31109
0500000US55139,55139,"Winnebago County, Wisconsin",21650,12575
0500000US56021,56021,"Laramie County, Wyoming",96614,60200
0500000US56025,56025,"Natrona County, Wyoming",38874,15070
