GEO.id,GEO.id2,GEO.display-label,HD01_VD01,HD02_VD01
Id,Id2,Geography,Estimate; Median household income in the past 12 months (in 2012 inflation-adjusted dollars),Margin of Error; Median household income in the past 12 months (in 2012 inflation-adjusted dollars)
0500000US01003,01003,"Baldwin County, Alabama",29033,9882
0500000US01015,01015,"Calhoun County, Alabama",27414,7255
0500000US01051,01051,"Elmore County, Alabama",43713,12450
0500000US01055,01055,"Etowah County, Alabama",30505,8978
0500000US01069,01069,"Houston County, Alabama",23059,3103
0500000US01073,01073,"Jefferson County, Alabama",31660,1114
0500000US01077,01077,"Lauderdale County, Alabama",21345,7073
0500000US01081,01081,"Lee County, Alabama",28571,3300
0500000US01083,01083,"Limestone County, Alabama",37267,10151
0500000US01089,01089,"Madison County, Alabama",34085,5274
0500000US01095,01095,"Marshall County, Alabama",16544,6000
0500000US01097,01097,"Mobile County, Alabama",26205,1273
0500000US01101,01101,"Montgomery County, Alabama",32851,3748
0500000US01103,01103,"Morgan County, Alabama",20411,7207
0500000US01115,01115,"St. Clair County, Alabama",41547,13502
0500000US01117,01117,"Shelby County, Alabama",54167,18051
0500000US01121,01121,"Talladega County, Alabama",20254,2466
0500000US01125,01125,"Tuscaloosa County, Alabama",31574,2964
0500000US01127,01127,"Walker County, Alabama",25330,11039
0500000US02020,02020,"Anchorage Municipality, Alaska",41653,18468
0500000US02090,02090,"Fairbanks North Star Borough, Alaska",55081,40172
0500000US04001,04001,"Apache County, Arizona",-,**
0500000US04003,04003,"Cochise County, Arizona",63710,44508
0500000US04013,04013,"Maricopa County, Arizona",36867,3737
0500000US04017,04017,"Navajo County, Arizona",15525,3959
0500000US04019,04019,"Pima County, Arizona",36593,6048
0500000US04021,04021,"Pinal County, Arizona",56750,11285
0500000US04027,04027,"Yuma County, Arizona",29427,8741
0500000US05007,05007,"Benton County, Arkansas",65140,43285
0500000US05031,05031,"Craighead County, Arkansas",23153,10005
0500000US05045,05045,"Faulkner County, Arkansas",37274,12299
0500000US05051,05051,"Garland County, Arkansas",21024,3352
0500000US05069,05069,"Jefferson County, Arkansas",26546,3926
0500000US05085,05085,"Lonoke County, Arkansas",21667,17579
0500000US05119,05119,"Pulaski County, Arkansas",30652,1892
0500000US05125,05125,"Saline County, Arkansas",58263,14955
0500000US05131,05131,"Sebastian County, Arkansas",20915,8826
0500000US05143,05143,"Washington County, Arkansas",31802,12707
0500000US05145,05145,"White County, Arkansas",17904,6614
0500000US06001,06001,"Alameda County, California",39450,2436
0500000US06007,06007,"Butte County, California",38632,16524
0500000US06013,06013,"Contra Costa County, California",46208,5920
0500000US06017,06017,"El Dorado County, California",93611,53100
0500000US06019,06019,"Fresno County, California",22296,6318
0500000US06023,06023,"Humboldt County, California",45979,31123
0500000US06025,06025,"Imperial County, California",64625,56111
0500000US06029,06029,"Kern County, California",35033,5238
0500000US06031,06031,"Kings County, California",48921,23608
0500000US06033,06033,"Lake County, California",41947,34591
0500000US06037,06037,"Los Angeles County, California",38247,1905
0500000US06039,06039,"Madera County, California",47289,20768
0500000US06041,06041,"Marin County, California",40288,30586
0500000US06045,06045,"Mendocino County, California",16887,2029
0500000US06047,06047,"Merced County, California",33899,18187
0500000US06053,06053,"Monterey County, California",55124,11322
0500000US06055,06055,"Napa County, California",99792,56537
0500000US06057,06057,"Nevada County, California",-,**
0500000US06059,06059,"Orange County, California",61924,5642
0500000US06065,06065,"Riverside County, California",48139,4029
0500000US06067,06067,"Sacramento County, California",35003,4334
0500000US06071,06071,"San Bernardino County, California",40123,4594
0500000US06073,06073,"San Diego County, California",47298,3565
0500000US06075,06075,"San Francisco County, California",23818,9281
0500000US06077,06077,"San Joaquin County, California",40019,14490
0500000US06079,06079,"San Luis Obispo County, California",69020,56202
0500000US06081,06081,"San Mateo County, California",52271,27778
0500000US06083,06083,"Santa Barbara County, California",56400,27454
0500000US06085,06085,"Santa Clara County, California",65347,9720
0500000US06087,06087,"Santa Cruz County, California",120711,43287
0500000US06089,06089,"Shasta County, California",-,**
0500000US06095,06095,"Solano County, California",56634,7833
0500000US06097,06097,"Sonoma County, California",59087,25255
0500000US06099,06099,"Stanislaus County, California",46190,12976
0500000US06101,06101,"Sutter County, California",95851,72106
0500000US06107,06107,"Tulare County, California",19683,18937
0500000US06111,06111,"Ventura County, California",51156,20471
0500000US06113,06113,"Yolo County, California",34219,32882
0500000US06115,06115,"Yuba County, California",70489,14300
0500000US08001,08001,"Adams County, Colorado",33427,4264
0500000US08005,08005,"Arapahoe County, Colorado",44203,4591
0500000US08013,08013,"Boulder County, Colorado",70536,14447
0500000US08031,08031,"Denver County, Colorado",31329,4532
0500000US08035,08035,"Douglas County, Colorado",80932,31661
0500000US08041,08041,"El Paso County, Colorado",44013,2916
0500000US08059,08059,"Jefferson County, Colorado",44074,15078
0500000US08077,08077,"Mesa County, Colorado",90158,86637
0500000US08101,08101,"Pueblo County, Colorado",26860,17828
0500000US08123,08123,"Weld County, Colorado",37694,20847
0500000US09001,09001,"Fairfield County, Connecticut",41252,6477
0500000US09003,09003,"Hartford County, Connecticut",36848,3874
0500000US09005,09005,"Litchfield County, Connecticut",40174,5202
0500000US09009,09009,"New Haven County, Connecticut",35529,2424
0500000US09011,09011,"New London County, Connecticut",46720,13783
0500000US09013,09013,"Tolland County, Connecticut",70347,54464
0500000US09015,09015,"Windham County, Connecticut",45870,12985
0500000US10001,10001,"Kent County, Delaware",43536,3334
0500000US10003,10003,"New Castle County, Delaware",49842,4034
0500000US10005,10005,"Sussex County, Delaware",36575,3140
0500000US11001,11001,"District of Columbia, District of Columbia",39139,2207
0500000US12001,12001,"Alachua County, Florida",22737,3706
0500000US12005,12005,"Bay County, Florida",28993,12425
0500000US12009,12009,"Brevard County, Florida",33006,4703
0500000US12011,12011,"Broward County, Florida",39807,1809
0500000US12015,12015,"Charlotte County, Florida",34014,11435
0500000US12019,12019,"Clay County, Florida",35864,18335
0500000US12021,12021,"Collier County, Florida",26313,4832
0500000US12023,12023,"Columbia County, Florida",35904,17727
0500000US12031,12031,"Duval County, Florida",30018,2117
0500000US12033,12033,"Escambia County, Florida",29899,3460
0500000US12035,12035,"Flagler County, Florida",30011,7435
0500000US12053,12053,"Hernando County, Florida",23858,5899
0500000US12055,12055,"Highlands County, Florida",27058,14958
0500000US12057,12057,"Hillsborough County, Florida",31893,1842
0500000US12061,12061,"Indian River County, Florida",16667,4564
0500000US12069,12069,"Lake County, Florida",33207,8904
0500000US12071,12071,"Lee County, Florida",33990,5354
0500000US12073,12073,"Leon County, Florida",29811,2226
0500000US12081,12081,"Manatee County, Florida",30873,5348
0500000US12083,12083,"Marion County, Florida",32986,3570
0500000US12085,12085,"Martin County, Florida",19844,8440
0500000US12086,12086,"Miami-Dade County, Florida",30783,1292
0500000US12087,12087,"Monroe County, Florida",45899,5905
0500000US12089,12089,"Nassau County, Florida",61349,49817
0500000US12091,12091,"Okaloosa County, Florida",34338,1544
0500000US12095,12095,"Orange County, Florida",33468,2020
0500000US12097,12097,"Osceola County, Florida",39446,5660
0500000US12099,12099,"Palm Beach County, Florida",34450,2029
0500000US12101,12101,"Pasco County, Florida",44113,3001
0500000US12103,12103,"Pinellas County, Florida",28160,2909
0500000US12105,12105,"Polk County, Florida",29878,3935
0500000US12107,12107,"Putnam County, Florida",18789,2202
0500000US12109,12109,"St. Johns County, Florida",37569,26863
0500000US12111,12111,"St. Lucie County, Florida",31738,5376
0500000US12113,12113,"Santa Rosa County, Florida",38371,9374
0500000US12115,12115,"Sarasota County, Florida",34857,10526
0500000US12117,12117,"Seminole County, Florida",37820,7579
0500000US12119,12119,"Sumter County, Florida",21025,11185
0500000US12127,12127,"Volusia County, Florida",26083,2332
0500000US13013,13013,"Barrow County, Georgia",24724,15674
0500000US13015,13015,"Bartow County, Georgia",34114,16696
0500000US13021,13021,"Bibb County, Georgia",26488,2171
0500000US13031,13031,"Bulloch County, Georgia",32732,4274
0500000US13045,13045,"Carroll County, Georgia",24215,8752
0500000US13047,13047,"Catoosa County, Georgia",25396,12375
0500000US13051,13051,"Chatham County, Georgia",30689,3052
0500000US13057,13057,"Cherokee County, Georgia",69503,32791
0500000US13059,13059,"Clarke County, Georgia",24217,3138
0500000US13063,13063,"Clayton County, Georgia",38590,3969
0500000US13067,13067,"Cobb County, Georgia",46143,3371
0500000US13073,13073,"Columbia County, Georgia",60074,11403
0500000US13077,13077,"Coweta County, Georgia",42229,9250
0500000US13089,13089,"DeKalb County, Georgia",40298,1500
0500000US13095,13095,"Dougherty County, Georgia",24449,2514
0500000US13097,13097,"Douglas County, Georgia",43499,3585
0500000US13113,13113,"Fayette County, Georgia",79712,13466
0500000US13115,13115,"Floyd County, Georgia",24250,14676
0500000US13117,13117,"Forsyth County, Georgia",71409,61290
0500000US13121,13121,"Fulton County, Georgia",34479,1701
0500000US13127,13127,"Glynn County, Georgia",23081,4908
0500000US13135,13135,"Gwinnett County, Georgia",45524,2989
0500000US13139,13139,"Hall County, Georgia",27958,7397
0500000US13151,13151,"Henry County, Georgia",57168,6309
0500000US13153,13153,"Houston County, Georgia",46550,10607
0500000US13179,13179,"Liberty County, Georgia",49902,7893
0500000US13185,13185,"Lowndes County, Georgia",26241,4972
0500000US13215,13215,"Muscogee County, Georgia",33058,2628
0500000US13217,13217,"Newton County, Georgia",46298,4686
0500000US13223,13223,"Paulding County, Georgia",66224,3891
0500000US13245,13245,"Richmond County, Georgia",30053,3098
0500000US13247,13247,"Rockdale County, Georgia",46549,8129
0500000US13285,13285,"Troup County, Georgia",22339,5196
0500000US13295,13295,"Walker County, Georgia",36228,3325
0500000US13297,13297,"Walton County, Georgia",35068,6612
0500000US13313,13313,"Whitfield County, Georgia",34933,13924
0500000US15001,15001,"Hawaii County, Hawaii",50828,27770
0500000US15003,15003,"Honolulu County, Hawaii",60555,10546
0500000US15007,15007,"Kauai County, Hawaii",-,**
0500000US15009,15009,"Maui County, Hawaii",53435,8806
0500000US16001,16001,"Ada County, Idaho",52181,27785
0500000US16005,16005,"Bannock County, Idaho",11196,8919
0500000US16019,16019,"Bonneville County, Idaho",67593,64733
0500000US16027,16027,"Canyon County, Idaho",23922,5305
0500000US16055,16055,"Kootenai County, Idaho",-,**
0500000US16083,16083,"Twin Falls County, Idaho",-,**
0500000US17001,17001,"Adams County, Illinois",26111,19823
0500000US17019,17019,"Champaign County, Illinois",22211,7330
0500000US17031,17031,"Cook County, Illinois",32405,950
0500000US17043,17043,"DuPage County, Illinois",41979,6339
0500000US17089,17089,"Kane County, Illinois",32541,3660
0500000US17091,17091,"Kankakee County, Illinois",26404,6934
0500000US17093,17093,"Kendall County, Illinois",82178,36437
0500000US17097,17097,"Lake County, Illinois",44036,5826
0500000US17111,17111,"McHenry County, Illinois",57214,26168
0500000US17113,17113,"McLean County, Illinois",30400,7971
0500000US17115,17115,"Macon County, Illinois",20612,7851
0500000US17119,17119,"Madison County, Illinois",18924,9656
0500000US17143,17143,"Peoria County, Illinois",23010,2695
0500000US17161,17161,"Rock Island County, Illinois",30020,6724
0500000US17163,17163,"St. Clair County, Illinois",25971,2192
0500000US17167,17167,"Sangamon County, Illinois",25670,4177
0500000US17179,17179,"Tazewell County, Illinois",76203,1005
0500000US17183,17183,"Vermilion County, Illinois",36612,10498
0500000US17197,17197,"Will County, Illinois",56688,4036
0500000US17199,17199,"Williamson County, Illinois",26869,7491
0500000US17201,17201,"Winnebago County, Illinois",28197,7523
0500000US18003,18003,"Allen County, Indiana",28227,2943
0500000US18019,18019,"Clark County, Indiana",43095,7595
0500000US18035,18035,"Delaware County, Indiana",33996,3231
0500000US18039,18039,"Elkhart County, Indiana",17354,12480
0500000US18043,18043,"Floyd County, Indiana",22048,7274
0500000US18053,18053,"Grant County, Indiana",21929,5717
0500000US18057,18057,"Hamilton County, Indiana",61519,24361
0500000US18063,18063,"Hendricks County, Indiana",55342,18356
0500000US18067,18067,"Howard County, Indiana",20792,11967
0500000US18081,18081,"Johnson County, Indiana",76987,16888
0500000US18085,18085,"Kosciusko County, Indiana",-,**
0500000US18089,18089,"Lake County, Indiana",26854,1773
0500000US18091,18091,"LaPorte County, Indiana",25285,17725
0500000US18095,18095,"Madison County, Indiana",30657,2971
0500000US18097,18097,"Marion County, Indiana",29224,2502
0500000US18105,18105,"Monroe County, Indiana",50243,38062
0500000US18109,18109,"Morgan County, Indiana",-,**
0500000US18127,18127,"Porter County, Indiana",49013,28136
0500000US18141,18141,"St. Joseph County, Indiana",23525,2914
0500000US18157,18157,"Tippecanoe County, Indiana",21279,9983
0500000US18163,18163,"Vanderburgh County, Indiana",22044,8101
0500000US18167,18167,"Vigo County, Indiana",32544,4994
0500000US18177,18177,"Wayne County, Indiana",16189,6986
0500000US19013,19013,"Black Hawk County, Iowa",23187,9650
0500000US19061,19061,"Dubuque County, Iowa",20630,7427
0500000US19103,19103,"Johnson County, Iowa",24134,11308
0500000US19113,19113,"Linn County, Iowa",37392,24429
0500000US19153,19153,"Polk County, Iowa",23175,5274
0500000US19163,19163,"Scott County, Iowa",30188,6824
0500000US19193,19193,"Woodbury County, Iowa",25235,8623
0500000US20015,20015,"Butler County, Kansas",46536,28508
0500000US20045,20045,"Douglas County, Kansas",35127,27855
0500000US20091,20091,"Johnson County, Kansas",43332,13339
0500000US20103,20103,"Leavenworth County, Kansas",48174,32646
0500000US20173,20173,"Sedgwick County, Kansas",31414,4028
0500000US20177,20177,"Shawnee County, Kansas",23023,12954
0500000US20209,20209,"Wyandotte County, Kansas",27366,4051
0500000US21015,21015,"Boone County, Kentucky",109213,66077
0500000US21029,21029,"Bullitt County, Kentucky",-,**
0500000US21037,21037,"Campbell County, Kentucky",16493,10213
0500000US21047,21047,"Christian County, Kentucky",21659,6233
0500000US21059,21059,"Daviess County, Kentucky",16622,7798
0500000US21067,21067,"Fayette County, Kentucky",27625,3434
0500000US21093,21093,"Hardin County, Kentucky",56329,7853
0500000US21111,21111,"Jefferson County, Kentucky",27120,1891
0500000US21117,21117,"Kenton County, Kentucky",23465,6035
0500000US21145,21145,"McCracken County, Kentucky",26797,4050
0500000US21151,21151,"Madison County, Kentucky",17217,15186
0500000US21195,21195,"Pike County, Kentucky",-,**
0500000US21227,21227,"Warren County, Kentucky",27875,13419
0500000US22005,22005,"Ascension Parish, Louisiana",49236,13676
0500000US22015,22015,"Bossier Parish, Louisiana",36156,8050
0500000US22017,22017,"Caddo Parish, Louisiana",29560,2178
0500000US22019,22019,"Calcasieu Parish, Louisiana",28694,3550
0500000US22033,22033,"East Baton Rouge Parish, Louisiana",33647,2927
0500000US22045,22045,"Iberia Parish, Louisiana",27216,8148
0500000US22051,22051,"Jefferson Parish, Louisiana",33742,4322
0500000US22055,22055,"Lafayette Parish, Louisiana",24400,5092
0500000US22057,22057,"Lafourche Parish, Louisiana",27108,6136
0500000US22063,22063,"Livingston Parish, Louisiana",32768,17120
0500000US22071,22071,"Orleans Parish, Louisiana",23213,2235
0500000US22073,22073,"Ouachita Parish, Louisiana",23733,3318
0500000US22079,22079,"Rapides Parish, Louisiana",26056,3187
0500000US22097,22097,"St. Landry Parish, Louisiana",19971,1889
0500000US22103,22103,"St. Tammany Parish, Louisiana",44419,11288
0500000US22105,22105,"Tangipahoa Parish, Louisiana",19407,2828
0500000US22109,22109,"Terrebonne Parish, Louisiana",27093,8045
0500000US23001,23001,"Androscoggin County, Maine",9361,2513
0500000US23005,23005,"Cumberland County, Maine",24647,10402
0500000US23011,23011,"Kennebec County, Maine",-,**
0500000US23019,23019,"Penobscot County, Maine",38688,12231
0500000US23031,23031,"York County, Maine",82691,5331
0500000US24001,24001,"Allegany County, Maryland",28432,27189
0500000US24003,24003,"Anne Arundel County, Maryland",66714,6656
0500000US24005,24005,"Baltimore County, Maryland",54280,3122
0500000US24009,24009,"Calvert County, Maryland",60578,16998
0500000US24013,24013,"Carroll County, Maryland",60576,17264
0500000US24015,24015,"Cecil County, Maryland",27074,13325
0500000US24017,24017,"Charles County, Maryland",87016,11801
0500000US24021,24021,"Frederick County, Maryland",63222,6801
0500000US24025,24025,"Harford County, Maryland",58832,9653
0500000US24027,24027,"Howard County, Maryland",82083,8170
0500000US24031,24031,"Montgomery County, Maryland",67616,7208
0500000US24033,24033,"Prince George's County, Maryland",70166,2606
0500000US24037,24037,"St. Mary's County, Maryland",65087,21127
0500000US24043,24043,"Washington County, Maryland",53672,14030
0500000US24045,24045,"Wicomico County, Maryland",34542,8460
0500000US24510,24510,"Baltimore city, Maryland",30511,1457
0500000US25001,25001,"Barnstable County, Massachusetts",26500,11190
0500000US25003,25003,"Berkshire County, Massachusetts",28842,6462
0500000US25005,25005,"Bristol County, Massachusetts",43557,13326
0500000US25009,25009,"Essex County, Massachusetts",37361,4510
0500000US25013,25013,"Hampden County, Massachusetts",32088,4810
0500000US25015,25015,"Hampshire County, Massachusetts",27409,27361
0500000US25017,25017,"Middlesex County, Massachusetts",47008,11883
0500000US25021,25021,"Norfolk County, Massachusetts",58187,9346
0500000US25023,25023,"Plymouth County, Massachusetts",49971,12653
0500000US25025,25025,"Suffolk County, Massachusetts",36458,2592
0500000US25027,25027,"Worcester County, Massachusetts",41614,10123
0500000US26005,26005,"Allegan County, Michigan",60216,58039
0500000US26021,26021,"Berrien County, Michigan",19631,2942
0500000US26025,26025,"Calhoun County, Michigan",22816,5363
0500000US26045,26045,"Eaton County, Michigan",45775,9403
0500000US26049,26049,"Genesee County, Michigan",24990,4733
0500000US26055,26055,"Grand Traverse County, Michigan",-,**
0500000US26065,26065,"Ingham County, Michigan",26696,7231
0500000US26073,26073,"Isabella County, Michigan",30195,20276
0500000US26075,26075,"Jackson County, Michigan",23186,10324
0500000US26077,26077,"Kalamazoo County, Michigan",22077,4584
0500000US26081,26081,"Kent County, Michigan",26154,4432
0500000US26087,26087,"Lapeer County, Michigan",-,**
0500000US26099,26099,"Macomb County, Michigan",33371,3447
0500000US26103,26103,"Marquette County, Michigan",-,**
0500000US26115,26115,"Monroe County, Michigan",50341,29749
0500000US26121,26121,"Muskegon County, Michigan",18399,2043
0500000US26125,26125,"Oakland County, Michigan",42915,2451
0500000US26145,26145,"Saginaw County, Michigan",22435,3631
0500000US26147,26147,"St. Clair County, Michigan",16211,5995
0500000US26155,26155,"Shiawassee County, Michigan","2,500-",***
0500000US26161,26161,"Washtenaw County, Michigan",36349,3663
0500000US26163,26163,"Wayne County, Michigan",24910,1114
0500000US27003,27003,"Anoka County, Minnesota",35563,12175
0500000US27013,27013,"Blue Earth County, Minnesota",27481,4790
0500000US27037,27037,"Dakota County, Minnesota",41670,3323
0500000US27053,27053,"Hennepin County, Minnesota",26762,3204
0500000US27123,27123,"Ramsey County, Minnesota",26640,2448
0500000US27139,27139,"Scott County, Minnesota",150215,95056
0500000US27163,27163,"Washington County, Minnesota",39021,31226
0500000US27171,27171,"Wright County, Minnesota","2,500-",***
0500000US28033,28033,"DeSoto County, Mississippi",47250,5761
0500000US28035,28035,"Forrest County, Mississippi",17304,2755
0500000US28047,28047,"Harrison County, Mississippi",26206,5040
0500000US28049,28049,"Hinds County, Mississippi",29608,1906
0500000US28059,28059,"Jackson County, Mississippi",30603,5983
0500000US28067,28067,"Jones County, Mississippi",17367,3304
0500000US28075,28075,"Lauderdale County, Mississippi",22821,2347
0500000US28081,28081,"Lee County, Mississippi",24357,3361
0500000US28089,28089,"Madison County, Mississippi",36327,7146
0500000US28121,28121,"Rankin County, Mississippi",35345,5582
0500000US29019,29019,"Boone County, Missouri",23265,11830
0500000US29031,29031,"Cape Girardeau County, Missouri",19546,13643
0500000US29043,29043,"Christian County, Missouri",80326,24693
0500000US29047,29047,"Clay County, Missouri",39490,2237
0500000US29051,29051,"Cole County, Missouri",22401,4420
0500000US29071,29071,"Franklin County, Missouri",13489,5340
0500000US29077,29077,"Greene County, Missouri",24359,22284
0500000US29095,29095,"Jackson County, Missouri",27479,1891
0500000US29165,29165,"Platte County, Missouri",30267,8691
0500000US29183,29183,"St. Charles County, Missouri",44639,9760
0500000US29187,29187,"St. Francois County, Missouri",-,**
0500000US29189,29189,"St. Louis County, Missouri",35757,2539
0500000US29510,29510,"St. Louis city, Missouri",21931,1723
0500000US30029,30029,"Flathead County, Montana",-,**
0500000US30031,30031,"Gallatin County, Montana",-,**
0500000US30063,30063,"Missoula County, Montana",-,**
0500000US30111,30111,"Yellowstone County, Montana",-,**
0500000US31055,31055,"Douglas County, Nebraska",25773,2827
0500000US31109,31109,"Lancaster County, Nebraska",32451,17550
0500000US31153,31153,"Sarpy County, Nebraska",47045,40311
0500000US32003,32003,"Clark County, Nevada",37520,3360
0500000US32031,32031,"Washoe County, Nevada",17191,8909
0500000US33005,33005,"Cheshire County, New Hampshire",100734,16424
0500000US33009,33009,"Grafton County, New Hampshire",-,**
0500000US33011,33011,"Hillsborough County, New Hampshire",45297,35338
0500000US33013,33013,"Merrimack County, New Hampshire",40504,6600
0500000US33015,33015,"Rockingham County, New Hampshire",78605,11522
0500000US34001,34001,"Atlantic County, New Jersey",34343,6319
0500000US34003,34003,"Bergen County, New Jersey",62830,8676
0500000US34005,34005,"Burlington County, New Jersey",60787,9563
0500000US34007,34007,"Camden County, New Jersey",41567,2979
0500000US34009,34009,"Cape May County, New Jersey",26505,16482
0500000US34011,34011,"Cumberland County, New Jersey",40911,5642
0500000US34013,34013,"Essex County, New Jersey",34378,1465
0500000US34015,34015,"Gloucester County, New Jersey",60778,6424
0500000US34017,34017,"Hudson County, New Jersey",44549,8131
0500000US34019,34019,"Hunterdon County, New Jersey",146221,68140
0500000US34021,34021,"Mercer County, New Jersey",35079,4659
0500000US34023,34023,"Middlesex County, New Jersey",65030,8911
0500000US34025,34025,"Monmouth County, New Jersey",50428,4321
0500000US34027,34027,"Morris County, New Jersey",65198,20143
0500000US34029,34029,"Ocean County, New Jersey",61843,9037
0500000US34031,34031,"Passaic County, New Jersey",28818,6022
0500000US34033,34033,"Salem County, New Jersey",30761,13632
0500000US34035,34035,"Somerset County, New Jersey",70623,8512
0500000US34037,34037,"Sussex County, New Jersey",92525,44360
0500000US34039,34039,"Union County, New Jersey",53548,3771
0500000US34041,34041,"Warren County, New Jersey",72347,48503
0500000US35001,35001,"Bernalillo County, New Mexico",31193,8132
0500000US35013,35013,"Doña Ana County, New Mexico",39286,20529
0500000US35025,35025,"Lea County, New Mexico","2,500-",***
0500000US35031,35031,"McKinley County, New Mexico",-,**
0500000US35045,35045,"San Juan County, New Mexico",39297,2163
0500000US35061,35061,"Valencia County, New Mexico",47644,16676
0500000US36001,36001,"Albany County, New York",34111,8255
0500000US36005,36005,"Bronx County, New York",34904,1532
0500000US36007,36007,"Broome County, New York",31741,9682
0500000US36009,36009,"Cattaraugus County, New York",55625,20040
0500000US36011,36011,"Cayuga County, New York",59334,31176
0500000US36019,36019,"Clinton County, New York",29527,21899
0500000US36027,36027,"Dutchess County, New York",49666,7295
0500000US36029,36029,"Erie County, New York",24400,1859
0500000US36045,36045,"Jefferson County, New York",56767,12830
0500000US36047,36047,"Kings County, New York",40988,783
0500000US36051,36051,"Livingston County, New York",48051,41492
0500000US36055,36055,"Monroe County, New York",26754,1916
0500000US36059,36059,"Nassau County, New York",79557,7307
0500000US36061,36061,"New York County, New York",34013,3224
0500000US36063,36063,"Niagara County, New York",22919,8393
0500000US36065,36065,"Oneida County, New York",21892,5126
0500000US36067,36067,"Onondaga County, New York",22133,3707
0500000US36071,36071,"Orange County, New York",54143,6705
0500000US36075,36075,"Oswego County, New York",117024,29884
0500000US36079,36079,"Putnam County, New York",76319,36177
0500000US36081,36081,"Queens County, New York",56574,2563
0500000US36083,36083,"Rensselaer County, New York",28417,19879
0500000US36085,36085,"Richmond County, New York",44049,7149
0500000US36087,36087,"Rockland County, New York",73130,6578
0500000US36089,36089,"St. Lawrence County, New York",65435,60119
0500000US36091,36091,"Saratoga County, New York",65113,29724
0500000US36093,36093,"Schenectady County, New York",26786,16242
0500000US36101,36101,"Steuben County, New York",25864,20706
0500000US36103,36103,"Suffolk County, New York",65218,3562
0500000US36105,36105,"Sullivan County, New York",22431,3950
0500000US36111,36111,"Ulster County, New York",70227,30801
0500000US36119,36119,"Westchester County, New York",49599,4665
0500000US37001,37001,"Alamance County, North Carolina",32301,8785
0500000US37019,37019,"Brunswick County, North Carolina",31365,4444
0500000US37021,37021,"Buncombe County, North Carolina",13431,7195
0500000US37023,37023,"Burke County, North Carolina",20766,9203
0500000US37025,37025,"Cabarrus County, North Carolina",44576,11254
0500000US37027,37027,"Caldwell County, North Carolina",26071,18411
0500000US37031,37031,"Carteret County, North Carolina",24044,19155
0500000US37035,37035,"Catawba County, North Carolina",22904,7118
0500000US37037,37037,"Chatham County, North Carolina",30055,7981
0500000US37045,37045,"Cleveland County, North Carolina",22278,7324
0500000US37049,37049,"Craven County, North Carolina",26246,8821
0500000US37051,37051,"Cumberland County, North Carolina",38132,2849
0500000US37057,37057,"Davidson County, North Carolina",34708,9606
0500000US37063,37063,"Durham County, North Carolina",37417,6492
0500000US37067,37067,"Forsyth County, North Carolina",27376,2193
0500000US37071,37071,"Gaston County, North Carolina",32880,4122
0500000US37081,37081,"Guilford County, North Carolina",33000,2959
0500000US37085,37085,"Harnett County, North Carolina",27262,7837
0500000US37089,37089,"Henderson County, North Carolina",14562,10193
0500000US37097,37097,"Iredell County, North Carolina",26880,4509
0500000US37101,37101,"Johnston County, North Carolina",40725,5933
0500000US37119,37119,"Mecklenburg County, North Carolina",36650,1484
0500000US37125,37125,"Moore County, North Carolina",30349,5454
0500000US37127,37127,"Nash County, North Carolina",30354,4982
0500000US37129,37129,"New Hanover County, North Carolina",35492,5079
0500000US37133,37133,"Onslow County, North Carolina",42717,5008
0500000US37135,37135,"Orange County, North Carolina",27617,7719
0500000US37147,37147,"Pitt County, North Carolina",26310,2125
0500000US37151,37151,"Randolph County, North Carolina",35467,31070
0500000US37155,37155,"Robeson County, North Carolina",22154,3579
0500000US37157,37157,"Rockingham County, North Carolina",26993,6226
0500000US37159,37159,"Rowan County, North Carolina",30902,4334
0500000US37161,37161,"Rutherford County, North Carolina",30809,19988
0500000US37171,37171,"Surry County, North Carolina",23438,10256
0500000US37179,37179,"Union County, North Carolina",48797,7555
0500000US37183,37183,"Wake County, North Carolina",40791,2724
0500000US37191,37191,"Wayne County, North Carolina",26947,5120
0500000US37195,37195,"Wilson County, North Carolina",21964,4953
0500000US38015,38015,"Burleigh County, North Dakota",61607,26652
0500000US39003,39003,"Allen County, Ohio",24132,7320
0500000US39007,39007,"Ashtabula County, Ohio",25138,12956
0500000US39013,39013,"Belmont County, Ohio",39883,39898
0500000US39017,39017,"Butler County, Ohio",29707,5165
0500000US39023,39023,"Clark County, Ohio",24238,10732
0500000US39025,39025,"Clermont County, Ohio",21115,3157
0500000US39035,39035,"Cuyahoga County, Ohio",24811,1189
0500000US39043,39043,"Erie County, Ohio",26430,1931
0500000US39045,39045,"Fairfield County, Ohio",90486,8915
0500000US39049,39049,"Franklin County, Ohio",32391,1789
0500000US39057,39057,"Greene County, Ohio",35621,15404
0500000US39061,39061,"Hamilton County, Ohio",23410,1641
0500000US39063,39063,"Hancock County, Ohio",15966,15532
0500000US39081,39081,"Jefferson County, Ohio",19596,11943
0500000US39085,39085,"Lake County, Ohio",20965,2606
0500000US39089,39089,"Licking County, Ohio",47448,44032
0500000US39093,39093,"Lorain County, Ohio",24336,7370
0500000US39095,39095,"Lucas County, Ohio",19945,2794
0500000US39099,39099,"Mahoning County, Ohio",21353,1985
0500000US39101,39101,"Marion County, Ohio",31409,16491
0500000US39103,39103,"Medina County, Ohio",38750,34051
0500000US39109,39109,"Miami County, Ohio",57381,52797
0500000US39113,39113,"Montgomery County, Ohio",26868,2252
0500000US39119,39119,"Muskingum County, Ohio",21250,19908
0500000US39139,39139,"Richland County, Ohio",21846,9744
0500000US39141,39141,"Ross County, Ohio",28244,22364
0500000US39151,39151,"Stark County, Ohio",24556,5121
0500000US39153,39153,"Summit County, Ohio",21720,2589
0500000US39155,39155,"Trumbull County, Ohio",24638,5029
0500000US39165,39165,"Warren County, Ohio",72348,19165
0500000US39169,39169,"Wayne County, Ohio",14620,11363
0500000US39173,39173,"Wood County, Ohio",28414,12608
0500000US40017,40017,"Canadian County, Oklahoma",56048,24414
0500000US40027,40027,"Cleveland County, Oklahoma",55376,7931
0500000US40031,40031,"Comanche County, Oklahoma",43376,3862
0500000US40101,40101,"Muskogee County, Oklahoma",26198,9911
0500000US40109,40109,"Oklahoma County, Oklahoma",27277,2190
0500000US40119,40119,"Payne County, Oklahoma",30583,24928
0500000US40125,40125,"Pottawatomie County, Oklahoma",20417,12242
0500000US40131,40131,"Rogers County, Oklahoma",52375,22250
0500000US40143,40143,"Tulsa County, Oklahoma",25984,1634
0500000US40145,40145,"Wagoner County, Oklahoma",51824,48678
0500000US41017,41017,"Deschutes County, Oregon",-,**
0500000US41019,41019,"Douglas County, Oregon",-,**
0500000US41033,41033,"Josephine County, Oregon",-,**
0500000US41035,41035,"Klamath County, Oregon",16167,8049
0500000US41039,41039,"Lane County, Oregon",26405,15897
0500000US41043,41043,"Linn County, Oregon",16351,540
0500000US41051,41051,"Multnomah County, Oregon",26659,11448
0500000US41053,41053,"Polk County, Oregon",-,**
0500000US41067,41067,"Washington County, Oregon",44582,13306
0500000US42003,42003,"Allegheny County, Pennsylvania",28715,1783
0500000US42007,42007,"Beaver County, Pennsylvania",24648,6944
0500000US42011,42011,"Berks County, Pennsylvania",22422,5945
0500000US42013,42013,"Blair County, Pennsylvania",20965,8878
0500000US42017,42017,"Bucks County, Pennsylvania",43200,6203
0500000US42021,42021,"Cambria County, Pennsylvania",11546,2367
0500000US42025,42025,"Carbon County, Pennsylvania",-,**
0500000US42027,42027,"Centre County, Pennsylvania",31512,3832
0500000US42029,42029,"Chester County, Pennsylvania",52738,13666
0500000US42033,42033,"Clearfield County, Pennsylvania",-,**
0500000US42041,42041,"Cumberland County, Pennsylvania",22382,11232
0500000US42043,42043,"Dauphin County, Pennsylvania",37920,6215
0500000US42045,42045,"Delaware County, Pennsylvania",37149,2835
0500000US42049,42049,"Erie County, Pennsylvania",23670,4894
0500000US42051,42051,"Fayette County, Pennsylvania",25541,7247
0500000US42055,42055,"Franklin County, Pennsylvania",31411,18079
0500000US42063,42063,"Indiana County, Pennsylvania",31363,6390
0500000US42069,42069,"Lackawanna County, Pennsylvania",34575,9901
0500000US42071,42071,"Lancaster County, Pennsylvania",35823,5303
0500000US42073,42073,"Lawrence County, Pennsylvania",16288,8444
0500000US42077,42077,"Lehigh County, Pennsylvania",39979,12133
0500000US42079,42079,"Luzerne County, Pennsylvania",19048,13610
0500000US42081,42081,"Lycoming County, Pennsylvania",33936,15754
0500000US42085,42085,"Mercer County, Pennsylvania",31667,7932
0500000US42089,42089,"Monroe County, Pennsylvania",46843,14449
0500000US42091,42091,"Montgomery County, Pennsylvania",53730,6943
0500000US42095,42095,"Northampton County, Pennsylvania",33055,12107
0500000US42097,42097,"Northumberland County, Pennsylvania",26483,11560
0500000US42101,42101,"Philadelphia County, Pennsylvania",27828,1208
0500000US42107,42107,"Schuylkill County, Pennsylvania",38183,16440
0500000US42125,42125,"Washington County, Pennsylvania",19552,14704
0500000US42129,42129,"Westmoreland County, Pennsylvania",24668,10670
0500000US42133,42133,"York County, Pennsylvania",31558,6482
0500000US44007,44007,"Providence County, Rhode Island",34439,5641
0500000US44009,44009,"Washington County, Rhode Island",19635,16255
0500000US45003,45003,"Aiken County, South Carolina",32107,8341
0500000US45007,45007,"Anderson County, South Carolina",24099,3666
0500000US45013,45013,"Beaufort County, South Carolina",35362,6535
0500000US45015,45015,"Berkeley County, South Carolina",35417,4117
0500000US45019,45019,"Charleston County, South Carolina",28391,2900
0500000US45031,45031,"Darlington County, South Carolina",21419,3569
0500000US45035,45035,"Dorchester County, South Carolina",34541,6230
0500000US45041,45041,"Florence County, South Carolina",31592,2680
0500000US45045,45045,"Greenville County, South Carolina",26798,2976
0500000US45047,45047,"Greenwood County, South Carolina",21757,3636
0500000US45051,45051,"Horry County, South Carolina",27229,3868
0500000US45057,45057,"Lancaster County, South Carolina",24004,3457
0500000US45059,45059,"Laurens County, South Carolina",23836,5169
0500000US45063,45063,"Lexington County, South Carolina",37209,4245
0500000US45073,45073,"Oconee County, South Carolina",24967,7459
0500000US45075,45075,"Orangeburg County, South Carolina",27920,3062
0500000US45077,45077,"Pickens County, South Carolina",27137,9062
0500000US45079,45079,"Richland County, South Carolina",35723,3125
0500000US45083,45083,"Spartanburg County, South Carolina",26178,3338
0500000US45085,45085,"Sumter County, South Carolina",31391,5383
0500000US45091,45091,"York County, South Carolina",32257,3002
0500000US46099,46099,"Minnehaha County, South Dakota",26730,3592
0500000US47001,47001,"Anderson County, Tennessee",14791,4385
0500000US47009,47009,"Blount County, Tennessee",25468,11820
0500000US47011,47011,"Bradley County, Tennessee",43035,5032
0500000US47037,47037,"Davidson County, Tennessee",31514,1971
0500000US47059,47059,"Greene County, Tennessee",33177,17166
0500000US47065,47065,"Hamilton County, Tennessee",26880,3341
0500000US47093,47093,"Knox County, Tennessee",27226,4064
0500000US47113,47113,"Madison County, Tennessee",27615,3354
0500000US47119,47119,"Maury County, Tennessee",22363,6969
0500000US47125,47125,"Montgomery County, Tennessee",32099,5284
0500000US47141,47141,"Putnam County, Tennessee",12579,6850
0500000US47147,47147,"Robertson County, Tennessee",48502,15210
0500000US47149,47149,"Rutherford County, Tennessee",46959,9786
0500000US47155,47155,"Sevier County, Tennessee",50131,28307
0500000US47157,47157,"Shelby County, Tennessee",31079,959
0500000US47163,47163,"Sullivan County, Tennessee",36420,20613
0500000US47165,47165,"Sumner County, Tennessee",47056,19853
0500000US47179,47179,"Washington County, Tennessee",16969,2959
0500000US47187,47187,"Williamson County, Tennessee",50453,27702
0500000US47189,47189,"Wilson County, Tennessee",28534,10211
0500000US48005,48005,"Angelina County, Texas",24854,3342
0500000US48021,48021,"Bastrop County, Texas",51378,17581
0500000US48027,48027,"Bell County, Texas",38753,5176
0500000US48029,48029,"Bexar County, Texas",40894,3497
0500000US48037,48037,"Bowie County, Texas",31004,10311
0500000US48039,48039,"Brazoria County, Texas",64432,13979
0500000US48041,48041,"Brazos County, Texas",36053,5493
0500000US48061,48061,"Cameron County, Texas",27424,21342
0500000US48085,48085,"Collin County, Texas",65207,9807
0500000US48091,48091,"Comal County, Texas",66814,37020
0500000US48099,48099,"Coryell County, Texas",46471,10405
0500000US48113,48113,"Dallas County, Texas",35774,1406
0500000US48121,48121,"Denton County, Texas",53385,1756
0500000US48135,48135,"Ector County, Texas",30967,6343
0500000US48139,48139,"Ellis County, Texas",48785,5087
0500000US48141,48141,"El Paso County, Texas",45700,5434
0500000US48157,48157,"Fort Bend County, Texas",70295,7139
0500000US48167,48167,"Galveston County, Texas",37964,6207
0500000US48181,48181,"Grayson County, Texas",21037,18864
0500000US48183,48183,"Gregg County, Texas",24884,6338
0500000US48187,48187,"Guadalupe County, Texas",77218,24120
0500000US48201,48201,"Harris County, Texas",36275,981
0500000US48203,48203,"Harrison County, Texas",27164,11535
0500000US48209,48209,"Hays County, Texas",48327,22505
0500000US48215,48215,"Hidalgo County, Texas",75954,17114
0500000US48245,48245,"Jefferson County, Texas",25924,2977
0500000US48251,48251,"Johnson County, Texas",34690,21001
0500000US48257,48257,"Kaufman County, Texas",35052,13129
0500000US48291,48291,"Liberty County, Texas",31550,22881
0500000US48303,48303,"Lubbock County, Texas",32864,9101
0500000US48309,48309,"McLennan County, Texas",26504,3154
0500000US48329,48329,"Midland County, Texas",40853,20651
0500000US48339,48339,"Montgomery County, Texas",47827,11584
0500000US48347,48347,"Nacogdoches County, Texas",20521,9685
0500000US48355,48355,"Nueces County, Texas",28549,3868
0500000US48361,48361,"Orange County, Texas",43030,7135
0500000US48367,48367,"Parker County, Texas",-,**
0500000US48375,48375,"Potter County, Texas",23984,10879
0500000US48397,48397,"Rockwall County, Texas",88511,59751
0500000US48423,48423,"Smith County, Texas",28831,3907
0500000US48439,48439,"Tarrant County, Texas",38567,2820
0500000US48441,48441,"Taylor County, Texas",30798,8488
0500000US48451,48451,"Tom Green County, Texas",30105,9795
0500000US48453,48453,"Travis County, Texas",40978,2306
0500000US48469,48469,"Victoria County, Texas",21875,16805
0500000US48471,48471,"Walker County, Texas",20969,19829
0500000US48479,48479,"Webb County, Texas",70551,60992
0500000US48485,48485,"Wichita County, Texas",24400,5921
0500000US48491,48491,"Williamson County, Texas",51767,10942
0500000US49005,49005,"Cache County, Utah",-,**
0500000US49011,49011,"Davis County, Utah",68978,52943
0500000US49035,49035,"Salt Lake County, Utah",50043,14050
0500000US49049,49049,"Utah County, Utah",92657,56980
0500000US49053,49053,"Washington County, Utah",36102,34080
0500000US50007,50007,"Chittenden County, Vermont",46465,26723
0500000US51003,51003,"Albemarle County, Virginia",53956,16667
0500000US51013,51013,"Arlington County, Virginia",53864,13368
0500000US51015,51015,"Augusta County, Virginia",47694,36130
0500000US51019,51019,"Bedford County, Virginia",70228,31305
0500000US51041,51041,"Chesterfield County, Virginia",60945,6663
0500000US51059,51059,"Fairfax County, Virginia",74663,7285
0500000US51061,51061,"Fauquier County, Virginia",31845,20796
0500000US51069,51069,"Frederick County, Virginia",80775,70583
0500000US51085,51085,"Hanover County, Virginia",62904,5869
0500000US51087,51087,"Henrico County, Virginia",41573,3242
0500000US51095,51095,"James City County, Virginia",61699,11898
0500000US51107,51107,"Loudoun County, Virginia",101022,12671
0500000US51121,51121,"Montgomery County, Virginia",15231,6907
0500000US51153,51153,"Prince William County, Virginia",80703,6560
0500000US51177,51177,"Spotsylvania County, Virginia",63918,7976
0500000US51179,51179,"Stafford County, Virginia",99452,10638
0500000US51199,51199,"York County, Virginia",41870,5926
0500000US51510,51510,"Alexandria city, Virginia",51668,5155
0500000US51550,51550,"Chesapeake city, Virginia",49756,6381
0500000US51650,51650,"Hampton city, Virginia",37386,3643
0500000US51680,51680,"Lynchburg city, Virginia",25215,6794
0500000US51700,51700,"Newport News city, Virginia",40276,3354
0500000US51710,51710,"Norfolk city, Virginia",30777,3240
0500000US51740,51740,"Portsmouth city, Virginia",32733,4560
0500000US51760,51760,"Richmond city, Virginia",27323,2569
0500000US51770,51770,"Roanoke city, Virginia",30324,8374
0500000US51800,51800,"Suffolk city, Virginia",43626,4320
0500000US51810,51810,"Virginia Beach city, Virginia",50802,6062
0500000US53007,53007,"Chelan County, Washington",-,**
0500000US53009,53009,"Clallam County, Washington","2,500-",***
0500000US53011,53011,"Clark County, Washington",34298,10408
0500000US53015,53015,"Cowlitz County, Washington",47615,45667
0500000US53029,53029,"Island County, Washington",37853,30723
0500000US53033,53033,"King County, Washington",35949,3827
0500000US53035,53035,"Kitsap County, Washington",43257,7712
0500000US53041,53041,"Lewis County, Washington",35806,23729
0500000US53053,53053,"Pierce County, Washington",39157,3394
0500000US53057,53057,"Skagit County, Washington",51420,730
0500000US53061,53061,"Snohomish County, Washington",68592,16882
0500000US53063,53063,"Spokane County, Washington",41570,7823
0500000US53077,53077,"Yakima County, Washington",31645,17863
0500000US54003,54003,"Berkeley County, West Virginia",40920,30379
0500000US54011,54011,"Cabell County, West Virginia",11514,5609
0500000US54033,54033,"Harrison County, West Virginia",32656,29154
0500000US54039,54039,"Kanawha County, West Virginia",30191,10349
0500000US54081,54081,"Raleigh County, West Virginia",20318,11405
0500000US54107,54107,"Wood County, West Virginia",48452,41763
0500000US55009,55009,"Brown County, Wisconsin",35621,4621
0500000US55025,55025,"Dane County, Wisconsin",26423,3930
0500000US55027,55027,"Dodge County, Wisconsin",-,**
0500000US55035,55035,"Eau Claire County, Wisconsin","2,500-",***
0500000US55039,55039,"Fond du Lac County, Wisconsin",11404,774
0500000US55059,55059,"Kenosha County, Wisconsin",19588,5698
0500000US55063,55063,"La Crosse County, Wisconsin",25479,11564
0500000US55071,55071,"Manitowoc County, Wisconsin",-,**
0500000US55073,55073,"Marathon County, Wisconsin","2,500-",***
0500000US55079,55079,"Milwaukee County, Wisconsin",25823,1572
0500000US55087,55087,"Outagamie County, Wisconsin","250,000+",***
0500000US55089,55089,"Ozaukee County, Wisconsin",61447,34368
0500000US55097,55097,"Portage County, Wisconsin",-,**
0500000US55101,55101,"Racine County, Wisconsin",24145,7016
0500000US55105,55105,"Rock County, Wisconsin",33598,6530
0500000US55109,55109,"St. Croix County, Wisconsin",60900,43897
0500000US55117,55117,"Sheboygan County, Wisconsin",28221,18654
0500000US55131,55131,"Washington County, Wisconsin",121667,102171
0500000US55133,55133,"Waukesha County, Wisconsin",38046,27707
0500000US55141,55141,"Wood County, Wisconsin",-,**
0500000US56021,56021,"Laramie County, Wyoming",32036,15379
0500000US56025,56025,"Natrona County, Wyoming",-,**
