GEO.id,GEO.id2,GEO.display-label,HD01_VD01,HD02_VD01
Id,Id2,Geography,Estimate; Median household income in the past 12 months (in 2011 inflation-adjusted dollars),Margin of Error; Median household income in the past 12 months (in 2011 inflation-adjusted dollars)
0500000US01003,01003,"Baldwin County, Alabama",28752,5153
0500000US01015,01015,"Calhoun County, Alabama",29354,9667
0500000US01043,01043,"Cullman County, Alabama",63099,33283
0500000US01049,01049,"DeKalb County, Alabama",27795,24004
0500000US01051,01051,"Elmore County, Alabama",26852,8005
0500000US01055,01055,"Etowah County, Alabama",19901,3692
0500000US01069,01069,"Houston County, Alabama",23325,2989
0500000US01073,01073,"Jefferson County, Alabama",29518,2062
0500000US01077,01077,"Lauderdale County, Alabama",25139,2906
0500000US01081,01081,"Lee County, Alabama",31433,7654
0500000US01083,01083,"Limestone County, Alabama",36314,9198
0500000US01089,01089,"Madison County, Alabama",35168,6878
0500000US01095,01095,"Marshall County, Alabama",24725,10492
0500000US01097,01097,"Mobile County, Alabama",27284,2082
0500000US01101,01101,"Montgomery County, Alabama",32943,2776
0500000US01103,01103,"Morgan County, Alabama",27221,12386
0500000US01115,01115,"St. Clair County, Alabama",48968,48908
0500000US01117,01117,"Shelby County, Alabama",54974,10899
0500000US01121,01121,"Talladega County, Alabama",25016,6006
0500000US01125,01125,"Tuscaloosa County, Alabama",29047,3764
0500000US02020,02020,"Anchorage Municipality, Alaska",51074,28414
0500000US02090,02090,"Fairbanks North Star Borough, Alaska",53478,34734
0500000US04001,04001,"Apache County, Arizona",30981,10345
0500000US04003,04003,"Cochise County, Arizona",101009,43893
0500000US04005,04005,"Coconino County, Arizona",72863,12401
0500000US04013,04013,"Maricopa County, Arizona",36427,3494
0500000US04017,04017,"Navajo County, Arizona",-,**
0500000US04019,04019,"Pima County, Arizona",43711,9706
0500000US04021,04021,"Pinal County, Arizona",37900,20791
0500000US04027,04027,"Yuma County, Arizona",51433,17779
0500000US05031,05031,"Craighead County, Arkansas",19610,6126
0500000US05045,05045,"Faulkner County, Arkansas",27696,8678
0500000US05051,05051,"Garland County, Arkansas",26667,7274
0500000US05069,05069,"Jefferson County, Arkansas",31768,6569
0500000US05085,05085,"Lonoke County, Arkansas",18406,6975
0500000US05119,05119,"Pulaski County, Arkansas",26515,1963
0500000US05125,05125,"Saline County, Arkansas",32274,29404
0500000US05131,05131,"Sebastian County, Arkansas",25507,5256
0500000US05143,05143,"Washington County, Arkansas",31450,6092
0500000US05145,05145,"White County, Arkansas",22418,10220
0500000US06001,06001,"Alameda County, California",42124,4360
0500000US06007,06007,"Butte County, California",11690,1980
0500000US06013,06013,"Contra Costa County, California",46575,6559
0500000US06017,06017,"El Dorado County, California",195201,109223
0500000US06019,06019,"Fresno County, California",27450,10809
0500000US06023,06023,"Humboldt County, California",60750,45818
0500000US06025,06025,"Imperial County, California",50204,47550
0500000US06029,06029,"Kern County, California",20786,6956
0500000US06033,06033,"Lake County, California",26148,13553
0500000US06037,06037,"Los Angeles County, California",36609,1389
0500000US06041,06041,"Marin County, California",24340,7279
0500000US06045,06045,"Mendocino County, California","2,500-",***
0500000US06047,06047,"Merced County, California",20660,15258
0500000US06053,06053,"Monterey County, California",44777,34739
0500000US06055,06055,"Napa County, California",70419,67246
0500000US06057,06057,"Nevada County, California",-,**
0500000US06059,06059,"Orange County, California",62186,9877
0500000US06061,06061,"Placer County, California",90353,28635
0500000US06065,06065,"Riverside County, California",56044,6455
0500000US06067,06067,"Sacramento County, California",39222,4190
0500000US06071,06071,"San Bernardino County, California",36282,3361
0500000US06073,06073,"San Diego County, California",45489,4405
0500000US06075,06075,"San Francisco County, California",30992,11032
0500000US06077,06077,"San Joaquin County, California",41759,9012
0500000US06079,06079,"San Luis Obispo County, California",94571,17194
0500000US06081,06081,"San Mateo County, California",56521,4086
0500000US06083,06083,"Santa Barbara County, California",65548,38149
0500000US06085,06085,"Santa Clara County, California",60769,7451
0500000US06087,06087,"Santa Cruz County, California",44324,27047
0500000US06095,06095,"Solano County, California",46710,5697
0500000US06097,06097,"Sonoma County, California",71369,13500
0500000US06099,06099,"Stanislaus County, California",29100,13633
0500000US06107,06107,"Tulare County, California",26006,19978
0500000US06111,06111,"Ventura County, California",63391,25576
0500000US06113,06113,"Yolo County, California",76417,39370
0500000US06115,06115,"Yuba County, California",34401,15436
0500000US08001,08001,"Adams County, Colorado",46076,13720
0500000US08005,08005,"Arapahoe County, Colorado",41894,4842
0500000US08031,08031,"Denver County, Colorado",27770,5135
0500000US08035,08035,"Douglas County, Colorado",127780,33697
0500000US08041,08041,"El Paso County, Colorado",39953,6662
0500000US08059,08059,"Jefferson County, Colorado",29394,26114
0500000US08069,08069,"Larimer County, Colorado",29781,21075
0500000US08077,08077,"Mesa County, Colorado","2,500-",***
0500000US09001,09001,"Fairfield County, Connecticut",40389,6580
0500000US09003,09003,"Hartford County, Connecticut",40945,4756
0500000US09007,09007,"Middlesex County, Connecticut",54352,6044
0500000US09009,09009,"New Haven County, Connecticut",39499,3019
0500000US09011,09011,"New London County, Connecticut",34034,12023
0500000US09013,09013,"Tolland County, Connecticut",65860,53510
0500000US09015,09015,"Windham County, Connecticut",85933,27991
0500000US10001,10001,"Kent County, Delaware",45854,9145
0500000US10003,10003,"New Castle County, Delaware",43305,6185
0500000US10005,10005,"Sussex County, Delaware",34353,10033
0500000US11001,11001,"District of Columbia, District of Columbia",39302,3027
0500000US12001,12001,"Alachua County, Florida",26288,4012
0500000US12005,12005,"Bay County, Florida",37202,11911
0500000US12009,12009,"Brevard County, Florida",26420,6552
0500000US12011,12011,"Broward County, Florida",39548,2162
0500000US12015,12015,"Charlotte County, Florida",36224,25905
0500000US12019,12019,"Clay County, Florida",44564,5309
0500000US12021,12021,"Collier County, Florida",27930,4446
0500000US12023,12023,"Columbia County, Florida",27262,7888
0500000US12031,12031,"Duval County, Florida",32584,2161
0500000US12033,12033,"Escambia County, Florida",28592,3874
0500000US12053,12053,"Hernando County, Florida",19132,5908
0500000US12055,12055,"Highlands County, Florida",23616,4791
0500000US12057,12057,"Hillsborough County, Florida",31001,2926
0500000US12061,12061,"Indian River County, Florida",27686,9230
0500000US12069,12069,"Lake County, Florida",38316,10050
0500000US12071,12071,"Lee County, Florida",33221,5181
0500000US12073,12073,"Leon County, Florida",29574,5629
0500000US12081,12081,"Manatee County, Florida",29082,5763
0500000US12083,12083,"Marion County, Florida",26107,4626
0500000US12085,12085,"Martin County, Florida",45526,27565
0500000US12086,12086,"Miami-Dade County, Florida",31785,1885
0500000US12087,12087,"Monroe County, Florida",42393,24069
0500000US12089,12089,"Nassau County, Florida",43890,23309
0500000US12091,12091,"Okaloosa County, Florida",31086,4903
0500000US12095,12095,"Orange County, Florida",33530,3089
0500000US12097,12097,"Osceola County, Florida",37154,6618
0500000US12099,12099,"Palm Beach County, Florida",34628,3565
0500000US12101,12101,"Pasco County, Florida",55828,25597
0500000US12103,12103,"Pinellas County, Florida",28944,3662
0500000US12105,12105,"Polk County, Florida",32082,5514
0500000US12107,12107,"Putnam County, Florida",29363,6947
0500000US12109,12109,"St. Johns County, Florida",60104,30721
0500000US12111,12111,"St. Lucie County, Florida",27327,3890
0500000US12113,12113,"Santa Rosa County, Florida",38631,4437
0500000US12115,12115,"Sarasota County, Florida",36245,8359
0500000US12117,12117,"Seminole County, Florida",40024,8225
0500000US12127,12127,"Volusia County, Florida",20577,5512
0500000US13015,13015,"Bartow County, Georgia",32972,24489
0500000US13021,13021,"Bibb County, Georgia",25161,2193
0500000US13031,13031,"Bulloch County, Georgia",22312,11915
0500000US13045,13045,"Carroll County, Georgia",33234,5232
0500000US13051,13051,"Chatham County, Georgia",34257,2296
0500000US13057,13057,"Cherokee County, Georgia",42158,26119
0500000US13059,13059,"Clarke County, Georgia",17426,4252
0500000US13063,13063,"Clayton County, Georgia",38996,3596
0500000US13067,13067,"Cobb County, Georgia",44092,4232
0500000US13073,13073,"Columbia County, Georgia",54736,7073
0500000US13077,13077,"Coweta County, Georgia",32548,10394
0500000US13089,13089,"DeKalb County, Georgia",40221,1864
0500000US13095,13095,"Dougherty County, Georgia",24329,3150
0500000US13097,13097,"Douglas County, Georgia",47153,5522
0500000US13113,13113,"Fayette County, Georgia",68634,24633
0500000US13115,13115,"Floyd County, Georgia",22113,13422
0500000US13121,13121,"Fulton County, Georgia",33031,1787
0500000US13127,13127,"Glynn County, Georgia",26091,5271
0500000US13135,13135,"Gwinnett County, Georgia",50594,2619
0500000US13139,13139,"Hall County, Georgia",42027,12130
0500000US13151,13151,"Henry County, Georgia",57371,7736
0500000US13153,13153,"Houston County, Georgia",40754,8887
0500000US13179,13179,"Liberty County, Georgia",37998,6629
0500000US13185,13185,"Lowndes County, Georgia",21364,3421
0500000US13215,13215,"Muscogee County, Georgia",31403,2449
0500000US13217,13217,"Newton County, Georgia",29622,10617
0500000US13223,13223,"Paulding County, Georgia",53970,11419
0500000US13245,13245,"Richmond County, Georgia",32827,3393
0500000US13247,13247,"Rockdale County, Georgia",52445,8637
0500000US13285,13285,"Troup County, Georgia",26491,3668
0500000US13295,13295,"Walker County, Georgia",20247,19579
0500000US13297,13297,"Walton County, Georgia",24589,6392
0500000US13313,13313,"Whitfield County, Georgia",32152,3302
0500000US15001,15001,"Hawaii County, Hawaii",30694,9593
0500000US15003,15003,"Honolulu County, Hawaii",56292,12166
0500000US15007,15007,"Kauai County, Hawaii",52055,22275
0500000US15009,15009,"Maui County, Hawaii",51272,15395
0500000US16001,16001,"Ada County, Idaho",33355,18882
0500000US16005,16005,"Bannock County, Idaho",-,**
0500000US16019,16019,"Bonneville County, Idaho",-,**
0500000US16055,16055,"Kootenai County, Idaho",-,**
0500000US16083,16083,"Twin Falls County, Idaho",41131,682
0500000US17001,17001,"Adams County, Illinois",14881,14140
0500000US17019,17019,"Champaign County, Illinois",26875,4884
0500000US17031,17031,"Cook County, Illinois",34056,1096
0500000US17037,17037,"DeKalb County, Illinois",21124,12491
0500000US17043,17043,"DuPage County, Illinois",51353,1780
0500000US17089,17089,"Kane County, Illinois",28567,4977
0500000US17091,17091,"Kankakee County, Illinois",27174,7701
0500000US17093,17093,"Kendall County, Illinois",101121,36650
0500000US17097,17097,"Lake County, Illinois",35740,5683
0500000US17099,17099,"LaSalle County, Illinois",33799,20426
0500000US17111,17111,"McHenry County, Illinois",103029,40376
0500000US17113,17113,"McLean County, Illinois",22442,18453
0500000US17115,17115,"Macon County, Illinois",22878,3514
0500000US17119,17119,"Madison County, Illinois",23470,3707
0500000US17143,17143,"Peoria County, Illinois",21783,1885
0500000US17161,17161,"Rock Island County, Illinois",35046,9296
0500000US17163,17163,"St. Clair County, Illinois",26040,3996
0500000US17167,17167,"Sangamon County, Illinois",21460,3799
0500000US17179,17179,"Tazewell County, Illinois",32957,15674
0500000US17183,17183,"Vermilion County, Illinois",17046,3713
0500000US17197,17197,"Will County, Illinois",50707,8359
0500000US17201,17201,"Winnebago County, Illinois",19367,2732
0500000US18003,18003,"Allen County, Indiana",22718,4209
0500000US18019,18019,"Clark County, Indiana",43215,20523
0500000US18035,18035,"Delaware County, Indiana",12741,6765
0500000US18039,18039,"Elkhart County, Indiana",14469,8043
0500000US18043,18043,"Floyd County, Indiana",30625,7324
0500000US18053,18053,"Grant County, Indiana",20714,11032
0500000US18057,18057,"Hamilton County, Indiana",60000,25125
0500000US18059,18059,"Hancock County, Indiana",-,**
0500000US18063,18063,"Hendricks County, Indiana",85014,24597
0500000US18081,18081,"Johnson County, Indiana",115681,71056
0500000US18085,18085,"Kosciusko County, Indiana",45195,22637
0500000US18089,18089,"Lake County, Indiana",30412,2925
0500000US18091,18091,"LaPorte County, Indiana",23395,14802
0500000US18095,18095,"Madison County, Indiana",30733,10930
0500000US18097,18097,"Marion County, Indiana",29363,2202
0500000US18105,18105,"Monroe County, Indiana",13387,4923
0500000US18109,18109,"Morgan County, Indiana",-,**
0500000US18127,18127,"Porter County, Indiana",37399,2918
0500000US18141,18141,"St. Joseph County, Indiana",21164,1879
0500000US18157,18157,"Tippecanoe County, Indiana",27593,27228
0500000US18163,18163,"Vanderburgh County, Indiana",20344,5855
0500000US19013,19013,"Black Hawk County, Iowa",28289,13639
0500000US19049,19049,"Dallas County, Iowa",-,**
0500000US19103,19103,"Johnson County, Iowa",16076,3416
0500000US19113,19113,"Linn County, Iowa",16073,9755
0500000US19153,19153,"Polk County, Iowa",27146,3714
0500000US19155,19155,"Pottawattamie County, Iowa","2,500-",***
0500000US19163,19163,"Scott County, Iowa",30552,13074
0500000US19169,19169,"Story County, Iowa",67528,16020
0500000US20015,20015,"Butler County, Kansas",-,**
0500000US20045,20045,"Douglas County, Kansas",48447,12586
0500000US20091,20091,"Johnson County, Kansas",46054,13870
0500000US20103,20103,"Leavenworth County, Kansas",60382,31231
0500000US20161,20161,"Riley County, Kansas",51320,5923
0500000US20173,20173,"Sedgwick County, Kansas",31035,4011
0500000US20177,20177,"Shawnee County, Kansas",24813,3438
0500000US20209,20209,"Wyandotte County, Kansas",27005,5185
0500000US21015,21015,"Boone County, Kentucky",52876,38106
0500000US21029,21029,"Bullitt County, Kentucky",90426,2125
0500000US21037,21037,"Campbell County, Kentucky",12870,8390
0500000US21047,21047,"Christian County, Kentucky",26332,8223
0500000US21059,21059,"Daviess County, Kentucky",27181,17706
0500000US21067,21067,"Fayette County, Kentucky",26233,4490
0500000US21093,21093,"Hardin County, Kentucky",44169,17860
0500000US21111,21111,"Jefferson County, Kentucky",27727,2054
0500000US21117,21117,"Kenton County, Kentucky",24222,8075
0500000US21145,21145,"McCracken County, Kentucky",15718,10272
0500000US21151,21151,"Madison County, Kentucky",24909,11308
0500000US21195,21195,"Pike County, Kentucky",61224,29732
0500000US21227,21227,"Warren County, Kentucky",31047,11255
0500000US22005,22005,"Ascension Parish, Louisiana",44399,10563
0500000US22015,22015,"Bossier Parish, Louisiana",19338,3474
0500000US22017,22017,"Caddo Parish, Louisiana",26858,2630
0500000US22019,22019,"Calcasieu Parish, Louisiana",25356,4060
0500000US22033,22033,"East Baton Rouge Parish, Louisiana",31620,2312
0500000US22045,22045,"Iberia Parish, Louisiana",30888,3952
0500000US22051,22051,"Jefferson Parish, Louisiana",30999,1609
0500000US22055,22055,"Lafayette Parish, Louisiana",30041,5322
0500000US22057,22057,"Lafourche Parish, Louisiana",27143,5092
0500000US22063,22063,"Livingston Parish, Louisiana",31901,17965
0500000US22071,22071,"Orleans Parish, Louisiana",24385,1817
0500000US22073,22073,"Ouachita Parish, Louisiana",18904,1489
0500000US22079,22079,"Rapides Parish, Louisiana",23977,3655
0500000US22097,22097,"St. Landry Parish, Louisiana",24484,5693
0500000US22103,22103,"St. Tammany Parish, Louisiana",36110,3850
0500000US22105,22105,"Tangipahoa Parish, Louisiana",26922,3813
0500000US22109,22109,"Terrebonne Parish, Louisiana",31766,9143
0500000US23001,23001,"Androscoggin County, Maine",20440,11225
0500000US23003,23003,"Aroostook County, Maine",33140,11475
0500000US23005,23005,"Cumberland County, Maine",23451,13022
0500000US23011,23011,"Kennebec County, Maine",40702,8559
0500000US23031,23031,"York County, Maine",-,**
0500000US24001,24001,"Allegany County, Maryland",11636,10264
0500000US24003,24003,"Anne Arundel County, Maryland",65169,6665
0500000US24005,24005,"Baltimore County, Maryland",54074,3560
0500000US24009,24009,"Calvert County, Maryland",47424,15764
0500000US24013,24013,"Carroll County, Maryland",36926,16721
0500000US24015,24015,"Cecil County, Maryland",46531,6198
0500000US24017,24017,"Charles County, Maryland",87249,7844
0500000US24021,24021,"Frederick County, Maryland",64315,13065
0500000US24025,24025,"Harford County, Maryland",59163,11533
0500000US24027,24027,"Howard County, Maryland",73080,9040
0500000US24031,24031,"Montgomery County, Maryland",62110,4154
0500000US24033,24033,"Prince George's County, Maryland",71818,2185
0500000US24037,24037,"St. Mary's County, Maryland",38947,7662
0500000US24043,24043,"Washington County, Maryland",29653,7088
0500000US24045,24045,"Wicomico County, Maryland",31230,5171
0500000US24510,24510,"Baltimore city, Maryland",31787,1196
0500000US25001,25001,"Barnstable County, Massachusetts",47317,46887
0500000US25003,25003,"Berkshire County, Massachusetts",38780,34943
0500000US25005,25005,"Bristol County, Massachusetts",40993,4257
0500000US25009,25009,"Essex County, Massachusetts",48594,12319
0500000US25011,25011,"Franklin County, Massachusetts",58512,12230
0500000US25013,25013,"Hampden County, Massachusetts",35709,7523
0500000US25015,25015,"Hampshire County, Massachusetts",29690,27535
0500000US25017,25017,"Middlesex County, Massachusetts",41557,4421
0500000US25021,25021,"Norfolk County, Massachusetts",63051,12457
0500000US25023,25023,"Plymouth County, Massachusetts",42368,7344
0500000US25025,25025,"Suffolk County, Massachusetts",34673,3657
0500000US25027,25027,"Worcester County, Massachusetts",41379,7601
0500000US26021,26021,"Berrien County, Michigan",18729,1079
0500000US26025,26025,"Calhoun County, Michigan",24672,2289
0500000US26037,26037,"Clinton County, Michigan",64797,8117
0500000US26045,26045,"Eaton County, Michigan",49627,21190
0500000US26049,26049,"Genesee County, Michigan",24205,1627
0500000US26055,26055,"Grand Traverse County, Michigan",-,**
0500000US26065,26065,"Ingham County, Michigan",31806,4728
0500000US26075,26075,"Jackson County, Michigan",18339,6335
0500000US26077,26077,"Kalamazoo County, Michigan",19400,7715
0500000US26081,26081,"Kent County, Michigan",23700,3846
0500000US26087,26087,"Lapeer County, Michigan",-,**
0500000US26091,26091,"Lenawee County, Michigan",-,**
0500000US26093,26093,"Livingston County, Michigan",56432,49486
0500000US26099,26099,"Macomb County, Michigan",28855,2499
0500000US26103,26103,"Marquette County, Michigan",-,**
0500000US26111,26111,"Midland County, Michigan",92555,56287
0500000US26115,26115,"Monroe County, Michigan",36689,27008
0500000US26121,26121,"Muskegon County, Michigan",20336,5244
0500000US26125,26125,"Oakland County, Michigan",41165,2650
0500000US26139,26139,"Ottawa County, Michigan",39546,38302
0500000US26145,26145,"Saginaw County, Michigan",25265,5363
0500000US26147,26147,"St. Clair County, Michigan",25092,8099
0500000US26155,26155,"Shiawassee County, Michigan",-,**
0500000US26159,26159,"Van Buren County, Michigan",24757,13674
0500000US26161,26161,"Washtenaw County, Michigan",30814,7644
0500000US26163,26163,"Wayne County, Michigan",25845,895
0500000US27003,27003,"Anoka County, Minnesota",49539,10518
0500000US27019,27019,"Carver County, Minnesota",45625,38929
0500000US27037,27037,"Dakota County, Minnesota",44375,9288
0500000US27053,27053,"Hennepin County, Minnesota",27634,2188
0500000US27109,27109,"Olmsted County, Minnesota",38426,23846
0500000US27123,27123,"Ramsey County, Minnesota",23599,3110
0500000US27145,27145,"Stearns County, Minnesota",20340,11431
0500000US27163,27163,"Washington County, Minnesota",67786,5716
0500000US28033,28033,"DeSoto County, Mississippi",38750,6269
0500000US28035,28035,"Forrest County, Mississippi",19258,2028
0500000US28047,28047,"Harrison County, Mississippi",23458,1993
0500000US28049,28049,"Hinds County, Mississippi",30372,2507
0500000US28059,28059,"Jackson County, Mississippi",32250,7873
0500000US28067,28067,"Jones County, Mississippi",26733,5018
0500000US28075,28075,"Lauderdale County, Mississippi",24512,3256
0500000US28081,28081,"Lee County, Mississippi",25053,2893
0500000US28089,28089,"Madison County, Mississippi",31113,6499
0500000US28121,28121,"Rankin County, Mississippi",45651,21789
0500000US29019,29019,"Boone County, Missouri",24790,13250
0500000US29021,29021,"Buchanan County, Missouri",12925,2325
0500000US29037,29037,"Cass County, Missouri",53917,35299
0500000US29043,29043,"Christian County, Missouri",-,**
0500000US29047,29047,"Clay County, Missouri",41984,12374
0500000US29051,29051,"Cole County, Missouri",27601,18397
0500000US29077,29077,"Greene County, Missouri",33332,11233
0500000US29095,29095,"Jackson County, Missouri",29619,2105
0500000US29097,29097,"Jasper County, Missouri",60100,52623
0500000US29099,29099,"Jefferson County, Missouri",36217,19867
0500000US29165,29165,"Platte County, Missouri",50051,28041
0500000US29183,29183,"St. Charles County, Missouri",66683,9506
0500000US29187,29187,"St. Francois County, Missouri",19121,1532
0500000US29189,29189,"St. Louis County, Missouri",37601,2710
0500000US29510,29510,"St. Louis city, Missouri",21862,1861
0500000US30013,30013,"Cascade County, Montana",52500,45368
0500000US30029,30029,"Flathead County, Montana",-,**
0500000US30031,30031,"Gallatin County, Montana",-,**
0500000US30063,30063,"Missoula County, Montana",-,**
0500000US31055,31055,"Douglas County, Nebraska",27040,3180
0500000US31109,31109,"Lancaster County, Nebraska",24188,8519
0500000US31153,31153,"Sarpy County, Nebraska",56221,8833
0500000US32003,32003,"Clark County, Nevada",37107,3589
0500000US32031,32031,"Washoe County, Nevada",23651,12468
0500000US33009,33009,"Grafton County, New Hampshire","2,500-",***
0500000US33011,33011,"Hillsborough County, New Hampshire",45309,12656
0500000US33013,33013,"Merrimack County, New Hampshire",83806,36529
0500000US33015,33015,"Rockingham County, New Hampshire",72335,16087
0500000US34001,34001,"Atlantic County, New Jersey",34001,3672
0500000US34003,34003,"Bergen County, New Jersey",63861,8068
0500000US34005,34005,"Burlington County, New Jersey",60340,6415
0500000US34007,34007,"Camden County, New Jersey",39023,3708
0500000US34009,34009,"Cape May County, New Jersey",40945,18706
0500000US34011,34011,"Cumberland County, New Jersey",42360,7362
0500000US34013,34013,"Essex County, New Jersey",34363,1598
0500000US34015,34015,"Gloucester County, New Jersey",52007,10800
0500000US34017,34017,"Hudson County, New Jersey",41780,5283
0500000US34019,34019,"Hunterdon County, New Jersey",84545,69886
0500000US34021,34021,"Mercer County, New Jersey",41381,7322
0500000US34023,34023,"Middlesex County, New Jersey",61692,5884
0500000US34025,34025,"Monmouth County, New Jersey",42398,7999
0500000US34027,34027,"Morris County, New Jersey",80475,18452
0500000US34029,34029,"Ocean County, New Jersey",47910,20648
0500000US34031,34031,"Passaic County, New Jersey",30181,5066
0500000US34033,34033,"Salem County, New Jersey",27269,10143
0500000US34035,34035,"Somerset County, New Jersey",82000,12754
0500000US34037,34037,"Sussex County, New Jersey",108219,44412
0500000US34039,34039,"Union County, New Jersey",50047,5447
0500000US34041,34041,"Warren County, New Jersey",128043,82150
0500000US35001,35001,"Bernalillo County, New Mexico",30092,14400
0500000US35013,35013,"Doña Ana County, New Mexico",33086,8325
0500000US35025,35025,"Lea County, New Mexico",39821,19674
0500000US35031,35031,"McKinley County, New Mexico",61597,50719
0500000US35035,35035,"Otero County, New Mexico",35582,10778
0500000US35043,35043,"Sandoval County, New Mexico",67088,10650
0500000US35045,35045,"San Juan County, New Mexico",-,**
0500000US35049,35049,"Santa Fe County, New Mexico",46750,30920
0500000US35061,35061,"Valencia County, New Mexico",-,**
0500000US36001,36001,"Albany County, New York",33242,12103
0500000US36005,36005,"Bronx County, New York",34834,1709
0500000US36007,36007,"Broome County, New York",15103,10340
0500000US36013,36013,"Chautauqua County, New York",29113,25275
0500000US36027,36027,"Dutchess County, New York",39201,6667
0500000US36029,36029,"Erie County, New York",22428,2207
0500000US36045,36045,"Jefferson County, New York",51633,18632
0500000US36047,36047,"Kings County, New York",37524,1402
0500000US36053,36053,"Madison County, New York",-,**
0500000US36055,36055,"Monroe County, New York",23877,2682
0500000US36059,36059,"Nassau County, New York",76035,8150
0500000US36061,36061,"New York County, New York",30955,2151
0500000US36063,36063,"Niagara County, New York",23721,5209
0500000US36065,36065,"Oneida County, New York",21286,8144
0500000US36067,36067,"Onondaga County, New York",25651,2677
0500000US36069,36069,"Ontario County, New York",9971,9543
0500000US36071,36071,"Orange County, New York",62906,13426
0500000US36075,36075,"Oswego County, New York",119172,4984
0500000US36079,36079,"Putnam County, New York",143369,28333
0500000US36081,36081,"Queens County, New York",54660,2619
0500000US36083,36083,"Rensselaer County, New York",31417,15875
0500000US36085,36085,"Richmond County, New York",46631,5409
0500000US36087,36087,"Rockland County, New York",75056,11706
0500000US36091,36091,"Saratoga County, New York",29497,12667
0500000US36093,36093,"Schenectady County, New York",18363,4685
0500000US36101,36101,"Steuben County, New York",27632,21071
0500000US36103,36103,"Suffolk County, New York",59884,8848
0500000US36105,36105,"Sullivan County, New York",40534,32531
0500000US36109,36109,"Tompkins County, New York",33899,31791
0500000US36111,36111,"Ulster County, New York",43567,9097
0500000US36117,36117,"Wayne County, New York",22324,5003
0500000US36119,36119,"Westchester County, New York",47354,4147
0500000US37001,37001,"Alamance County, North Carolina",30786,7877
0500000US37019,37019,"Brunswick County, North Carolina",24489,2812
0500000US37021,37021,"Buncombe County, North Carolina",25748,8235
0500000US37023,37023,"Burke County, North Carolina",30240,9161
0500000US37025,37025,"Cabarrus County, North Carolina",33490,4613
0500000US37027,37027,"Caldwell County, North Carolina",7160,5876
0500000US37031,37031,"Carteret County, North Carolina",24837,22283
0500000US37035,37035,"Catawba County, North Carolina",29622,6244
0500000US37045,37045,"Cleveland County, North Carolina",19985,7594
0500000US37049,37049,"Craven County, North Carolina",42620,21491
0500000US37051,37051,"Cumberland County, North Carolina",35172,2532
0500000US37057,37057,"Davidson County, North Carolina",29249,9428
0500000US37063,37063,"Durham County, North Carolina",31691,3643
0500000US37067,37067,"Forsyth County, North Carolina",25884,2100
0500000US37071,37071,"Gaston County, North Carolina",30431,4990
0500000US37081,37081,"Guilford County, North Carolina",32854,2348
0500000US37085,37085,"Harnett County, North Carolina",40222,6785
0500000US37097,37097,"Iredell County, North Carolina",30588,10186
0500000US37101,37101,"Johnston County, North Carolina",30664,12581
0500000US37109,37109,"Lincoln County, North Carolina",32261,7803
0500000US37119,37119,"Mecklenburg County, North Carolina",36494,2338
0500000US37125,37125,"Moore County, North Carolina",24199,9412
0500000US37127,37127,"Nash County, North Carolina",28748,5024
0500000US37129,37129,"New Hanover County, North Carolina",23386,3687
0500000US37133,37133,"Onslow County, North Carolina",26465,8099
0500000US37135,37135,"Orange County, North Carolina",23778,8680
0500000US37147,37147,"Pitt County, North Carolina",25364,4400
0500000US37151,37151,"Randolph County, North Carolina",29500,13851
0500000US37155,37155,"Robeson County, North Carolina",24324,2608
0500000US37157,37157,"Rockingham County, North Carolina",34032,6896
0500000US37159,37159,"Rowan County, North Carolina",23773,2484
0500000US37161,37161,"Rutherford County, North Carolina",23349,14464
0500000US37179,37179,"Union County, North Carolina",45969,11774
0500000US37183,37183,"Wake County, North Carolina",43888,3154
0500000US37191,37191,"Wayne County, North Carolina",33708,8701
0500000US37193,37193,"Wilkes County, North Carolina",25037,7080
0500000US37195,37195,"Wilson County, North Carolina",26759,3339
0500000US38015,38015,"Burleigh County, North Dakota",80085,69785
0500000US38035,38035,"Grand Forks County, North Dakota",25932,19559
0500000US39003,39003,"Allen County, Ohio",17307,3613
0500000US39013,39013,"Belmont County, Ohio",51932,16880
0500000US39017,39017,"Butler County, Ohio",44533,9709
0500000US39023,39023,"Clark County, Ohio",25321,3010
0500000US39025,39025,"Clermont County, Ohio",58395,26756
0500000US39029,39029,"Columbiana County, Ohio",15552,13948
0500000US39035,39035,"Cuyahoga County, Ohio",26068,1115
0500000US39041,39041,"Delaware County, Ohio",75821,42891
0500000US39043,39043,"Erie County, Ohio",30779,18377
0500000US39049,39049,"Franklin County, Ohio",28703,2362
0500000US39057,39057,"Greene County, Ohio",40395,16672
0500000US39061,39061,"Hamilton County, Ohio",24973,2172
0500000US39081,39081,"Jefferson County, Ohio",32982,26515
0500000US39085,39085,"Lake County, Ohio",23793,7434
0500000US39089,39089,"Licking County, Ohio",71121,23006
0500000US39093,39093,"Lorain County, Ohio",25353,3913
0500000US39095,39095,"Lucas County, Ohio",19637,1865
0500000US39099,39099,"Mahoning County, Ohio",19394,3292
0500000US39101,39101,"Marion County, Ohio",33008,15057
0500000US39113,39113,"Montgomery County, Ohio",25793,1917
0500000US39133,39133,"Portage County, Ohio",25857,7428
0500000US39139,39139,"Richland County, Ohio",32462,13601
0500000US39141,39141,"Ross County, Ohio",35060,18809
0500000US39145,39145,"Scioto County, Ohio",52952,46446
0500000US39151,39151,"Stark County, Ohio",24858,5634
0500000US39153,39153,"Summit County, Ohio",28090,5321
0500000US39155,39155,"Trumbull County, Ohio",21721,6102
0500000US39165,39165,"Warren County, Ohio",98818,73886
0500000US39169,39169,"Wayne County, Ohio",36068,28584
0500000US39173,39173,"Wood County, Ohio",61097,29023
0500000US40027,40027,"Cleveland County, Oklahoma",33129,14033
0500000US40031,40031,"Comanche County, Oklahoma",34811,13694
0500000US40037,40037,"Creek County, Oklahoma",15873,5043
0500000US40101,40101,"Muskogee County, Oklahoma",17476,7137
0500000US40109,40109,"Oklahoma County, Oklahoma",30078,2270
0500000US40125,40125,"Pottawatomie County, Oklahoma",20042,3915
0500000US40143,40143,"Tulsa County, Oklahoma",26397,2399
0500000US40145,40145,"Wagoner County, Oklahoma",46250,37281
0500000US41003,41003,"Benton County, Oregon","2,500-",***
0500000US41005,41005,"Clackamas County, Oregon",48293,5370
0500000US41019,41019,"Douglas County, Oregon","2,500-",***
0500000US41029,41029,"Jackson County, Oregon",34393,21656
0500000US41033,41033,"Josephine County, Oregon",50543,2054
0500000US41035,41035,"Klamath County, Oregon",13944,7721
0500000US41039,41039,"Lane County, Oregon",36832,22919
0500000US41051,41051,"Multnomah County, Oregon",28143,7073
0500000US41067,41067,"Washington County, Oregon",68192,52088
0500000US42003,42003,"Allegheny County, Pennsylvania",24838,1614
0500000US42005,42005,"Armstrong County, Pennsylvania",31348,11904
0500000US42007,42007,"Beaver County, Pennsylvania",27639,14731
0500000US42011,42011,"Berks County, Pennsylvania",42760,6640
0500000US42017,42017,"Bucks County, Pennsylvania",44743,12620
0500000US42019,42019,"Butler County, Pennsylvania",40053,7787
0500000US42021,42021,"Cambria County, Pennsylvania",11817,6456
0500000US42025,42025,"Carbon County, Pennsylvania",31283,168
0500000US42027,42027,"Centre County, Pennsylvania",31158,14809
0500000US42029,42029,"Chester County, Pennsylvania",41518,3492
0500000US42033,42033,"Clearfield County, Pennsylvania",58609,408
0500000US42039,42039,"Crawford County, Pennsylvania",18750,2626
0500000US42041,42041,"Cumberland County, Pennsylvania",58233,5107
0500000US42043,42043,"Dauphin County, Pennsylvania",36419,2018
0500000US42045,42045,"Delaware County, Pennsylvania",40374,2826
0500000US42049,42049,"Erie County, Pennsylvania",21143,7670
0500000US42051,42051,"Fayette County, Pennsylvania",21742,20580
0500000US42063,42063,"Indiana County, Pennsylvania",65771,19257
0500000US42071,42071,"Lancaster County, Pennsylvania",21560,4811
0500000US42073,42073,"Lawrence County, Pennsylvania",11761,4536
0500000US42077,42077,"Lehigh County, Pennsylvania",32788,9108
0500000US42079,42079,"Luzerne County, Pennsylvania",20256,5608
0500000US42081,42081,"Lycoming County, Pennsylvania",24793,22808
0500000US42085,42085,"Mercer County, Pennsylvania",23222,4872
0500000US42089,42089,"Monroe County, Pennsylvania",71213,13581
0500000US42091,42091,"Montgomery County, Pennsylvania",52241,8502
0500000US42095,42095,"Northampton County, Pennsylvania",48779,29987
0500000US42101,42101,"Philadelphia County, Pennsylvania",27521,1163
0500000US42107,42107,"Schuylkill County, Pennsylvania",40571,26375
0500000US42125,42125,"Washington County, Pennsylvania",35337,14680
0500000US42129,42129,"Westmoreland County, Pennsylvania",18953,6850
0500000US42133,42133,"York County, Pennsylvania",41508,5271
0500000US44003,44003,"Kent County, Rhode Island",39460,14233
0500000US44005,44005,"Newport County, Rhode Island",45323,35871
0500000US44007,44007,"Providence County, Rhode Island",31628,8125
0500000US44009,44009,"Washington County, Rhode Island",30819,5052
0500000US45003,45003,"Aiken County, South Carolina",28878,5144
0500000US45007,45007,"Anderson County, South Carolina",34009,6738
0500000US45013,45013,"Beaufort County, South Carolina",31766,10397
0500000US45015,45015,"Berkeley County, South Carolina",33761,4711
0500000US45019,45019,"Charleston County, South Carolina",26455,1905
0500000US45031,45031,"Darlington County, South Carolina",26551,3785
0500000US45035,45035,"Dorchester County, South Carolina",36765,2589
0500000US45041,45041,"Florence County, South Carolina",30512,5626
0500000US45045,45045,"Greenville County, South Carolina",28591,3244
0500000US45047,45047,"Greenwood County, South Carolina",17856,3690
0500000US45051,45051,"Horry County, South Carolina",24178,6203
0500000US45057,45057,"Lancaster County, South Carolina",24802,6904
0500000US45059,45059,"Laurens County, South Carolina",30262,10066
0500000US45063,45063,"Lexington County, South Carolina",32256,5495
0500000US45073,45073,"Oconee County, South Carolina",29112,4574
0500000US45075,45075,"Orangeburg County, South Carolina",27007,2995
0500000US45077,45077,"Pickens County, South Carolina",26036,7804
0500000US45079,45079,"Richland County, South Carolina",34747,2774
0500000US45083,45083,"Spartanburg County, South Carolina",26932,4938
0500000US45085,45085,"Sumter County, South Carolina",29244,1817
0500000US45091,45091,"York County, South Carolina",28874,7533
0500000US46099,46099,"Minnehaha County, South Dakota",21286,19258
0500000US46103,46103,"Pennington County, South Dakota",53551,30431
0500000US47001,47001,"Anderson County, Tennessee",55061,13314
0500000US47009,47009,"Blount County, Tennessee",41464,28200
0500000US47037,47037,"Davidson County, Tennessee",29674,2604
0500000US47059,47059,"Greene County, Tennessee",35071,29149
0500000US47065,47065,"Hamilton County, Tennessee",21420,3268
0500000US47093,47093,"Knox County, Tennessee",22295,5798
0500000US47113,47113,"Madison County, Tennessee",24763,6237
0500000US47119,47119,"Maury County, Tennessee",27871,7565
0500000US47125,47125,"Montgomery County, Tennessee",34782,7455
0500000US47141,47141,"Putnam County, Tennessee",75287,64804
0500000US47147,47147,"Robertson County, Tennessee",23563,13354
0500000US47149,47149,"Rutherford County, Tennessee",52638,23091
0500000US47155,47155,"Sevier County, Tennessee",-,**
0500000US47157,47157,"Shelby County, Tennessee",32235,1722
0500000US47163,47163,"Sullivan County, Tennessee",26616,11994
0500000US47165,47165,"Sumner County, Tennessee",36163,9760
0500000US47179,47179,"Washington County, Tennessee",48239,25572
0500000US47187,47187,"Williamson County, Tennessee",56520,28523
0500000US47189,47189,"Wilson County, Tennessee",28142,7507
0500000US48005,48005,"Angelina County, Texas",34417,4787
0500000US48027,48027,"Bell County, Texas",41633,5624
0500000US48029,48029,"Bexar County, Texas",38326,4467
0500000US48037,48037,"Bowie County, Texas",24375,6642
0500000US48039,48039,"Brazoria County, Texas",48192,9528
0500000US48041,48041,"Brazos County, Texas",19549,3969
0500000US48061,48061,"Cameron County, Texas",73353,11043
0500000US48085,48085,"Collin County, Texas",66114,5030
0500000US48091,48091,"Comal County, Texas",70586,33177
0500000US48099,48099,"Coryell County, Texas",49279,8056
0500000US48113,48113,"Dallas County, Texas",36211,1224
0500000US48121,48121,"Denton County, Texas",43591,6783
0500000US48135,48135,"Ector County, Texas",43013,16754
0500000US48139,48139,"Ellis County, Texas",32889,13428
0500000US48141,48141,"El Paso County, Texas",59270,7439
0500000US48157,48157,"Fort Bend County, Texas",64030,5280
0500000US48167,48167,"Galveston County, Texas",37961,6836
0500000US48181,48181,"Grayson County, Texas",22721,4982
0500000US48183,48183,"Gregg County, Texas",27479,5140
0500000US48187,48187,"Guadalupe County, Texas",52561,9790
0500000US48201,48201,"Harris County, Texas",35024,1607
0500000US48203,48203,"Harrison County, Texas",31083,12054
0500000US48213,48213,"Henderson County, Texas",33719,13502
0500000US48231,48231,"Hunt County, Texas",49257,6123
0500000US48245,48245,"Jefferson County, Texas",28561,3404
0500000US48251,48251,"Johnson County, Texas",45659,12203
0500000US48257,48257,"Kaufman County, Texas",42813,22313
0500000US48291,48291,"Liberty County, Texas",25115,5437
0500000US48303,48303,"Lubbock County, Texas",28943,3618
0500000US48309,48309,"McLennan County, Texas",24400,7780
0500000US48329,48329,"Midland County, Texas",34782,13121
0500000US48339,48339,"Montgomery County, Texas",40561,17043
0500000US48347,48347,"Nacogdoches County, Texas",24285,8723
0500000US48355,48355,"Nueces County, Texas",31768,12903
0500000US48361,48361,"Orange County, Texas",19093,7037
0500000US48375,48375,"Potter County, Texas",26261,5937
0500000US48397,48397,"Rockwall County, Texas",74794,36693
0500000US48409,48409,"San Patricio County, Texas",21751,18209
0500000US48423,48423,"Smith County, Texas",31621,6108
0500000US48439,48439,"Tarrant County, Texas",38379,3697
0500000US48441,48441,"Taylor County, Texas",26927,14624
0500000US48451,48451,"Tom Green County, Texas",32146,17710
0500000US48453,48453,"Travis County, Texas",34361,3882
0500000US48469,48469,"Victoria County, Texas",54309,37683
0500000US48471,48471,"Walker County, Texas",17071,14406
0500000US48479,48479,"Webb County, Texas",-,**
0500000US48485,48485,"Wichita County, Texas",29646,5869
0500000US48491,48491,"Williamson County, Texas",42654,11441
0500000US49011,49011,"Davis County, Utah",41886,36995
0500000US49035,49035,"Salt Lake County, Utah",32714,8928
0500000US49057,49057,"Weber County, Utah",60420,40535
0500000US51003,51003,"Albemarle County, Virginia",18835,14487
0500000US51013,51013,"Arlington County, Virginia",61835,26704
0500000US51015,51015,"Augusta County, Virginia",23347,10154
0500000US51019,51019,"Bedford County, Virginia",44752,23706
0500000US51041,51041,"Chesterfield County, Virginia",66931,8934
0500000US51059,51059,"Fairfax County, Virginia",77918,6254
0500000US51069,51069,"Frederick County, Virginia",95750,33023
0500000US51085,51085,"Hanover County, Virginia",33151,9249
0500000US51087,51087,"Henrico County, Virginia",45824,4782
0500000US51095,51095,"James City County, Virginia",31970,18434
0500000US51107,51107,"Loudoun County, Virginia",92204,23955
0500000US51121,51121,"Montgomery County, Virginia",65451,36622
0500000US51153,51153,"Prince William County, Virginia",81103,5441
0500000US51161,51161,"Roanoke County, Virginia",37016,20386
0500000US51165,51165,"Rockingham County, Virginia",68735,5016
0500000US51177,51177,"Spotsylvania County, Virginia",63461,12744
0500000US51179,51179,"Stafford County, Virginia",96306,13974
0500000US51199,51199,"York County, Virginia",64192,31490
0500000US51510,51510,"Alexandria city, Virginia",53460,11151
0500000US51550,51550,"Chesapeake city, Virginia",49707,8302
0500000US51650,51650,"Hampton city, Virginia",41231,5456
0500000US51680,51680,"Lynchburg city, Virginia",22794,6884
0500000US51700,51700,"Newport News city, Virginia",38756,4335
0500000US51710,51710,"Norfolk city, Virginia",32978,2707
0500000US51740,51740,"Portsmouth city, Virginia",35363,5463
0500000US51760,51760,"Richmond city, Virginia",27655,2857
0500000US51770,51770,"Roanoke city, Virginia",29113,4049
0500000US51800,51800,"Suffolk city, Virginia",49561,14028
0500000US51810,51810,"Virginia Beach city, Virginia",50949,2922
0500000US53005,53005,"Benton County, Washington",33936,18147
0500000US53007,53007,"Chelan County, Washington","2,500-",***
0500000US53009,53009,"Clallam County, Washington",-,**
0500000US53011,53011,"Clark County, Washington",41937,7634
0500000US53021,53021,"Franklin County, Washington",-,**
0500000US53027,53027,"Grays Harbor County, Washington",15960,3285
0500000US53029,53029,"Island County, Washington",61095,41298
0500000US53033,53033,"King County, Washington",36922,5891
0500000US53035,53035,"Kitsap County, Washington",48070,23294
0500000US53041,53041,"Lewis County, Washington",-,**
0500000US53053,53053,"Pierce County, Washington",41611,4891
0500000US53057,53057,"Skagit County, Washington",57339,12004
0500000US53061,53061,"Snohomish County, Washington",35348,16527
0500000US53063,53063,"Spokane County, Washington",33847,16363
0500000US53067,53067,"Thurston County, Washington",60591,34280
0500000US53077,53077,"Yakima County, Washington",21277,6296
0500000US54003,54003,"Berkeley County, West Virginia",66001,28124
0500000US54033,54033,"Harrison County, West Virginia",28539,8992
0500000US54039,54039,"Kanawha County, West Virginia",24948,9932
0500000US54061,54061,"Monongalia County, West Virginia",53116,27678
0500000US54081,54081,"Raleigh County, West Virginia",18361,10752
0500000US55009,55009,"Brown County, Wisconsin",27765,22552
0500000US55025,55025,"Dane County, Wisconsin",20664,9078
0500000US55027,55027,"Dodge County, Wisconsin",-,**
0500000US55035,55035,"Eau Claire County, Wisconsin",-,**
0500000US55039,55039,"Fond du Lac County, Wisconsin",60987,37282
0500000US55055,55055,"Jefferson County, Wisconsin",37500,28754
0500000US55059,55059,"Kenosha County, Wisconsin",25476,12790
0500000US55063,55063,"La Crosse County, Wisconsin",41938,10015
0500000US55071,55071,"Manitowoc County, Wisconsin",-,**
0500000US55073,55073,"Marathon County, Wisconsin",-,**
0500000US55079,55079,"Milwaukee County, Wisconsin",24074,1822
0500000US55089,55089,"Ozaukee County, Wisconsin",75852,64623
0500000US55097,55097,"Portage County, Wisconsin",-,**
0500000US55101,55101,"Racine County, Wisconsin",25100,4021
0500000US55105,55105,"Rock County, Wisconsin",19141,5165
0500000US55109,55109,"St. Croix County, Wisconsin",13879,559
0500000US55127,55127,"Walworth County, Wisconsin",102582,80717
0500000US55131,55131,"Washington County, Wisconsin",-,**
0500000US55133,55133,"Waukesha County, Wisconsin",40813,22326
0500000US55141,55141,"Wood County, Wisconsin",-,**
