GEO.id,GEO.id2,GEO.display-label,HD01_VD01,HD02_VD01
Id,Id2,Geography,Estimate; Median household income in the past 12 months (in 2014 Inflation-adjusted dollars),Margin of Error; Median household income in the past 12 months (in 2014 Inflation-adjusted dollars)
0500000US01003,01003,"Baldwin County, Alabama",48461,3434
0500000US01015,01015,"Calhoun County, Alabama",41428,2300
0500000US01043,01043,"Cullman County, Alabama",38261,4000
0500000US01049,01049,"DeKalb County, Alabama",35023,7253
0500000US01051,01051,"Elmore County, Alabama",55530,5844
0500000US01055,01055,"Etowah County, Alabama",40529,2807
0500000US01069,01069,"Houston County, Alabama",39543,2187
0500000US01073,01073,"Jefferson County, Alabama",44646,1783
0500000US01077,01077,"Lauderdale County, Alabama",40309,3318
0500000US01081,01081,"Lee County, Alabama",39932,3096
0500000US01083,01083,"Limestone County, Alabama",49672,4555
0500000US01089,01089,"Madison County, Alabama",58339,3599
0500000US01095,01095,"Marshall County, Alabama",33446,3712
0500000US01097,01097,"Mobile County, Alabama",43642,2450
0500000US01101,01101,"Montgomery County, Alabama",43346,3235
0500000US01103,01103,"Morgan County, Alabama",44708,3183
0500000US01115,01115,"St. Clair County, Alabama",50146,4465
0500000US01117,01117,"Shelby County, Alabama",67754,4639
0500000US01121,01121,"Talladega County, Alabama",39971,4241
0500000US01125,01125,"Tuscaloosa County, Alabama",47531,2660
0500000US01127,01127,"Walker County, Alabama",35495,4993
0500000US02020,02020,"Anchorage Municipality, Alaska",76337,3965
0500000US02090,02090,"Fairbanks North Star Borough, Alaska",69820,6748
0500000US02170,02170,"Matanuska-Susitna Borough, Alaska",73831,3106
0500000US04001,04001,"Apache County, Arizona",33076,3818
0500000US04003,04003,"Cochise County, Arizona",45688,2754
0500000US04005,04005,"Coconino County, Arizona",49757,5462
0500000US04013,04013,"Maricopa County, Arizona",53896,933
0500000US04015,04015,"Mohave County, Arizona",37674,2295
0500000US04017,04017,"Navajo County, Arizona",34600,4016
0500000US04019,04019,"Pima County, Arizona",45856,1267
0500000US04021,04021,"Pinal County, Arizona",49867,2461
0500000US04025,04025,"Yavapai County, Arizona",44255,1978
0500000US04027,04027,"Yuma County, Arizona",40008,2339
0500000US05007,05007,"Benton County, Arkansas",56981,3951
0500000US05031,05031,"Craighead County, Arkansas",42691,3605
0500000US05045,05045,"Faulkner County, Arkansas",51650,4292
0500000US05051,05051,"Garland County, Arkansas",41032,3008
0500000US05069,05069,"Jefferson County, Arkansas",32433,5327
0500000US05085,05085,"Lonoke County, Arkansas",54545,4640
0500000US05119,05119,"Pulaski County, Arkansas",44860,2787
0500000US05125,05125,"Saline County, Arkansas",53926,4798
0500000US05131,05131,"Sebastian County, Arkansas",38418,3082
0500000US05143,05143,"Washington County, Arkansas",45034,2987
0500000US05145,05145,"White County, Arkansas",39340,6333
0500000US06001,06001,"Alameda County, California",77214,1363
0500000US06007,06007,"Butte County, California",42365,2303
0500000US06013,06013,"Contra Costa County, California",80361,1989
0500000US06017,06017,"El Dorado County, California",71113,5901
0500000US06019,06019,"Fresno County, California",43423,2016
0500000US06023,06023,"Humboldt County, California",40598,3137
0500000US06025,06025,"Imperial County, California",39290,5526
0500000US06029,06029,"Kern County, California",47644,2483
0500000US06031,06031,"Kings County, California",42784,4703
0500000US06033,06033,"Lake County, California",34529,4804
0500000US06037,06037,"Los Angeles County, California",55746,585
0500000US06039,06039,"Madera County, California",42433,3906
0500000US06041,06041,"Marin County, California",95749,8275
0500000US06045,06045,"Mendocino County, California",42660,3536
0500000US06047,06047,"Merced County, California",44084,3060
0500000US06053,06053,"Monterey County, California",57864,2369
0500000US06055,06055,"Napa County, California",74123,5828
0500000US06057,06057,"Nevada County, California",56917,6308
0500000US06059,06059,"Orange County, California",76306,1371
0500000US06061,06061,"Placer County, California",75390,2716
0500000US06065,06065,"Riverside County, California",57006,949
0500000US06067,06067,"Sacramento County, California",55842,1118
0500000US06071,06071,"San Bernardino County, California",52041,919
0500000US06073,06073,"San Diego County, California",66192,1085
0500000US06075,06075,"San Francisco County, California",85070,3216
0500000US06077,06077,"San Joaquin County, California",51659,1352
0500000US06079,06079,"San Luis Obispo County, California",63474,4084
0500000US06081,06081,"San Mateo County, California",101051,1495
0500000US06083,06083,"Santa Barbara County, California",63833,3988
0500000US06085,06085,"Santa Clara County, California",97532,2089
0500000US06087,06087,"Santa Cruz County, California",65368,5854
0500000US06089,06089,"Shasta County, California",43706,2646
0500000US06095,06095,"Solano County, California",67999,3930
0500000US06097,06097,"Sonoma County, California",67771,3392
0500000US06099,06099,"Stanislaus County, California",51084,1346
0500000US06101,06101,"Sutter County, California",54433,4538
0500000US06107,06107,"Tulare County, California",42611,2208
0500000US06111,06111,"Ventura County, California",75449,2069
0500000US06113,06113,"Yolo County, California",53765,3809
0500000US06115,06115,"Yuba County, California",42143,6512
0500000US08001,08001,"Adams County, Colorado",59659,2189
0500000US08005,08005,"Arapahoe County, Colorado",65327,1919
0500000US08013,08013,"Boulder County, Colorado",71540,3599
0500000US08031,08031,"Denver County, Colorado",54941,1939
0500000US08035,08035,"Douglas County, Colorado",103226,5337
0500000US08041,08041,"El Paso County, Colorado",59446,2297
0500000US08059,08059,"Jefferson County, Colorado",70714,1353
0500000US08069,08069,"Larimer County, Colorado",56575,2946
0500000US08077,08077,"Mesa County, Colorado",50174,4284
0500000US08101,08101,"Pueblo County, Colorado",41047,2628
0500000US08123,08123,"Weld County, Colorado",62083,3119
0500000US09001,09001,"Fairfield County, Connecticut",85925,2989
0500000US09003,09003,"Hartford County, Connecticut",65894,1553
0500000US09005,09005,"Litchfield County, Connecticut",73756,2740
0500000US09007,09007,"Middlesex County, Connecticut",75876,5307
0500000US09009,09009,"New Haven County, Connecticut",60391,1619
0500000US09011,09011,"New London County, Connecticut",66148,2453
0500000US09013,09013,"Tolland County, Connecticut",78786,3407
0500000US09015,09015,"Windham County, Connecticut",59195,5865
0500000US10001,10001,"Kent County, Delaware",55227,3222
0500000US10003,10003,"New Castle County, Delaware",64801,2702
0500000US10005,10005,"Sussex County, Delaware",55011,3560
0500000US11001,11001,"District of Columbia, District of Columbia",71648,1996
0500000US12001,12001,"Alachua County, Florida",45228,3823
0500000US12005,12005,"Bay County, Florida",44775,3732
0500000US12009,12009,"Brevard County, Florida",47907,1770
0500000US12011,12011,"Broward County, Florida",51608,1046
0500000US12015,12015,"Charlotte County, Florida",43039,2406
0500000US12017,12017,"Citrus County, Florida",35671,2376
0500000US12019,12019,"Clay County, Florida",58153,4131
0500000US12021,12021,"Collier County, Florida",58026,2918
0500000US12023,12023,"Columbia County, Florida",38520,3616
0500000US12031,12031,"Duval County, Florida",45779,1395
0500000US12033,12033,"Escambia County, Florida",46655,2021
0500000US12035,12035,"Flagler County, Florida",51622,1681
0500000US12053,12053,"Hernando County, Florida",40255,2661
0500000US12055,12055,"Highlands County, Florida",36120,2619
0500000US12057,12057,"Hillsborough County, Florida",50796,896
0500000US12061,12061,"Indian River County, Florida",46238,4403
0500000US12069,12069,"Lake County, Florida",47191,2460
0500000US12071,12071,"Lee County, Florida",49055,1539
0500000US12073,12073,"Leon County, Florida",44824,2663
0500000US12081,12081,"Manatee County, Florida",52031,1753
0500000US12083,12083,"Marion County, Florida",39958,1822
0500000US12085,12085,"Martin County, Florida",55866,3333
0500000US12086,12086,"Miami-Dade County, Florida",42926,1142
0500000US12087,12087,"Monroe County, Florida",59388,3722
0500000US12089,12089,"Nassau County, Florida",52249,6790
0500000US12091,12091,"Okaloosa County, Florida",57640,4563
0500000US12095,12095,"Orange County, Florida",47055,1388
0500000US12097,12097,"Osceola County, Florida",42899,2957
0500000US12099,12099,"Palm Beach County, Florida",52203,1207
0500000US12101,12101,"Pasco County, Florida",45349,1374
0500000US12103,12103,"Pinellas County, Florida",45152,1094
0500000US12105,12105,"Polk County, Florida",42780,1932
0500000US12107,12107,"Putnam County, Florida",30765,3423
0500000US12109,12109,"St. Johns County, Florida",65976,2419
0500000US12111,12111,"St. Lucie County, Florida",42359,2928
0500000US12113,12113,"Santa Rosa County, Florida",60317,5168
0500000US12115,12115,"Sarasota County, Florida",52109,1484
0500000US12117,12117,"Seminole County, Florida",56322,2300
0500000US12119,12119,"Sumter County, Florida",50942,4341
0500000US12127,12127,"Volusia County, Florida",40818,1351
0500000US13013,13013,"Barrow County, Georgia",47834,3506
0500000US13015,13015,"Bartow County, Georgia",53675,5380
0500000US13021,13021,"Bibb County, Georgia",35397,2170
0500000US13031,13031,"Bulloch County, Georgia",32841,5906
0500000US13045,13045,"Carroll County, Georgia",40744,4762
0500000US13047,13047,"Catoosa County, Georgia",52412,5790
0500000US13051,13051,"Chatham County, Georgia",50718,1874
0500000US13057,13057,"Cherokee County, Georgia",69711,4741
0500000US13059,13059,"Clarke County, Georgia",29996,2144
0500000US13063,13063,"Clayton County, Georgia",43287,1555
0500000US13067,13067,"Cobb County, Georgia",67043,2084
0500000US13073,13073,"Columbia County, Georgia",66925,3491
0500000US13077,13077,"Coweta County, Georgia",59506,4473
0500000US13089,13089,"DeKalb County, Georgia",50542,1308
0500000US13095,13095,"Dougherty County, Georgia",31755,2312
0500000US13097,13097,"Douglas County, Georgia",54826,5073
0500000US13113,13113,"Fayette County, Georgia",77016,5712
0500000US13115,13115,"Floyd County, Georgia",41752,4013
0500000US13117,13117,"Forsyth County, Georgia",85639,2390
0500000US13121,13121,"Fulton County, Georgia",55807,1746
0500000US13127,13127,"Glynn County, Georgia",47333,3464
0500000US13135,13135,"Gwinnett County, Georgia",59492,2640
0500000US13139,13139,"Hall County, Georgia",52519,3598
0500000US13151,13151,"Henry County, Georgia",58242,5509
0500000US13153,13153,"Houston County, Georgia",51054,5118
0500000US13179,13179,"Liberty County, Georgia",41812,2696
0500000US13185,13185,"Lowndes County, Georgia",38733,4433
0500000US13215,13215,"Muscogee County, Georgia",42176,2929
0500000US13217,13217,"Newton County, Georgia",46790,5051
0500000US13223,13223,"Paulding County, Georgia",62453,3856
0500000US13245,13245,"Richmond County, Georgia",35793,2029
0500000US13247,13247,"Rockdale County, Georgia",46524,3307
0500000US13285,13285,"Troup County, Georgia",40486,4056
0500000US13295,13295,"Walker County, Georgia",38493,6379
0500000US13297,13297,"Walton County, Georgia",50895,2752
0500000US13313,13313,"Whitfield County, Georgia",42069,7975
0500000US15001,15001,"Hawaii County, Hawaii",52788,2428
0500000US15003,15003,"Honolulu County, Hawaii",74634,1827
0500000US15007,15007,"Kauai County, Hawaii",64847,7803
0500000US15009,15009,"Maui County, Hawaii",67013,3605
0500000US16001,16001,"Ada County, Idaho",57716,2289
0500000US16005,16005,"Bannock County, Idaho",44018,3235
0500000US16019,16019,"Bonneville County, Idaho",49626,4159
0500000US16027,16027,"Canyon County, Idaho",43250,2369
0500000US16055,16055,"Kootenai County, Idaho",48776,3141
0500000US16083,16083,"Twin Falls County, Idaho",43624,4323
0500000US17001,17001,"Adams County, Illinois",45606,2118
0500000US17019,17019,"Champaign County, Illinois",46776,3141
0500000US17031,17031,"Cook County, Illinois",55069,652
0500000US17037,17037,"DeKalb County, Illinois",56450,3251
0500000US17043,17043,"DuPage County, Illinois",80015,1715
0500000US17089,17089,"Kane County, Illinois",72541,2858
0500000US17091,17091,"Kankakee County, Illinois",58378,3790
0500000US17093,17093,"Kendall County, Illinois",90072,7860
0500000US17097,17097,"Lake County, Illinois",77772,2728
0500000US17099,17099,"LaSalle County, Illinois",50432,4407
0500000US17111,17111,"McHenry County, Illinois",76628,3169
0500000US17113,17113,"McLean County, Illinois",58061,3985
0500000US17115,17115,"Macon County, Illinois",47574,3416
0500000US17119,17119,"Madison County, Illinois",54438,3107
0500000US17143,17143,"Peoria County, Illinois",52352,2298
0500000US17161,17161,"Rock Island County, Illinois",47751,2522
0500000US17163,17163,"St. Clair County, Illinois",50428,3588
0500000US17167,17167,"Sangamon County, Illinois",55103,2874
0500000US17179,17179,"Tazewell County, Illinois",60801,2835
0500000US17183,17183,"Vermilion County, Illinois",41690,3112
0500000US17197,17197,"Will County, Illinois",74828,2276
0500000US17199,17199,"Williamson County, Illinois",49153,6312
0500000US17201,17201,"Winnebago County, Illinois",47121,2322
0500000US18003,18003,"Allen County, Indiana",48521,1631
0500000US18005,18005,"Bartholomew County, Indiana",53002,3777
0500000US18019,18019,"Clark County, Indiana",52674,2827
0500000US18035,18035,"Delaware County, Indiana",39323,3122
0500000US18039,18039,"Elkhart County, Indiana",49937,2239
0500000US18043,18043,"Floyd County, Indiana",52819,3058
0500000US18053,18053,"Grant County, Indiana",39851,3340
0500000US18057,18057,"Hamilton County, Indiana",88155,4009
0500000US18059,18059,"Hancock County, Indiana",67485,4376
0500000US18063,18063,"Hendricks County, Indiana",66989,7401
0500000US18067,18067,"Howard County, Indiana",47159,4890
0500000US18081,18081,"Johnson County, Indiana",55201,4852
0500000US18085,18085,"Kosciusko County, Indiana",53825,2552
0500000US18089,18089,"Lake County, Indiana",50852,1399
0500000US18091,18091,"LaPorte County, Indiana",45744,2877
0500000US18095,18095,"Madison County, Indiana",45134,2401
0500000US18097,18097,"Marion County, Indiana",42557,962
0500000US18105,18105,"Monroe County, Indiana",43657,2993
0500000US18109,18109,"Morgan County, Indiana",52891,4986
0500000US18127,18127,"Porter County, Indiana",60903,4054
0500000US18141,18141,"St. Joseph County, Indiana",46254,2194
0500000US18157,18157,"Tippecanoe County, Indiana",45771,2419
0500000US18163,18163,"Vanderburgh County, Indiana",42044,1926
0500000US18167,18167,"Vigo County, Indiana",41385,2275
0500000US18177,18177,"Wayne County, Indiana",41204,2134
0500000US19013,19013,"Black Hawk County, Iowa",51685,2794
0500000US19049,19049,"Dallas County, Iowa",77412,6881
0500000US19061,19061,"Dubuque County, Iowa",56129,4478
0500000US19103,19103,"Johnson County, Iowa",60254,4974
0500000US19113,19113,"Linn County, Iowa",62984,2904
0500000US19153,19153,"Polk County, Iowa",60978,1725
0500000US19155,19155,"Pottawattamie County, Iowa",52239,5936
0500000US19163,19163,"Scott County, Iowa",54679,2218
0500000US19169,19169,"Story County, Iowa",46091,5589
0500000US19193,19193,"Woodbury County, Iowa",44721,3130
0500000US20015,20015,"Butler County, Kansas",58791,5736
0500000US20045,20045,"Douglas County, Kansas",48565,3490
0500000US20091,20091,"Johnson County, Kansas",75679,2063
0500000US20103,20103,"Leavenworth County, Kansas",66779,5124
0500000US20161,20161,"Riley County, Kansas",44825,4984
0500000US20173,20173,"Sedgwick County, Kansas",50996,1624
0500000US20177,20177,"Shawnee County, Kansas",53507,3475
0500000US20209,20209,"Wyandotte County, Kansas",36637,1566
0500000US21015,21015,"Boone County, Kentucky",65736,5494
0500000US21029,21029,"Bullitt County, Kentucky",54690,3854
0500000US21037,21037,"Campbell County, Kentucky",50872,4360
0500000US21047,21047,"Christian County, Kentucky",35755,2516
0500000US21059,21059,"Daviess County, Kentucky",41685,3098
0500000US21067,21067,"Fayette County, Kentucky",47968,2795
0500000US21093,21093,"Hardin County, Kentucky",50900,4508
0500000US21111,21111,"Jefferson County, Kentucky",48210,1513
0500000US21117,21117,"Kenton County, Kentucky",54300,4612
0500000US21145,21145,"McCracken County, Kentucky",36712,5152
0500000US21151,21151,"Madison County, Kentucky",43973,7137
0500000US21195,21195,"Pike County, Kentucky",31426,2624
0500000US21227,21227,"Warren County, Kentucky",50752,3856
0500000US22005,22005,"Ascension Parish, Louisiana",66576,5876
0500000US22015,22015,"Bossier Parish, Louisiana",50704,2963
0500000US22017,22017,"Caddo Parish, Louisiana",39315,3666
0500000US22019,22019,"Calcasieu Parish, Louisiana",45742,2976
0500000US22033,22033,"East Baton Rouge Parish, Louisiana",46778,2572
0500000US22045,22045,"Iberia Parish, Louisiana",46290,3571
0500000US22051,22051,"Jefferson Parish, Louisiana",46961,1876
0500000US22055,22055,"Lafayette Parish, Louisiana",51060,1900
0500000US22057,22057,"Lafourche Parish, Louisiana",41842,4383
0500000US22063,22063,"Livingston Parish, Louisiana",60466,4886
0500000US22071,22071,"Orleans Parish, Louisiana",35504,1644
0500000US22073,22073,"Ouachita Parish, Louisiana",41139,2573
0500000US22079,22079,"Rapides Parish, Louisiana",40434,3408
0500000US22097,22097,"St. Landry Parish, Louisiana",27753,4460
0500000US22103,22103,"St. Tammany Parish, Louisiana",63210,3918
0500000US22105,22105,"Tangipahoa Parish, Louisiana",40689,4431
0500000US22109,22109,"Terrebonne Parish, Louisiana",46678,5194
0500000US23001,23001,"Androscoggin County, Maine",48007,3884
0500000US23003,23003,"Aroostook County, Maine",35439,2070
0500000US23005,23005,"Cumberland County, Maine",61992,2436
0500000US23011,23011,"Kennebec County, Maine",44633,4575
0500000US23019,23019,"Penobscot County, Maine",42242,2830
0500000US23031,23031,"York County, Maine",55509,2930
0500000US24001,24001,"Allegany County, Maryland",39653,2797
0500000US24003,24003,"Anne Arundel County, Maryland",87217,2986
0500000US24005,24005,"Baltimore County, Maryland",68257,2555
0500000US24009,24009,"Calvert County, Maryland",95110,8601
0500000US24013,24013,"Carroll County, Maryland",85274,3579
0500000US24015,24015,"Cecil County, Maryland",61940,3589
0500000US24017,24017,"Charles County, Maryland",88803,5522
0500000US24021,24021,"Frederick County, Maryland",84203,3275
0500000US24025,24025,"Harford County, Maryland",79649,2687
0500000US24027,24027,"Howard County, Maryland",107490,6436
0500000US24031,24031,"Montgomery County, Maryland",97765,2512
0500000US24033,24033,"Prince George's County, Maryland",72290,1676
0500000US24037,24037,"St. Mary's County, Maryland",86417,4765
0500000US24043,24043,"Washington County, Maryland",55471,3587
0500000US24045,24045,"Wicomico County, Maryland",53432,2868
0500000US24510,24510,"Baltimore city, Maryland",42665,2198
0500000US25001,25001,"Barnstable County, Massachusetts",65384,3611
0500000US25003,25003,"Berkshire County, Massachusetts",50211,3586
0500000US25005,25005,"Bristol County, Massachusetts",58057,2313
0500000US25009,25009,"Essex County, Massachusetts",70366,1722
0500000US25011,25011,"Franklin County, Massachusetts",55572,4936
0500000US25013,25013,"Hampden County, Massachusetts",49211,2276
0500000US25015,25015,"Hampshire County, Massachusetts",56079,4808
0500000US25017,25017,"Middlesex County, Massachusetts",84464,2575
0500000US25021,25021,"Norfolk County, Massachusetts",90506,2643
0500000US25023,25023,"Plymouth County, Massachusetts",74936,2459
0500000US25025,25025,"Suffolk County, Massachusetts",54585,1927
0500000US25027,25027,"Worcester County, Massachusetts",65407,1683
0500000US26005,26005,"Allegan County, Michigan",53796,4285
0500000US26017,26017,"Bay County, Michigan",46844,3219
0500000US26021,26021,"Berrien County, Michigan",44031,2353
0500000US26025,26025,"Calhoun County, Michigan",46088,2381
0500000US26037,26037,"Clinton County, Michigan",58453,4322
0500000US26045,26045,"Eaton County, Michigan",57087,2357
0500000US26049,26049,"Genesee County, Michigan",41682,1194
0500000US26055,26055,"Grand Traverse County, Michigan",57312,4453
0500000US26065,26065,"Ingham County, Michigan",45616,1729
0500000US26073,26073,"Isabella County, Michigan",41931,3494
0500000US26075,26075,"Jackson County, Michigan",45371,4125
0500000US26077,26077,"Kalamazoo County, Michigan",45148,2553
0500000US26081,26081,"Kent County, Michigan",53304,1394
0500000US26087,26087,"Lapeer County, Michigan",50860,2190
0500000US26091,26091,"Lenawee County, Michigan",46739,3911
0500000US26093,26093,"Livingston County, Michigan",73819,2533
0500000US26099,26099,"Macomb County, Michigan",54792,1437
0500000US26103,26103,"Marquette County, Michigan",44267,2902
0500000US26111,26111,"Midland County, Michigan",49194,3443
0500000US26115,26115,"Monroe County, Michigan",57275,2927
0500000US26121,26121,"Muskegon County, Michigan",42600,1721
0500000US26125,26125,"Oakland County, Michigan",69293,1526
0500000US26139,26139,"Ottawa County, Michigan",60343,1922
0500000US26145,26145,"Saginaw County, Michigan",44931,1810
0500000US26147,26147,"St. Clair County, Michigan",50319,2152
0500000US26155,26155,"Shiawassee County, Michigan",48523,4024
0500000US26159,26159,"Van Buren County, Michigan",47435,4267
0500000US26161,26161,"Washtenaw County, Michigan",62845,2167
0500000US26163,26163,"Wayne County, Michigan",41435,672
0500000US27003,27003,"Anoka County, Minnesota",70915,2072
0500000US27013,27013,"Blue Earth County, Minnesota",48850,4541
0500000US27019,27019,"Carver County, Minnesota",83594,7343
0500000US27037,27037,"Dakota County, Minnesota",76213,1680
0500000US27053,27053,"Hennepin County, Minnesota",64433,1640
0500000US27109,27109,"Olmsted County, Minnesota",69731,5612
0500000US27123,27123,"Ramsey County, Minnesota",55101,1741
0500000US27131,27131,"Rice County, Minnesota",60527,3644
0500000US27137,27137,"St. Louis County, Minnesota",50040,2418
0500000US27139,27139,"Scott County, Minnesota",92107,7248
0500000US27141,27141,"Sherburne County, Minnesota",77532,7754
0500000US27145,27145,"Stearns County, Minnesota",56040,2455
0500000US27163,27163,"Washington County, Minnesota",83545,4054
0500000US27171,27171,"Wright County, Minnesota",77442,4841
0500000US28033,28033,"DeSoto County, Mississippi",58073,3184
0500000US28035,28035,"Forrest County, Mississippi",38904,3773
0500000US28047,28047,"Harrison County, Mississippi",40846,2149
0500000US28049,28049,"Hinds County, Mississippi",38543,2099
0500000US28059,28059,"Jackson County, Mississippi",47822,3437
0500000US28067,28067,"Jones County, Mississippi",36374,6692
0500000US28075,28075,"Lauderdale County, Mississippi",40333,7910
0500000US28081,28081,"Lee County, Mississippi",43204,3044
0500000US28089,28089,"Madison County, Mississippi",67746,6625
0500000US28121,28121,"Rankin County, Mississippi",58755,4515
0500000US29019,29019,"Boone County, Missouri",50085,3082
0500000US29021,29021,"Buchanan County, Missouri",46764,4247
0500000US29031,29031,"Cape Girardeau County, Missouri",47438,4349
0500000US29037,29037,"Cass County, Missouri",60849,2092
0500000US29043,29043,"Christian County, Missouri",51692,2366
0500000US29047,29047,"Clay County, Missouri",61384,2851
0500000US29051,29051,"Cole County, Missouri",51210,2516
0500000US29071,29071,"Franklin County, Missouri",51682,3381
0500000US29077,29077,"Greene County, Missouri",39611,2305
0500000US29095,29095,"Jackson County, Missouri",45874,1886
0500000US29097,29097,"Jasper County, Missouri",39886,4050
0500000US29099,29099,"Jefferson County, Missouri",59327,2910
0500000US29165,29165,"Platte County, Missouri",69787,4392
0500000US29183,29183,"St. Charles County, Missouri",73989,3076
0500000US29187,29187,"St. Francois County, Missouri",41713,4201
0500000US29189,29189,"St. Louis County, Missouri",59993,1715
0500000US29510,29510,"St. Louis city, Missouri",35959,1796
0500000US30013,30013,"Cascade County, Montana",42170,3538
0500000US30029,30029,"Flathead County, Montana",47362,3672
0500000US30031,30031,"Gallatin County, Montana",50238,3828
0500000US30049,30049,"Lewis and Clark County, Montana",53435,3337
0500000US30063,30063,"Missoula County, Montana",44289,4997
0500000US30111,30111,"Yellowstone County, Montana",51508,2569
0500000US31055,31055,"Douglas County, Nebraska",52505,1649
0500000US31109,31109,"Lancaster County, Nebraska",51766,1427
0500000US31153,31153,"Sarpy County, Nebraska",73775,3652
0500000US32003,32003,"Clark County, Nevada",51214,745
0500000US32031,32031,"Washoe County, Nevada",52618,1812
0500000US33005,33005,"Cheshire County, New Hampshire",56652,4699
0500000US33009,33009,"Grafton County, New Hampshire",57210,6238
0500000US33011,33011,"Hillsborough County, New Hampshire",71422,1770
0500000US33013,33013,"Merrimack County, New Hampshire",62418,3030
0500000US33015,33015,"Rockingham County, New Hampshire",79922,3014
0500000US33017,33017,"Strafford County, New Hampshire",58976,5296
0500000US34001,34001,"Atlantic County, New Jersey",55313,3112
0500000US34003,34003,"Bergen County, New Jersey",84677,3148
0500000US34005,34005,"Burlington County, New Jersey",80896,2035
0500000US34007,34007,"Camden County, New Jersey",62330,2612
0500000US34009,34009,"Cape May County, New Jersey",56899,4079
0500000US34011,34011,"Cumberland County, New Jersey",45339,2682
0500000US34013,34013,"Essex County, New Jersey",54754,1899
0500000US34015,34015,"Gloucester County, New Jersey",79704,2504
0500000US34017,34017,"Hudson County, New Jersey",58479,2567
0500000US34019,34019,"Hunterdon County, New Jersey",103605,5738
0500000US34021,34021,"Mercer County, New Jersey",74961,3786
0500000US34023,34023,"Middlesex County, New Jersey",77682,2806
0500000US34025,34025,"Monmouth County, New Jersey",88413,4469
0500000US34027,34027,"Morris County, New Jersey",100579,2151
0500000US34029,34029,"Ocean County, New Jersey",63653,2772
0500000US34031,34031,"Passaic County, New Jersey",58804,2722
0500000US34033,34033,"Salem County, New Jersey",57377,8142
0500000US34035,34035,"Somerset County, New Jersey",100301,3156
0500000US34037,34037,"Sussex County, New Jersey",82075,4925
0500000US34039,34039,"Union County, New Jersey",69032,3571
0500000US34041,34041,"Warren County, New Jersey",71444,3365
0500000US35001,35001,"Bernalillo County, New Mexico",47134,1491
0500000US35005,35005,"Chaves County, New Mexico",39696,4771
0500000US35013,35013,"Doña Ana County, New Mexico",39502,2991
0500000US35025,35025,"Lea County, New Mexico",61351,3591
0500000US35031,35031,"McKinley County, New Mexico",27041,4995
0500000US35035,35035,"Otero County, New Mexico",42603,2671
0500000US35043,35043,"Sandoval County, New Mexico",55398,4489
0500000US35045,35045,"San Juan County, New Mexico",48773,5116
0500000US35049,35049,"Santa Fe County, New Mexico",52809,4386
0500000US35061,35061,"Valencia County, New Mexico",37628,5810
0500000US36001,36001,"Albany County, New York",60655,2074
0500000US36005,36005,"Bronx County, New York",33712,1709
0500000US36007,36007,"Broome County, New York",46776,2902
0500000US36009,36009,"Cattaraugus County, New York",44320,3350
0500000US36011,36011,"Cayuga County, New York",53780,2675
0500000US36013,36013,"Chautauqua County, New York",41808,1825
0500000US36015,36015,"Chemung County, New York",50232,3882
0500000US36019,36019,"Clinton County, New York",53575,4245
0500000US36027,36027,"Dutchess County, New York",71165,2168
0500000US36029,36029,"Erie County, New York",50132,1084
0500000US36045,36045,"Jefferson County, New York",51086,3265
0500000US36047,36047,"Kings County, New York",47966,1220
0500000US36051,36051,"Livingston County, New York",48456,3828
0500000US36053,36053,"Madison County, New York",51873,3738
0500000US36055,36055,"Monroe County, New York",51217,1252
0500000US36059,36059,"Nassau County, New York",99035,2477
0500000US36061,36061,"New York County, New York",76089,2016
0500000US36063,36063,"Niagara County, New York",49700,3044
0500000US36065,36065,"Oneida County, New York",48803,2164
0500000US36067,36067,"Onondaga County, New York",52947,1790
0500000US36069,36069,"Ontario County, New York",59093,4920
0500000US36071,36071,"Orange County, New York",70240,3293
0500000US36075,36075,"Oswego County, New York",47013,4100
0500000US36079,36079,"Putnam County, New York",97483,8664
0500000US36081,36081,"Queens County, New York",57241,1195
0500000US36083,36083,"Rensselaer County, New York",61457,4129
0500000US36085,36085,"Richmond County, New York",71121,3055
0500000US36087,36087,"Rockland County, New York",85037,4694
0500000US36089,36089,"St. Lawrence County, New York",43758,3078
0500000US36091,36091,"Saratoga County, New York",72354,3856
0500000US36093,36093,"Schenectady County, New York",57587,4390
0500000US36101,36101,"Steuben County, New York",46889,2165
0500000US36103,36103,"Suffolk County, New York",86266,1775
0500000US36105,36105,"Sullivan County, New York",53219,7066
0500000US36109,36109,"Tompkins County, New York",52885,6027
0500000US36111,36111,"Ulster County, New York",58093,4824
0500000US36113,36113,"Warren County, New York",57294,4794
0500000US36117,36117,"Wayne County, New York",45951,4566
0500000US36119,36119,"Westchester County, New York",83477,2590
0500000US37001,37001,"Alamance County, North Carolina",39576,2701
0500000US37019,37019,"Brunswick County, North Carolina",46721,3161
0500000US37021,37021,"Buncombe County, North Carolina",47671,2147
0500000US37023,37023,"Burke County, North Carolina",37086,4504
0500000US37025,37025,"Cabarrus County, North Carolina",54347,3305
0500000US37027,37027,"Caldwell County, North Carolina",37876,3773
0500000US37031,37031,"Carteret County, North Carolina",48881,3377
0500000US37035,37035,"Catawba County, North Carolina",44677,2760
0500000US37037,37037,"Chatham County, North Carolina",54229,5527
0500000US37045,37045,"Cleveland County, North Carolina",37433,4953
0500000US37049,37049,"Craven County, North Carolina",43380,2773
0500000US37051,37051,"Cumberland County, North Carolina",42248,1350
0500000US37057,37057,"Davidson County, North Carolina",42201,3089
0500000US37063,37063,"Durham County, North Carolina",50504,1763
0500000US37067,37067,"Forsyth County, North Carolina",45220,2329
0500000US37071,37071,"Gaston County, North Carolina",41011,2380
0500000US37081,37081,"Guilford County, North Carolina",44069,2014
0500000US37085,37085,"Harnett County, North Carolina",44880,4136
0500000US37089,37089,"Henderson County, North Carolina",47335,4163
0500000US37097,37097,"Iredell County, North Carolina",54384,3056
0500000US37101,37101,"Johnston County, North Carolina",48851,3197
0500000US37109,37109,"Lincoln County, North Carolina",48131,3531
0500000US37119,37119,"Mecklenburg County, North Carolina",58841,2090
0500000US37125,37125,"Moore County, North Carolina",51328,5105
0500000US37127,37127,"Nash County, North Carolina",43209,3533
0500000US37129,37129,"New Hanover County, North Carolina",49982,3451
0500000US37133,37133,"Onslow County, North Carolina",47581,3471
0500000US37135,37135,"Orange County, North Carolina",59658,5795
0500000US37147,37147,"Pitt County, North Carolina",41632,2000
0500000US37151,37151,"Randolph County, North Carolina",41107,2583
0500000US37155,37155,"Robeson County, North Carolina",29889,1570
0500000US37157,37157,"Rockingham County, North Carolina",38878,3550
0500000US37159,37159,"Rowan County, North Carolina",45978,3304
0500000US37161,37161,"Rutherford County, North Carolina",34347,3736
0500000US37171,37171,"Surry County, North Carolina",36511,4089
0500000US37179,37179,"Union County, North Carolina",62898,4050
0500000US37183,37183,"Wake County, North Carolina",66634,1925
0500000US37191,37191,"Wayne County, North Carolina",35966,1880
0500000US37193,37193,"Wilkes County, North Carolina",30743,2321
0500000US37195,37195,"Wilson County, North Carolina",38774,2911
0500000US38015,38015,"Burleigh County, North Dakota",68339,6526
0500000US38017,38017,"Cass County, North Dakota",52604,2951
0500000US38035,38035,"Grand Forks County, North Dakota",49532,4465
0500000US38101,38101,"Ward County, North Dakota",66570,5985
0500000US39003,39003,"Allen County, Ohio",42701,3862
0500000US39007,39007,"Ashtabula County, Ohio",39079,2530
0500000US39013,39013,"Belmont County, Ohio",42079,3573
0500000US39017,39017,"Butler County, Ohio",58730,2366
0500000US39023,39023,"Clark County, Ohio",41729,1303
0500000US39025,39025,"Clermont County, Ohio",62554,2631
0500000US39029,39029,"Columbiana County, Ohio",42640,3345
0500000US39035,39035,"Cuyahoga County, Ohio",44016,960
0500000US39041,39041,"Delaware County, Ohio",96949,4512
0500000US39043,39043,"Erie County, Ohio",48734,4888
0500000US39045,39045,"Fairfield County, Ohio",59933,3571
0500000US39049,39049,"Franklin County, Ohio",53180,1181
0500000US39055,39055,"Geauga County, Ohio",72001,2543
0500000US39057,39057,"Greene County, Ohio",58396,4388
0500000US39061,39061,"Hamilton County, Ohio",48770,1611
0500000US39063,39063,"Hancock County, Ohio",50898,2290
0500000US39081,39081,"Jefferson County, Ohio",40293,4379
0500000US39085,39085,"Lake County, Ohio",58721,2882
0500000US39089,39089,"Licking County, Ohio",57654,3459
0500000US39093,39093,"Lorain County, Ohio",52082,2024
0500000US39095,39095,"Lucas County, Ohio",42132,1342
0500000US39099,39099,"Mahoning County, Ohio",41134,1444
0500000US39101,39101,"Marion County, Ohio",39233,4441
0500000US39103,39103,"Medina County, Ohio",67969,3414
0500000US39109,39109,"Miami County, Ohio",51087,3175
0500000US39113,39113,"Montgomery County, Ohio",42644,1412
0500000US39119,39119,"Muskingum County, Ohio",41230,4066
0500000US39133,39133,"Portage County, Ohio",51275,3152
0500000US39139,39139,"Richland County, Ohio",41548,2261
0500000US39141,39141,"Ross County, Ohio",40764,3566
0500000US39145,39145,"Scioto County, Ohio",38233,3438
0500000US39151,39151,"Stark County, Ohio",47713,1514
0500000US39153,39153,"Summit County, Ohio",50365,1394
0500000US39155,39155,"Trumbull County, Ohio",43039,1947
0500000US39157,39157,"Tuscarawas County, Ohio",46253,2817
0500000US39165,39165,"Warren County, Ohio",71731,3590
0500000US39169,39169,"Wayne County, Ohio",49988,3368
0500000US39173,39173,"Wood County, Ohio",54402,3234
0500000US40017,40017,"Canadian County, Oklahoma",68552,2886
0500000US40027,40027,"Cleveland County, Oklahoma",58286,3422
0500000US40031,40031,"Comanche County, Oklahoma",47235,4394
0500000US40037,40037,"Creek County, Oklahoma",47286,4072
0500000US40101,40101,"Muskogee County, Oklahoma",42756,3824
0500000US40109,40109,"Oklahoma County, Oklahoma",48183,1508
0500000US40119,40119,"Payne County, Oklahoma",38642,4560
0500000US40125,40125,"Pottawatomie County, Oklahoma",46839,3529
0500000US40131,40131,"Rogers County, Oklahoma",55626,2595
0500000US40143,40143,"Tulsa County, Oklahoma",50460,930
0500000US40145,40145,"Wagoner County, Oklahoma",59170,3109
0500000US41003,41003,"Benton County, Oregon",52486,6621
0500000US41005,41005,"Clackamas County, Oregon",65316,2903
0500000US41017,41017,"Deschutes County, Oregon",52006,3650
0500000US41019,41019,"Douglas County, Oregon",42000,3139
0500000US41029,41029,"Jackson County, Oregon",44918,2894
0500000US41033,41033,"Josephine County, Oregon",36870,4979
0500000US41035,41035,"Klamath County, Oregon",39148,3951
0500000US41039,41039,"Lane County, Oregon",44877,2158
0500000US41043,41043,"Linn County, Oregon",43428,4024
0500000US41047,41047,"Marion County, Oregon",48620,2448
0500000US41051,41051,"Multnomah County, Oregon",53660,1966
0500000US41053,41053,"Polk County, Oregon",51893,4463
0500000US41059,41059,"Umatilla County, Oregon",44402,3408
0500000US41067,41067,"Washington County, Oregon",66136,2793
0500000US41071,41071,"Yamhill County, Oregon",52255,4205
0500000US42001,42001,"Adams County, Pennsylvania",61543,3279
0500000US42003,42003,"Allegheny County, Pennsylvania",52400,943
0500000US42005,42005,"Armstrong County, Pennsylvania",44946,4049
0500000US42007,42007,"Beaver County, Pennsylvania",51222,1496
0500000US42011,42011,"Berks County, Pennsylvania",56059,1775
0500000US42013,42013,"Blair County, Pennsylvania",44019,4070
0500000US42017,42017,"Bucks County, Pennsylvania",77917,2234
0500000US42019,42019,"Butler County, Pennsylvania",60782,2807
0500000US42021,42021,"Cambria County, Pennsylvania",43224,2148
0500000US42025,42025,"Carbon County, Pennsylvania",50023,2779
0500000US42027,42027,"Centre County, Pennsylvania",51367,2696
0500000US42029,42029,"Chester County, Pennsylvania",85373,3319
0500000US42033,42033,"Clearfield County, Pennsylvania",39592,2878
0500000US42037,42037,"Columbia County, Pennsylvania",48540,4507
0500000US42039,42039,"Crawford County, Pennsylvania",44598,3003
0500000US42041,42041,"Cumberland County, Pennsylvania",62759,2591
0500000US42043,42043,"Dauphin County, Pennsylvania",52975,2580
0500000US42045,42045,"Delaware County, Pennsylvania",62993,2886
0500000US42049,42049,"Erie County, Pennsylvania",45560,2075
0500000US42051,42051,"Fayette County, Pennsylvania",36562,2472
0500000US42055,42055,"Franklin County, Pennsylvania",49487,3018
0500000US42063,42063,"Indiana County, Pennsylvania",42431,3282
0500000US42069,42069,"Lackawanna County, Pennsylvania",45265,2507
0500000US42071,42071,"Lancaster County, Pennsylvania",57403,1924
0500000US42073,42073,"Lawrence County, Pennsylvania",45356,2683
0500000US42075,42075,"Lebanon County, Pennsylvania",54068,2745
0500000US42077,42077,"Lehigh County, Pennsylvania",58603,1609
0500000US42079,42079,"Luzerne County, Pennsylvania",44311,1654
0500000US42081,42081,"Lycoming County, Pennsylvania",45161,2589
0500000US42085,42085,"Mercer County, Pennsylvania",43574,2579
0500000US42089,42089,"Monroe County, Pennsylvania",63118,5677
0500000US42091,42091,"Montgomery County, Pennsylvania",79495,2513
0500000US42095,42095,"Northampton County, Pennsylvania",61879,2156
0500000US42097,42097,"Northumberland County, Pennsylvania",39778,2632
0500000US42101,42101,"Philadelphia County, Pennsylvania",39043,1237
0500000US42107,42107,"Schuylkill County, Pennsylvania",43044,2644
0500000US42111,42111,"Somerset County, Pennsylvania",46217,1833
0500000US42125,42125,"Washington County, Pennsylvania",56047,2712
0500000US42129,42129,"Westmoreland County, Pennsylvania",53844,2161
0500000US42133,42133,"York County, Pennsylvania",58587,2142
0500000US44003,44003,"Kent County, Rhode Island",62261,4638
0500000US44005,44005,"Newport County, Rhode Island",71799,5787
0500000US44007,44007,"Providence County, Rhode Island",47481,2221
0500000US44009,44009,"Washington County, Rhode Island",71229,5251
0500000US45003,45003,"Aiken County, South Carolina",48882,2528
0500000US45007,45007,"Anderson County, South Carolina",42837,2195
0500000US45013,45013,"Beaufort County, South Carolina",54996,3378
0500000US45015,45015,"Berkeley County, South Carolina",52427,2404
0500000US45019,45019,"Charleston County, South Carolina",53308,2837
0500000US45031,45031,"Darlington County, South Carolina",34651,3902
0500000US45035,45035,"Dorchester County, South Carolina",56277,5165
0500000US45041,45041,"Florence County, South Carolina",43148,4423
0500000US45045,45045,"Greenville County, South Carolina",49268,2101
0500000US45047,45047,"Greenwood County, South Carolina",37831,3786
0500000US45051,45051,"Horry County, South Carolina",43001,1704
0500000US45057,45057,"Lancaster County, South Carolina",44412,3913
0500000US45059,45059,"Laurens County, South Carolina",37638,3982
0500000US45063,45063,"Lexington County, South Carolina",53980,3130
0500000US45073,45073,"Oconee County, South Carolina",35159,3328
0500000US45075,45075,"Orangeburg County, South Carolina",28680,3070
0500000US45077,45077,"Pickens County, South Carolina",40136,3206
0500000US45079,45079,"Richland County, South Carolina",50028,2181
0500000US45083,45083,"Spartanburg County, South Carolina",43688,2397
0500000US45085,45085,"Sumter County, South Carolina",36633,4289
0500000US45091,45091,"York County, South Carolina",52565,4175
0500000US46099,46099,"Minnehaha County, South Dakota",54829,3123
0500000US46103,46103,"Pennington County, South Dakota",47838,3096
0500000US47001,47001,"Anderson County, Tennessee",47821,5538
0500000US47009,47009,"Blount County, Tennessee",46819,3013
0500000US47011,47011,"Bradley County, Tennessee",42563,4452
0500000US47037,47037,"Davidson County, Tennessee",47993,1833
0500000US47059,47059,"Greene County, Tennessee",36694,3365
0500000US47065,47065,"Hamilton County, Tennessee",48379,1867
0500000US47093,47093,"Knox County, Tennessee",46860,1943
0500000US47113,47113,"Madison County, Tennessee",42412,3611
0500000US47119,47119,"Maury County, Tennessee",53990,6466
0500000US47125,47125,"Montgomery County, Tennessee",50941,1617
0500000US47141,47141,"Putnam County, Tennessee",35516,4113
0500000US47147,47147,"Robertson County, Tennessee",51883,4904
0500000US47149,47149,"Rutherford County, Tennessee",52502,3339
0500000US47155,47155,"Sevier County, Tennessee",39175,3278
0500000US47157,47157,"Shelby County, Tennessee",43938,1614
0500000US47163,47163,"Sullivan County, Tennessee",38251,1895
0500000US47165,47165,"Sumner County, Tennessee",58316,4388
0500000US47179,47179,"Washington County, Tennessee",42950,2804
0500000US47187,47187,"Williamson County, Tennessee",93337,7622
0500000US47189,47189,"Wilson County, Tennessee",59685,4050
0500000US48005,48005,"Angelina County, Texas",42156,3581
0500000US48021,48021,"Bastrop County, Texas",53631,7506
0500000US48027,48027,"Bell County, Texas",51221,1309
0500000US48029,48029,"Bexar County, Texas",50760,929
0500000US48037,48037,"Bowie County, Texas",40493,6851
0500000US48039,48039,"Brazoria County, Texas",74799,3396
0500000US48041,48041,"Brazos County, Texas",40973,2685
0500000US48061,48061,"Cameron County, Texas",32093,1534
0500000US48085,48085,"Collin County, Texas",86040,2639
0500000US48091,48091,"Comal County, Texas",62389,7351
0500000US48099,48099,"Coryell County, Texas",47042,4682
0500000US48113,48113,"Dallas County, Texas",50076,932
0500000US48121,48121,"Denton County, Texas",74196,2431
0500000US48135,48135,"Ector County, Texas",58701,6825
0500000US48139,48139,"Ellis County, Texas",60294,5499
0500000US48141,48141,"El Paso County, Texas",40170,1315
0500000US48157,48157,"Fort Bend County, Texas",87973,5196
0500000US48167,48167,"Galveston County, Texas",57991,4710
0500000US48181,48181,"Grayson County, Texas",52058,5130
0500000US48183,48183,"Gregg County, Texas",50917,3542
0500000US48187,48187,"Guadalupe County, Texas",61538,3701
0500000US48201,48201,"Harris County, Texas",54178,971
0500000US48203,48203,"Harrison County, Texas",49490,8527
0500000US48209,48209,"Hays County, Texas",59085,3316
0500000US48213,48213,"Henderson County, Texas",41112,2211
0500000US48215,48215,"Hidalgo County, Texas",34801,2019
0500000US48231,48231,"Hunt County, Texas",42038,3839
0500000US48245,48245,"Jefferson County, Texas",40652,1704
0500000US48251,48251,"Johnson County, Texas",55739,5260
0500000US48257,48257,"Kaufman County, Texas",56098,5849
0500000US48291,48291,"Liberty County, Texas",44188,4757
0500000US48303,48303,"Lubbock County, Texas",46076,2113
0500000US48309,48309,"McLennan County, Texas",43609,2854
0500000US48329,48329,"Midland County, Texas",77711,8560
0500000US48339,48339,"Montgomery County, Texas",70243,3273
0500000US48347,48347,"Nacogdoches County, Texas",39326,2656
0500000US48355,48355,"Nueces County, Texas",51817,1964
0500000US48361,48361,"Orange County, Texas",46809,6250
0500000US48367,48367,"Parker County, Texas",68882,5990
0500000US48375,48375,"Potter County, Texas",38324,3111
0500000US48381,48381,"Randall County, Texas",65749,4074
0500000US48397,48397,"Rockwall County, Texas",80407,6312
0500000US48409,48409,"San Patricio County, Texas",53877,4565
0500000US48423,48423,"Smith County, Texas",43958,3248
0500000US48439,48439,"Tarrant County, Texas",58099,1317
0500000US48441,48441,"Taylor County, Texas",45907,3164
0500000US48451,48451,"Tom Green County, Texas",44959,5325
0500000US48453,48453,"Travis County, Texas",61787,1397
0500000US48469,48469,"Victoria County, Texas",50245,5636
0500000US48471,48471,"Walker County, Texas",38483,4654
0500000US48479,48479,"Webb County, Texas",38312,2346
0500000US48485,48485,"Wichita County, Texas",42996,3069
0500000US48491,48491,"Williamson County, Texas",72453,2331
0500000US49005,49005,"Cache County, Utah",51556,1713
0500000US49011,49011,"Davis County, Utah",70440,2717
0500000US49035,49035,"Salt Lake County, Utah",62672,1789
0500000US49049,49049,"Utah County, Utah",60944,1235
0500000US49053,49053,"Washington County, Utah",49981,4465
0500000US49057,49057,"Weber County, Utah",59604,2464
0500000US50007,50007,"Chittenden County, Vermont",62004,3447
0500000US51003,51003,"Albemarle County, Virginia",64722,5683
0500000US51013,51013,"Arlington County, Virginia",109266,4862
0500000US51015,51015,"Augusta County, Virginia",58322,2675
0500000US51019,51019,"Bedford County, Virginia",56996,5291
0500000US51041,51041,"Chesterfield County, Virginia",72878,3077
0500000US51059,51059,"Fairfax County, Virginia",110674,1976
0500000US51061,51061,"Fauquier County, Virginia",91987,7930
0500000US51069,51069,"Frederick County, Virginia",66167,6444
0500000US51085,51085,"Hanover County, Virginia",83756,6877
0500000US51087,51087,"Henrico County, Virginia",62460,2442
0500000US51095,51095,"James City County, Virginia",72622,7760
0500000US51107,51107,"Loudoun County, Virginia",122294,3167
0500000US51121,51121,"Montgomery County, Virginia",42052,3079
0500000US51153,51153,"Prince William County, Virginia",92104,2808
0500000US51161,51161,"Roanoke County, Virginia",62091,3827
0500000US51165,51165,"Rockingham County, Virginia",56112,3224
0500000US51177,51177,"Spotsylvania County, Virginia",75686,3494
0500000US51179,51179,"Stafford County, Virginia",93422,6986
0500000US51199,51199,"York County, Virginia",81636,6684
0500000US51510,51510,"Alexandria city, Virginia",86809,5554
0500000US51550,51550,"Chesapeake city, Virginia",66712,1986
0500000US51650,51650,"Hampton city, Virginia",47312,3293
0500000US51680,51680,"Lynchburg city, Virginia",40594,3382
0500000US51700,51700,"Newport News city, Virginia",49602,3648
0500000US51710,51710,"Norfolk city, Virginia",43186,2340
0500000US51740,51740,"Portsmouth city, Virginia",44905,6208
0500000US51760,51760,"Richmond city, Virginia",43054,3048
0500000US51770,51770,"Roanoke city, Virginia",41697,3561
0500000US51800,51800,"Suffolk city, Virginia",62079,5426
0500000US51810,51810,"Virginia Beach city, Virginia",68816,3220
0500000US53005,53005,"Benton County, Washington",58093,2708
0500000US53007,53007,"Chelan County, Washington",50177,6746
0500000US53009,53009,"Clallam County, Washington",46469,4951
0500000US53011,53011,"Clark County, Washington",61741,1371
0500000US53015,53015,"Cowlitz County, Washington",42223,2904
0500000US53021,53021,"Franklin County, Washington",57890,5679
0500000US53025,53025,"Grant County, Washington",51949,3655
0500000US53027,53027,"Grays Harbor County, Washington",43356,2589
0500000US53029,53029,"Island County, Washington",59934,4322
0500000US53033,53033,"King County, Washington",75834,1400
0500000US53035,53035,"Kitsap County, Washington",61794,2426
0500000US53041,53041,"Lewis County, Washington",43575,5037
0500000US53053,53053,"Pierce County, Washington",60496,1535
0500000US53057,53057,"Skagit County, Washington",50558,2791
0500000US53061,53061,"Snohomish County, Washington",71984,1780
0500000US53063,53063,"Spokane County, Washington",50249,2060
0500000US53067,53067,"Thurston County, Washington",61609,2827
0500000US53073,53073,"Whatcom County, Washington",53665,2845
0500000US53077,53077,"Yakima County, Washington",44648,2625
0500000US54003,54003,"Berkeley County, West Virginia",58754,4414
0500000US54011,54011,"Cabell County, West Virginia",34046,2044
0500000US54033,54033,"Harrison County, West Virginia",41333,2627
0500000US54039,54039,"Kanawha County, West Virginia",44186,3147
0500000US54061,54061,"Monongalia County, West Virginia",41955,4619
0500000US54081,54081,"Raleigh County, West Virginia",40561,3745
0500000US54107,54107,"Wood County, West Virginia",42014,2784
0500000US55009,55009,"Brown County, Wisconsin",53392,2473
0500000US55025,55025,"Dane County, Wisconsin",61582,1791
0500000US55027,55027,"Dodge County, Wisconsin",53139,3928
0500000US55035,55035,"Eau Claire County, Wisconsin",47043,3168
0500000US55039,55039,"Fond du Lac County, Wisconsin",51717,1687
0500000US55055,55055,"Jefferson County, Wisconsin",55675,4330
0500000US55059,55059,"Kenosha County, Wisconsin",52787,4290
0500000US55063,55063,"La Crosse County, Wisconsin",48872,3229
0500000US55071,55071,"Manitowoc County, Wisconsin",45136,3861
0500000US55073,55073,"Marathon County, Wisconsin",53300,3973
0500000US55079,55079,"Milwaukee County, Wisconsin",42765,1273
0500000US55087,55087,"Outagamie County, Wisconsin",58118,3675
0500000US55089,55089,"Ozaukee County, Wisconsin",72103,7854
0500000US55097,55097,"Portage County, Wisconsin",51399,2606
0500000US55101,55101,"Racine County, Wisconsin",54525,2259
0500000US55105,55105,"Rock County, Wisconsin",50610,3132
0500000US55109,55109,"St. Croix County, Wisconsin",76024,4865
0500000US55117,55117,"Sheboygan County, Wisconsin",54042,3459
0500000US55127,55127,"Walworth County, Wisconsin",52277,2385
0500000US55131,55131,"Washington County, Wisconsin",68424,3408
0500000US55133,55133,"Waukesha County, Wisconsin",76053,2476
0500000US55139,55139,"Winnebago County, Wisconsin",52387,1834
0500000US55141,55141,"Wood County, Wisconsin",50831,2657
0500000US56021,56021,"Laramie County, Wyoming",57551,6018
0500000US56025,56025,"Natrona County, Wyoming",56392,5178
