GEO.id,GEO.id2,GEO.display-label,HD01_VD01,HD02_VD01
Id,Id2,Geography,Estimate; Median household income in the past 12 months (in 2011 inflation-adjusted dollars),Margin of Error; Median household income in the past 12 months (in 2011 inflation-adjusted dollars)
0500000US01003,01003,"Baldwin County, Alabama",50900,4988
0500000US01015,01015,"Calhoun County, Alabama",39037,2926
0500000US01043,01043,"Cullman County, Alabama",40054,5721
0500000US01049,01049,"DeKalb County, Alabama",36541,3198
0500000US01051,01051,"Elmore County, Alabama",57405,4043
0500000US01055,01055,"Etowah County, Alabama",33313,3299
0500000US01069,01069,"Houston County, Alabama",40336,2176
0500000US01073,01073,"Jefferson County, Alabama",41976,1002
0500000US01077,01077,"Lauderdale County, Alabama",40121,3405
0500000US01081,01081,"Lee County, Alabama",42965,2428
0500000US01083,01083,"Limestone County, Alabama",46339,2031
0500000US01089,01089,"Madison County, Alabama",54444,3362
0500000US01095,01095,"Marshall County, Alabama",39245,2844
0500000US01097,01097,"Mobile County, Alabama",42372,1814
0500000US01101,01101,"Montgomery County, Alabama",44185,2661
0500000US01103,01103,"Morgan County, Alabama",43590,2313
0500000US01115,01115,"St. Clair County, Alabama",47500,7257
0500000US01117,01117,"Shelby County, Alabama",65815,2569
0500000US01121,01121,"Talladega County, Alabama",30367,3299
0500000US01125,01125,"Tuscaloosa County, Alabama",42056,2841
0500000US01127,01127,"Walker County, Alabama",34343,3045
0500000US02020,02020,"Anchorage Municipality, Alaska",72813,3563
0500000US02090,02090,"Fairbanks North Star Borough, Alaska",65920,4915
0500000US02170,02170,"Matanuska-Susitna Borough, Alaska",68672,5342
0500000US04001,04001,"Apache County, Arizona",31123,3029
0500000US04003,04003,"Cochise County, Arizona",40903,2473
0500000US04005,04005,"Coconino County, Arizona",45045,4114
0500000US04013,04013,"Maricopa County, Arizona",50770,686
0500000US04015,04015,"Mohave County, Arizona",35983,3437
0500000US04017,04017,"Navajo County, Arizona",30937,2628
0500000US04019,04019,"Pima County, Arizona",44112,1595
0500000US04021,04021,"Pinal County, Arizona",44107,2767
0500000US04025,04025,"Yavapai County, Arizona",41719,4881
0500000US04027,04027,"Yuma County, Arizona",38390,3920
0500000US05007,05007,"Benton County, Arkansas",52341,2519
0500000US05031,05031,"Craighead County, Arkansas",37390,6994
0500000US05045,05045,"Faulkner County, Arkansas",49886,5309
0500000US05051,05051,"Garland County, Arkansas",34251,3448
0500000US05069,05069,"Jefferson County, Arkansas",39176,3740
0500000US05085,05085,"Lonoke County, Arkansas",48161,5672
0500000US05119,05119,"Pulaski County, Arkansas",43461,2461
0500000US05125,05125,"Saline County, Arkansas",53557,4308
0500000US05131,05131,"Sebastian County, Arkansas",35703,3760
0500000US05143,05143,"Washington County, Arkansas",37449,2475
0500000US05145,05145,"White County, Arkansas",44626,4895
0500000US06001,06001,"Alameda County, California",67558,1670
0500000US06007,06007,"Butte County, California",39179,1891
0500000US06013,06013,"Contra Costa County, California",74353,2713
0500000US06017,06017,"El Dorado County, California",61084,5063
0500000US06019,06019,"Fresno County, California",42807,1370
0500000US06023,06023,"Humboldt County, California",41187,4266
0500000US06025,06025,"Imperial County, California",37843,4938
0500000US06029,06029,"Kern County, California",45224,1820
0500000US06031,06031,"Kings County, California",50345,3197
0500000US06033,06033,"Lake County, California",35991,3867
0500000US06037,06037,"Los Angeles County, California",52280,462
0500000US06039,06039,"Madera County, California",46570,3164
0500000US06041,06041,"Marin County, California",77168,4762
0500000US06045,06045,"Mendocino County, California",42431,5133
0500000US06047,06047,"Merced County, California",40055,2768
0500000US06053,06053,"Monterey County, California",53179,2316
0500000US06055,06055,"Napa County, California",61460,3903
0500000US06057,06057,"Nevada County, California",54080,4321
0500000US06059,06059,"Orange County, California",72293,1199
0500000US06061,06061,"Placer County, California",68959,4414
0500000US06065,06065,"Riverside County, California",52883,1624
0500000US06067,06067,"Sacramento County, California",52314,1362
0500000US06071,06071,"San Bernardino County, California",51247,1126
0500000US06073,06073,"San Diego County, California",59477,1346
0500000US06075,06075,"San Francisco County, California",69894,2466
0500000US06077,06077,"San Joaquin County, California",50853,1692
0500000US06079,06079,"San Luis Obispo County, California",54195,2655
0500000US06081,06081,"San Mateo County, California",81657,3170
0500000US06083,06083,"Santa Barbara County, California",60505,2471
0500000US06085,06085,"Santa Clara County, California",84895,1426
0500000US06087,06087,"Santa Cruz County, California",62513,3507
0500000US06089,06089,"Shasta County, California",42062,3142
0500000US06095,06095,"Solano County, California",63795,3368
0500000US06097,06097,"Sonoma County, California",61020,1839
0500000US06099,06099,"Stanislaus County, California",44076,2394
0500000US06101,06101,"Sutter County, California",49533,2495
0500000US06107,06107,"Tulare County, California",41167,2260
0500000US06111,06111,"Ventura County, California",74623,1761
0500000US06113,06113,"Yolo County, California",49594,2959
0500000US06115,06115,"Yuba County, California",43961,1793
0500000US08001,08001,"Adams County, Colorado",52325,1856
0500000US08005,08005,"Arapahoe County, Colorado",56722,1570
0500000US08013,08013,"Boulder County, Colorado",68637,3798
0500000US08031,08031,"Denver County, Colorado",47371,1848
0500000US08035,08035,"Douglas County, Colorado",93573,3322
0500000US08041,08041,"El Paso County, Colorado",54797,2156
0500000US08059,08059,"Jefferson County, Colorado",64292,1946
0500000US08069,08069,"Larimer County, Colorado",55219,2008
0500000US08077,08077,"Mesa County, Colorado",47664,3472
0500000US08101,08101,"Pueblo County, Colorado",40965,2825
0500000US08123,08123,"Weld County, Colorado",51059,3043
0500000US09001,09001,"Fairfield County, Connecticut",77289,2310
0500000US09003,09003,"Hartford County, Connecticut",60965,1231
0500000US09005,09005,"Litchfield County, Connecticut",69097,3428
0500000US09007,09007,"Middlesex County, Connecticut",77193,6310
0500000US09009,09009,"New Haven County, Connecticut",59245,2436
0500000US09011,09011,"New London County, Connecticut",64788,4010
0500000US09013,09013,"Tolland County, Connecticut",78210,4352
0500000US09015,09015,"Windham County, Connecticut",55744,4056
0500000US10001,10001,"Kent County, Delaware",52512,4361
0500000US10003,10003,"New Castle County, Delaware",63716,2824
0500000US10005,10005,"Sussex County, Delaware",53644,3799
0500000US11001,11001,"District of Columbia, District of Columbia",63124,2407
0500000US12001,12001,"Alachua County, Florida",39636,2436
0500000US12005,12005,"Bay County, Florida",44310,3237
0500000US12009,12009,"Brevard County, Florida",46429,1596
0500000US12011,12011,"Broward County, Florida",48880,1663
0500000US12015,12015,"Charlotte County, Florida",41190,3426
0500000US12017,12017,"Citrus County, Florida",33764,2794
0500000US12019,12019,"Clay County, Florida",54389,2785
0500000US12021,12021,"Collier County, Florida",50564,1694
0500000US12023,12023,"Columbia County, Florida",35008,5498
0500000US12031,12031,"Duval County, Florida",45958,1859
0500000US12033,12033,"Escambia County, Florida",40917,3268
0500000US12035,12035,"Flagler County, Florida",46232,5562
0500000US12053,12053,"Hernando County, Florida",41150,2368
0500000US12055,12055,"Highlands County, Florida",33652,2382
0500000US12057,12057,"Hillsborough County, Florida",46761,1297
0500000US12061,12061,"Indian River County, Florida",39767,3090
0500000US12069,12069,"Lake County, Florida",45454,2592
0500000US12071,12071,"Lee County, Florida",45266,1691
0500000US12073,12073,"Leon County, Florida",44731,2669
0500000US12081,12081,"Manatee County, Florida",43234,2123
0500000US12083,12083,"Marion County, Florida",36255,1503
0500000US12085,12085,"Martin County, Florida",50022,4466
0500000US12086,12086,"Miami-Dade County, Florida",40552,710
0500000US12087,12087,"Monroe County, Florida",51524,2973
0500000US12089,12089,"Nassau County, Florida",52466,5762
0500000US12091,12091,"Okaloosa County, Florida",49158,4050
0500000US12095,12095,"Orange County, Florida",44732,1877
0500000US12097,12097,"Osceola County, Florida",41040,2899
0500000US12099,12099,"Palm Beach County, Florida",48953,1587
0500000US12101,12101,"Pasco County, Florida",40766,1789
0500000US12103,12103,"Pinellas County, Florida",42852,1457
0500000US12105,12105,"Polk County, Florida",40272,1605
0500000US12107,12107,"Putnam County, Florida",30440,2242
0500000US12109,12109,"St. Johns County, Florida",62510,3891
0500000US12111,12111,"St. Lucie County, Florida",40898,3832
0500000US12113,12113,"Santa Rosa County, Florida",53103,5204
0500000US12115,12115,"Sarasota County, Florida",47189,2701
0500000US12117,12117,"Seminole County, Florida",54611,2894
0500000US12119,12119,"Sumter County, Florida",43996,4185
0500000US12127,12127,"Volusia County, Florida",38213,2060
0500000US13013,13013,"Barrow County, Georgia",50490,6245
0500000US13015,13015,"Bartow County, Georgia",44034,4332
0500000US13021,13021,"Bibb County, Georgia",33878,3799
0500000US13031,13031,"Bulloch County, Georgia",32251,6562
0500000US13045,13045,"Carroll County, Georgia",42858,4781
0500000US13051,13051,"Chatham County, Georgia",42730,3067
0500000US13057,13057,"Cherokee County, Georgia",62515,5555
0500000US13059,13059,"Clarke County, Georgia",28843,2829
0500000US13063,13063,"Clayton County, Georgia",37050,2553
0500000US13067,13067,"Cobb County, Georgia",57906,3497
0500000US13073,13073,"Columbia County, Georgia",61718,2447
0500000US13077,13077,"Coweta County, Georgia",54792,6703
0500000US13089,13089,"DeKalb County, Georgia",48297,2178
0500000US13095,13095,"Dougherty County, Georgia",28424,3420
0500000US13097,13097,"Douglas County, Georgia",49282,4780
0500000US13113,13113,"Fayette County, Georgia",72962,4273
0500000US13115,13115,"Floyd County, Georgia",40963,5693
0500000US13117,13117,"Forsyth County, Georgia",82209,7717
0500000US13121,13121,"Fulton County, Georgia",53697,2827
0500000US13127,13127,"Glynn County, Georgia",45726,5463
0500000US13135,13135,"Gwinnett County, Georgia",56523,2729
0500000US13139,13139,"Hall County, Georgia",50108,4691
0500000US13151,13151,"Henry County, Georgia",57258,3073
0500000US13153,13153,"Houston County, Georgia",51021,4101
0500000US13179,13179,"Liberty County, Georgia",45485,5121
0500000US13185,13185,"Lowndes County, Georgia",32898,3102
0500000US13215,13215,"Muscogee County, Georgia",37333,2652
0500000US13217,13217,"Newton County, Georgia",40932,4132
0500000US13223,13223,"Paulding County, Georgia",57764,2710
0500000US13245,13245,"Richmond County, Georgia",38928,2976
0500000US13247,13247,"Rockdale County, Georgia",51067,3230
0500000US13285,13285,"Troup County, Georgia",40368,5527
0500000US13295,13295,"Walker County, Georgia",38187,5161
0500000US13297,13297,"Walton County, Georgia",50129,8325
0500000US13313,13313,"Whitfield County, Georgia",36928,2736
0500000US15001,15001,"Hawaii County, Hawaii",46479,2349
0500000US15003,15003,"Honolulu County, Hawaii",66146,2039
0500000US15007,15007,"Kauai County, Hawaii",60751,4656
0500000US15009,15009,"Maui County, Hawaii",60147,3869
0500000US16001,16001,"Ada County, Idaho",49643,2677
0500000US16005,16005,"Bannock County, Idaho",41097,3171
0500000US16019,16019,"Bonneville County, Idaho",47828,4812
0500000US16027,16027,"Canyon County, Idaho",38470,2209
0500000US16055,16055,"Kootenai County, Idaho",47782,3928
0500000US16083,16083,"Twin Falls County, Idaho",42015,4628
0500000US17001,17001,"Adams County, Illinois",42635,2925
0500000US17019,17019,"Champaign County, Illinois",39591,3546
0500000US17031,17031,"Cook County, Illinois",50813,523
0500000US17037,17037,"DeKalb County, Illinois",51327,3863
0500000US17043,17043,"DuPage County, Illinois",74072,2612
0500000US17089,17089,"Kane County, Illinois",66497,3416
0500000US17091,17091,"Kankakee County, Illinois",45669,2505
0500000US17093,17093,"Kendall County, Illinois",80655,6937
0500000US17097,17097,"Lake County, Illinois",74266,2115
0500000US17099,17099,"LaSalle County, Illinois",48935,4124
0500000US17111,17111,"McHenry County, Illinois",70117,2930
0500000US17113,17113,"McLean County, Illinois",57799,3724
0500000US17115,17115,"Macon County, Illinois",44415,3209
0500000US17119,17119,"Madison County, Illinois",50372,1887
0500000US17143,17143,"Peoria County, Illinois",48988,2498
0500000US17161,17161,"Rock Island County, Illinois",43597,2930
0500000US17163,17163,"St. Clair County, Illinois",50318,2734
0500000US17167,17167,"Sangamon County, Illinois",51075,2281
0500000US17179,17179,"Tazewell County, Illinois",49237,2133
0500000US17183,17183,"Vermilion County, Illinois",40869,3658
0500000US17197,17197,"Will County, Illinois",71882,1729
0500000US17199,17199,"Williamson County, Illinois",40439,4133
0500000US17201,17201,"Winnebago County, Illinois",43603,2284
0500000US18003,18003,"Allen County, Indiana",47426,2027
0500000US18005,18005,"Bartholomew County, Indiana",54197,5860
0500000US18019,18019,"Clark County, Indiana",52464,5217
0500000US18035,18035,"Delaware County, Indiana",36811,2646
0500000US18039,18039,"Elkhart County, Indiana",43317,3326
0500000US18043,18043,"Floyd County, Indiana",50940,3831
0500000US18053,18053,"Grant County, Indiana",38187,5477
0500000US18057,18057,"Hamilton County, Indiana",80999,6429
0500000US18059,18059,"Hancock County, Indiana",57062,5763
0500000US18063,18063,"Hendricks County, Indiana",61687,4590
0500000US18067,18067,"Howard County, Indiana",37589,3982
0500000US18081,18081,"Johnson County, Indiana",62274,5909
0500000US18085,18085,"Kosciusko County, Indiana",50803,2487
0500000US18089,18089,"Lake County, Indiana",48533,2089
0500000US18091,18091,"LaPorte County, Indiana",48389,3651
0500000US18095,18095,"Madison County, Indiana",42129,3316
0500000US18097,18097,"Marion County, Indiana",39631,1215
0500000US18105,18105,"Monroe County, Indiana",38149,4375
0500000US18109,18109,"Morgan County, Indiana",52051,5876
0500000US18127,18127,"Porter County, Indiana",61432,4595
0500000US18141,18141,"St. Joseph County, Indiana",43766,1783
0500000US18157,18157,"Tippecanoe County, Indiana",42404,2775
0500000US18163,18163,"Vanderburgh County, Indiana",43630,2140
0500000US18167,18167,"Vigo County, Indiana",39229,3410
0500000US18177,18177,"Wayne County, Indiana",36358,2371
0500000US19013,19013,"Black Hawk County, Iowa",42438,1925
0500000US19049,19049,"Dallas County, Iowa",69831,6439
0500000US19061,19061,"Dubuque County, Iowa",53011,3724
0500000US19103,19103,"Johnson County, Iowa",52732,4693
0500000US19113,19113,"Linn County, Iowa",55449,2646
0500000US19153,19153,"Polk County, Iowa",55826,2514
0500000US19155,19155,"Pottawattamie County, Iowa",48850,5681
0500000US19163,19163,"Scott County, Iowa",49549,2009
0500000US19169,19169,"Story County, Iowa",45866,3438
0500000US19193,19193,"Woodbury County, Iowa",42435,3713
0500000US20015,20015,"Butler County, Kansas",51843,3286
0500000US20045,20045,"Douglas County, Kansas",47757,4447
0500000US20091,20091,"Johnson County, Kansas",69856,2588
0500000US20103,20103,"Leavenworth County, Kansas",62453,4210
0500000US20161,20161,"Riley County, Kansas",45122,4658
0500000US20173,20173,"Sedgwick County, Kansas",49478,2353
0500000US20177,20177,"Shawnee County, Kansas",43900,2397
0500000US20209,20209,"Wyandotte County, Kansas",37991,1690
0500000US21015,21015,"Boone County, Kentucky",63556,4855
0500000US21029,21029,"Bullitt County, Kentucky",51436,6332
0500000US21037,21037,"Campbell County, Kentucky",53968,2295
0500000US21047,21047,"Christian County, Kentucky",35573,4543
0500000US21059,21059,"Daviess County, Kentucky",44622,4907
0500000US21067,21067,"Fayette County, Kentucky",47207,1882
0500000US21093,21093,"Hardin County, Kentucky",47448,3553
0500000US21111,21111,"Jefferson County, Kentucky",45383,1499
0500000US21117,21117,"Kenton County, Kentucky",49367,2749
0500000US21145,21145,"McCracken County, Kentucky",45220,3371
0500000US21151,21151,"Madison County, Kentucky",38596,3366
0500000US21195,21195,"Pike County, Kentucky",33307,3601
0500000US21227,21227,"Warren County, Kentucky",38244,3402
0500000US22005,22005,"Ascension Parish, Louisiana",64530,5735
0500000US22015,22015,"Bossier Parish, Louisiana",50604,3929
0500000US22017,22017,"Caddo Parish, Louisiana",40460,2346
0500000US22019,22019,"Calcasieu Parish, Louisiana",40253,2527
0500000US22033,22033,"East Baton Rouge Parish, Louisiana",46356,2176
0500000US22045,22045,"Iberia Parish, Louisiana",42488,6904
0500000US22051,22051,"Jefferson Parish, Louisiana",43332,2030
0500000US22055,22055,"Lafayette Parish, Louisiana",45172,5160
0500000US22057,22057,"Lafourche Parish, Louisiana",46697,4373
0500000US22063,22063,"Livingston Parish, Louisiana",55817,7450
0500000US22071,22071,"Orleans Parish, Louisiana",35041,1271
0500000US22073,22073,"Ouachita Parish, Louisiana",34421,3005
0500000US22079,22079,"Rapides Parish, Louisiana",35047,3445
0500000US22097,22097,"St. Landry Parish, Louisiana",34337,3804
0500000US22103,22103,"St. Tammany Parish, Louisiana",56536,3827
0500000US22105,22105,"Tangipahoa Parish, Louisiana",39391,3553
0500000US22109,22109,"Terrebonne Parish, Louisiana",43963,3214
0500000US23001,23001,"Androscoggin County, Maine",44689,4201
0500000US23003,23003,"Aroostook County, Maine",35148,2363
0500000US23005,23005,"Cumberland County, Maine",55985,3887
0500000US23011,23011,"Kennebec County, Maine",44259,4584
0500000US23019,23019,"Penobscot County, Maine",40669,3093
0500000US23031,23031,"York County, Maine",56777,3640
0500000US24001,24001,"Allegany County, Maryland",38502,3577
0500000US24003,24003,"Anne Arundel County, Maryland",84138,3784
0500000US24005,24005,"Baltimore County, Maryland",62407,1795
0500000US24009,24009,"Calvert County, Maryland",89393,5014
0500000US24013,24013,"Carroll County, Maryland",84117,4167
0500000US24015,24015,"Cecil County, Maryland",61686,6379
0500000US24017,24017,"Charles County, Maryland",91733,5201
0500000US24021,24021,"Frederick County, Maryland",77791,4200
0500000US24025,24025,"Harford County, Maryland",78123,4209
0500000US24027,24027,"Howard County, Maryland",98953,4503
0500000US24031,24031,"Montgomery County, Maryland",92909,2912
0500000US24033,24033,"Prince George's County, Maryland",70715,1992
0500000US24037,24037,"St. Mary's County, Maryland",81657,2889
0500000US24043,24043,"Washington County, Maryland",52653,3570
0500000US24045,24045,"Wicomico County, Maryland",46990,5407
0500000US24510,24510,"Baltimore city, Maryland",38721,1673
0500000US25001,25001,"Barnstable County, Massachusetts",56699,4023
0500000US25003,25003,"Berkshire County, Massachusetts",42969,2819
0500000US25005,25005,"Bristol County, Massachusetts",53409,1899
0500000US25009,25009,"Essex County, Massachusetts",64887,2498
0500000US25011,25011,"Franklin County, Massachusetts",50361,2939
0500000US25013,25013,"Hampden County, Massachusetts",47897,3090
0500000US25015,25015,"Hampshire County, Massachusetts",54179,3275
0500000US25017,25017,"Middlesex County, Massachusetts",76978,1676
0500000US25021,25021,"Norfolk County, Massachusetts",81889,2307
0500000US25023,25023,"Plymouth County, Massachusetts",68253,2821
0500000US25025,25025,"Suffolk County, Massachusetts",49276,2237
0500000US25027,25027,"Worcester County, Massachusetts",60493,1560
0500000US26005,26005,"Allegan County, Michigan",50508,2500
0500000US26017,26017,"Bay County, Michigan",43361,3425
0500000US26021,26021,"Berrien County, Michigan",40831,1846
0500000US26025,26025,"Calhoun County, Michigan",38666,2458
0500000US26037,26037,"Clinton County, Michigan",57289,3177
0500000US26045,26045,"Eaton County, Michigan",50822,2356
0500000US26049,26049,"Genesee County, Michigan",40843,1168
0500000US26055,26055,"Grand Traverse County, Michigan",46330,3032
0500000US26065,26065,"Ingham County, Michigan",42047,1825
0500000US26073,26073,"Isabella County, Michigan",37319,2538
0500000US26075,26075,"Jackson County, Michigan",41686,2274
0500000US26077,26077,"Kalamazoo County, Michigan",45502,2168
0500000US26081,26081,"Kent County, Michigan",50712,1481
0500000US26087,26087,"Lapeer County, Michigan",49178,3840
0500000US26091,26091,"Lenawee County, Michigan",44509,3216
0500000US26093,26093,"Livingston County, Michigan",67441,4156
0500000US26099,26099,"Macomb County, Michigan",50891,1248
0500000US26103,26103,"Marquette County, Michigan",41130,2407
0500000US26111,26111,"Midland County, Michigan",52591,4966
0500000US26115,26115,"Monroe County, Michigan",53744,3301
0500000US26121,26121,"Muskegon County, Michigan",37626,2952
0500000US26125,26125,"Oakland County, Michigan",61888,981
0500000US26139,26139,"Ottawa County, Michigan",53553,2981
0500000US26145,26145,"Saginaw County, Michigan",40434,1738
0500000US26147,26147,"St. Clair County, Michigan",45676,2404
0500000US26155,26155,"Shiawassee County, Michigan",47775,3298
0500000US26159,26159,"Van Buren County, Michigan",41379,1785
0500000US26161,26161,"Washtenaw County, Michigan",56612,2100
0500000US26163,26163,"Wayne County, Michigan",38479,742
0500000US27003,27003,"Anoka County, Minnesota",63614,1812
0500000US27019,27019,"Carver County, Minnesota",83348,6514
0500000US27037,27037,"Dakota County, Minnesota",69902,1835
0500000US27053,27053,"Hennepin County, Minnesota",60817,971
0500000US27109,27109,"Olmsted County, Minnesota",67618,4303
0500000US27123,27123,"Ramsey County, Minnesota",51702,1618
0500000US27137,27137,"St. Louis County, Minnesota",44447,2008
0500000US27139,27139,"Scott County, Minnesota",80864,3662
0500000US27141,27141,"Sherburne County, Minnesota",67198,7573
0500000US27145,27145,"Stearns County, Minnesota",52334,2990
0500000US27163,27163,"Washington County, Minnesota",76491,2740
0500000US27171,27171,"Wright County, Minnesota",68242,4437
0500000US28033,28033,"DeSoto County, Mississippi",53802,2980
0500000US28035,28035,"Forrest County, Mississippi",35046,7216
0500000US28047,28047,"Harrison County, Mississippi",38645,2083
0500000US28049,28049,"Hinds County, Mississippi",34926,2985
0500000US28059,28059,"Jackson County, Mississippi",47800,2615
0500000US28067,28067,"Jones County, Mississippi",39709,5256
0500000US28075,28075,"Lauderdale County, Mississippi",38573,6688
0500000US28081,28081,"Lee County, Mississippi",40669,4388
0500000US28089,28089,"Madison County, Mississippi",52898,5024
0500000US28121,28121,"Rankin County, Mississippi",61423,3353
0500000US29019,29019,"Boone County, Missouri",46596,2902
0500000US29021,29021,"Buchanan County, Missouri",42624,3337
0500000US29031,29031,"Cape Girardeau County, Missouri",39977,3187
0500000US29037,29037,"Cass County, Missouri",53936,2895
0500000US29043,29043,"Christian County, Missouri",50876,3051
0500000US29047,29047,"Clay County, Missouri",58830,3848
0500000US29051,29051,"Cole County, Missouri",55888,5995
0500000US29071,29071,"Franklin County, Missouri",45951,4008
0500000US29077,29077,"Greene County, Missouri",40124,2391
0500000US29095,29095,"Jackson County, Missouri",44347,1507
0500000US29097,29097,"Jasper County, Missouri",40308,3247
0500000US29099,29099,"Jefferson County, Missouri",50491,1945
0500000US29165,29165,"Platte County, Missouri",61863,3606
0500000US29183,29183,"St. Charles County, Missouri",66374,2777
0500000US29187,29187,"St. Francois County, Missouri",34260,2705
0500000US29189,29189,"St. Louis County, Missouri",54830,1914
0500000US29510,29510,"St. Louis city, Missouri",32570,1622
0500000US30013,30013,"Cascade County, Montana",42623,3127
0500000US30029,30029,"Flathead County, Montana",44207,3569
0500000US30031,30031,"Gallatin County, Montana",50302,5187
0500000US30063,30063,"Missoula County, Montana",41931,3525
0500000US30111,30111,"Yellowstone County, Montana",46975,2789
0500000US31055,31055,"Douglas County, Nebraska",51694,1275
0500000US31109,31109,"Lancaster County, Nebraska",48642,1899
0500000US31153,31153,"Sarpy County, Nebraska",64043,4000
0500000US32003,32003,"Clark County, Nevada",48215,1321
0500000US32031,32031,"Washoe County, Nevada",50733,1753
0500000US33005,33005,"Cheshire County, New Hampshire",54049,4115
0500000US33009,33009,"Grafton County, New Hampshire",50811,3908
0500000US33011,33011,"Hillsborough County, New Hampshire",66609,2539
0500000US33013,33013,"Merrimack County, New Hampshire",66221,3793
0500000US33015,33015,"Rockingham County, New Hampshire",75982,3529
0500000US33017,33017,"Strafford County, New Hampshire",55180,4323
0500000US34001,34001,"Atlantic County, New Jersey",50829,3788
0500000US34003,34003,"Bergen County, New Jersey",79272,2483
0500000US34005,34005,"Burlington County, New Jersey",72896,2562
0500000US34007,34007,"Camden County, New Jersey",57784,2701
0500000US34009,34009,"Cape May County, New Jersey",53256,2915
0500000US34011,34011,"Cumberland County, New Jersey",51548,3081
0500000US34013,34013,"Essex County, New Jersey",51009,1421
0500000US34015,34015,"Gloucester County, New Jersey",71850,4748
0500000US34017,34017,"Hudson County, New Jersey",56546,2810
0500000US34019,34019,"Hunterdon County, New Jersey",99099,6125
0500000US34021,34021,"Mercer County, New Jersey",73890,3953
0500000US34023,34023,"Middlesex County, New Jersey",74522,2914
0500000US34025,34025,"Monmouth County, New Jersey",79334,3401
0500000US34027,34027,"Morris County, New Jersey",91332,2020
0500000US34029,34029,"Ocean County, New Jersey",56929,1933
0500000US34031,34031,"Passaic County, New Jersey",52382,2781
0500000US34033,34033,"Salem County, New Jersey",53926,3118
0500000US34035,34035,"Somerset County, New Jersey",96360,3965
0500000US34037,34037,"Sussex County, New Jersey",83839,3984
0500000US34039,34039,"Union County, New Jersey",66398,3593
0500000US34041,34041,"Warren County, New Jersey",66594,5232
0500000US35001,35001,"Bernalillo County, New Mexico",43916,2084
0500000US35005,35005,"Chaves County, New Mexico",36282,2643
0500000US35013,35013,"Doña Ana County, New Mexico",36101,1738
0500000US35025,35025,"Lea County, New Mexico",50758,7783
0500000US35031,35031,"McKinley County, New Mexico",28983,4203
0500000US35035,35035,"Otero County, New Mexico",35308,2196
0500000US35043,35043,"Sandoval County, New Mexico",53214,4925
0500000US35045,35045,"San Juan County, New Mexico",51728,6832
0500000US35049,35049,"Santa Fe County, New Mexico",49959,4121
0500000US35061,35061,"Valencia County, New Mexico",42802,3946
0500000US36001,36001,"Albany County, New York",57062,2365
0500000US36005,36005,"Bronx County, New York",32058,966
0500000US36007,36007,"Broome County, New York",44158,2471
0500000US36009,36009,"Cattaraugus County, New York",38932,2454
0500000US36011,36011,"Cayuga County, New York",49256,3239
0500000US36013,36013,"Chautauqua County, New York",40927,1303
0500000US36015,36015,"Chemung County, New York",50120,3455
0500000US36019,36019,"Clinton County, New York",50872,3799
0500000US36027,36027,"Dutchess County, New York",67727,3480
0500000US36029,36029,"Erie County, New York",47533,997
0500000US36045,36045,"Jefferson County, New York",45500,2884
0500000US36047,36047,"Kings County, New York",42752,1170
0500000US36051,36051,"Livingston County, New York",50513,3224
0500000US36053,36053,"Madison County, New York",50173,3749
0500000US36055,36055,"Monroe County, New York",50204,1477
0500000US36059,36059,"Nassau County, New York",91414,1425
0500000US36061,36061,"New York County, New York",66299,1783
0500000US36063,36063,"Niagara County, New York",45398,2137
0500000US36065,36065,"Oneida County, New York",46736,2558
0500000US36067,36067,"Onondaga County, New York",53946,2134
0500000US36069,36069,"Ontario County, New York",52162,2268
0500000US36071,36071,"Orange County, New York",66224,2455
0500000US36075,36075,"Oswego County, New York",43372,3503
0500000US36079,36079,"Putnam County, New York",90735,11715
0500000US36081,36081,"Queens County, New York",53572,1229
0500000US36083,36083,"Rensselaer County, New York",58943,3870
0500000US36085,36085,"Richmond County, New York",70578,2788
0500000US36087,36087,"Rockland County, New York",82217,3449
0500000US36089,36089,"St. Lawrence County, New York",43578,2803
0500000US36091,36091,"Saratoga County, New York",64250,2816
0500000US36093,36093,"Schenectady County, New York",52505,3131
0500000US36101,36101,"Steuben County, New York",43457,2879
0500000US36103,36103,"Suffolk County, New York",84106,2071
0500000US36105,36105,"Sullivan County, New York",47978,4998
0500000US36109,36109,"Tompkins County, New York",51586,5073
0500000US36111,36111,"Ulster County, New York",55006,3376
0500000US36113,36113,"Warren County, New York",53110,4495
0500000US36117,36117,"Wayne County, New York",52597,3896
0500000US36119,36119,"Westchester County, New York",77006,2592
0500000US37001,37001,"Alamance County, North Carolina",40699,2603
0500000US37019,37019,"Brunswick County, North Carolina",38584,4811
0500000US37021,37021,"Buncombe County, North Carolina",41422,1907
0500000US37023,37023,"Burke County, North Carolina",36706,3510
0500000US37025,37025,"Cabarrus County, North Carolina",48668,3416
0500000US37027,37027,"Caldwell County, North Carolina",33198,2592
0500000US37031,37031,"Carteret County, North Carolina",44429,5166
0500000US37035,37035,"Catawba County, North Carolina",44369,2362
0500000US37045,37045,"Cleveland County, North Carolina",35753,4003
0500000US37049,37049,"Craven County, North Carolina",51298,5765
0500000US37051,37051,"Cumberland County, North Carolina",43577,2568
0500000US37057,37057,"Davidson County, North Carolina",40281,3667
0500000US37063,37063,"Durham County, North Carolina",46231,2611
0500000US37067,37067,"Forsyth County, North Carolina",42911,2361
0500000US37071,37071,"Gaston County, North Carolina",40674,1318
0500000US37081,37081,"Guilford County, North Carolina",43419,2588
0500000US37085,37085,"Harnett County, North Carolina",39513,2902
0500000US37089,37089,"Henderson County, North Carolina",46789,3243
0500000US37097,37097,"Iredell County, North Carolina",50241,3057
0500000US37101,37101,"Johnston County, North Carolina",46915,3826
0500000US37109,37109,"Lincoln County, North Carolina",52147,6753
0500000US37119,37119,"Mecklenburg County, North Carolina",51935,1164
0500000US37125,37125,"Moore County, North Carolina",45158,5887
0500000US37127,37127,"Nash County, North Carolina",44261,4658
0500000US37129,37129,"New Hanover County, North Carolina",45719,3479
0500000US37133,37133,"Onslow County, North Carolina",45573,4277
0500000US37135,37135,"Orange County, North Carolina",56482,5581
0500000US37147,37147,"Pitt County, North Carolina",39047,4145
0500000US37151,37151,"Randolph County, North Carolina",40301,3218
0500000US37155,37155,"Robeson County, North Carolina",30806,2755
0500000US37157,37157,"Rockingham County, North Carolina",35816,2430
0500000US37159,37159,"Rowan County, North Carolina",40008,2181
0500000US37161,37161,"Rutherford County, North Carolina",35786,5406
0500000US37171,37171,"Surry County, North Carolina",32310,4113
0500000US37179,37179,"Union County, North Carolina",61048,3015
0500000US37183,37183,"Wake County, North Carolina",62141,1887
0500000US37191,37191,"Wayne County, North Carolina",39085,4038
0500000US37193,37193,"Wilkes County, North Carolina",30181,4416
0500000US37195,37195,"Wilson County, North Carolina",36508,2476
0500000US38015,38015,"Burleigh County, North Dakota",57460,4995
0500000US38017,38017,"Cass County, North Dakota",51442,5059
0500000US38035,38035,"Grand Forks County, North Dakota",43917,3803
0500000US39003,39003,"Allen County, Ohio",41307,1838
0500000US39007,39007,"Ashtabula County, Ohio",38204,3208
0500000US39013,39013,"Belmont County, Ohio",40981,2048
0500000US39017,39017,"Butler County, Ohio",53138,2191
0500000US39023,39023,"Clark County, Ohio",41292,2194
0500000US39025,39025,"Clermont County, Ohio",55934,4811
0500000US39029,39029,"Columbiana County, Ohio",43975,3773
0500000US39035,39035,"Cuyahoga County, Ohio",41530,807
0500000US39041,39041,"Delaware County, Ohio",85365,4867
0500000US39043,39043,"Erie County, Ohio",46949,5343
0500000US39045,39045,"Fairfield County, Ohio",59607,3053
0500000US39049,39049,"Franklin County, Ohio",47029,1452
0500000US39055,39055,"Geauga County, Ohio",63855,6543
0500000US39057,39057,"Greene County, Ohio",56194,3872
0500000US39061,39061,"Hamilton County, Ohio",45940,1464
0500000US39063,39063,"Hancock County, Ohio",46742,3755
0500000US39081,39081,"Jefferson County, Ohio",42075,2284
0500000US39085,39085,"Lake County, Ohio",52690,2500
0500000US39089,39089,"Licking County, Ohio",54887,3186
0500000US39093,39093,"Lorain County, Ohio",48280,2316
0500000US39095,39095,"Lucas County, Ohio",38421,1395
0500000US39099,39099,"Mahoning County, Ohio",39356,1611
0500000US39101,39101,"Marion County, Ohio",41133,4704
0500000US39103,39103,"Medina County, Ohio",59572,2815
0500000US39109,39109,"Miami County, Ohio",46759,3996
0500000US39113,39113,"Montgomery County, Ohio",40602,1513
0500000US39119,39119,"Muskingum County, Ohio",38259,2600
0500000US39133,39133,"Portage County, Ohio",49554,2446
0500000US39139,39139,"Richland County, Ohio",40117,2413
0500000US39141,39141,"Ross County, Ohio",43464,3841
0500000US39145,39145,"Scioto County, Ohio",29657,2748
0500000US39151,39151,"Stark County, Ohio",41827,1788
0500000US39153,39153,"Summit County, Ohio",46429,1428
0500000US39155,39155,"Trumbull County, Ohio",40867,1420
0500000US39157,39157,"Tuscarawas County, Ohio",42082,4257
0500000US39165,39165,"Warren County, Ohio",69201,3776
0500000US39169,39169,"Wayne County, Ohio",46827,2916
0500000US39173,39173,"Wood County, Ohio",49792,3224
0500000US40017,40017,"Canadian County, Oklahoma",59329,4843
0500000US40027,40027,"Cleveland County, Oklahoma",51606,1922
0500000US40031,40031,"Comanche County, Oklahoma",44585,3398
0500000US40037,40037,"Creek County, Oklahoma",39030,4659
0500000US40101,40101,"Muskogee County, Oklahoma",34440,3372
0500000US40109,40109,"Oklahoma County, Oklahoma",42893,1886
0500000US40119,40119,"Payne County, Oklahoma",35181,3488
0500000US40125,40125,"Pottawatomie County, Oklahoma",42272,3559
0500000US40131,40131,"Rogers County, Oklahoma",54591,2875
0500000US40143,40143,"Tulsa County, Oklahoma",46466,1346
0500000US40145,40145,"Wagoner County, Oklahoma",49605,7189
0500000US41003,41003,"Benton County, Oregon",42513,3974
0500000US41005,41005,"Clackamas County, Oregon",58055,2240
0500000US41017,41017,"Deschutes County, Oregon",46984,3985
0500000US41019,41019,"Douglas County, Oregon",38502,3260
0500000US41029,41029,"Jackson County, Oregon",39138,2886
0500000US41033,41033,"Josephine County, Oregon",37048,4347
0500000US41035,41035,"Klamath County, Oregon",36464,3199
0500000US41039,41039,"Lane County, Oregon",40584,991
0500000US41043,41043,"Linn County, Oregon",42565,3711
0500000US41047,41047,"Marion County, Oregon",44051,1826
0500000US41051,41051,"Multnomah County, Oregon",46888,1507
0500000US41053,41053,"Polk County, Oregon",53252,4652
0500000US41059,41059,"Umatilla County, Oregon",43502,6236
0500000US41067,41067,"Washington County, Oregon",62488,1683
0500000US41071,41071,"Yamhill County, Oregon",53612,5763
0500000US42001,42001,"Adams County, Pennsylvania",54906,2660
0500000US42003,42003,"Allegheny County, Pennsylvania",49759,1065
0500000US42005,42005,"Armstrong County, Pennsylvania",42530,3213
0500000US42007,42007,"Beaver County, Pennsylvania",48901,2624
0500000US42011,42011,"Berks County, Pennsylvania",52307,2084
0500000US42013,42013,"Blair County, Pennsylvania",43136,2173
0500000US42017,42017,"Bucks County, Pennsylvania",70617,2121
0500000US42019,42019,"Butler County, Pennsylvania",54627,2370
0500000US42021,42021,"Cambria County, Pennsylvania",40253,2094
0500000US42025,42025,"Carbon County, Pennsylvania",44139,4796
0500000US42027,42027,"Centre County, Pennsylvania",46988,3186
0500000US42029,42029,"Chester County, Pennsylvania",79160,3801
0500000US42033,42033,"Clearfield County, Pennsylvania",42780,3257
0500000US42037,42037,"Columbia County, Pennsylvania",39730,3380
0500000US42039,42039,"Crawford County, Pennsylvania",41199,2385
0500000US42041,42041,"Cumberland County, Pennsylvania",58824,2510
0500000US42043,42043,"Dauphin County, Pennsylvania",51871,1993
0500000US42045,42045,"Delaware County, Pennsylvania",60102,1759
0500000US42049,42049,"Erie County, Pennsylvania",41975,1566
0500000US42051,42051,"Fayette County, Pennsylvania",37052,3470
0500000US42055,42055,"Franklin County, Pennsylvania",49068,3446
0500000US42063,42063,"Indiana County, Pennsylvania",42498,2949
0500000US42069,42069,"Lackawanna County, Pennsylvania",44284,2058
0500000US42071,42071,"Lancaster County, Pennsylvania",53387,1940
0500000US42073,42073,"Lawrence County, Pennsylvania",41606,2434
0500000US42075,42075,"Lebanon County, Pennsylvania",55019,3412
0500000US42077,42077,"Lehigh County, Pennsylvania",50978,2138
0500000US42079,42079,"Luzerne County, Pennsylvania",42847,2004
0500000US42081,42081,"Lycoming County, Pennsylvania",42391,3105
0500000US42085,42085,"Mercer County, Pennsylvania",41648,1531
0500000US42089,42089,"Monroe County, Pennsylvania",51875,4535
0500000US42091,42091,"Montgomery County, Pennsylvania",76220,1773
0500000US42095,42095,"Northampton County, Pennsylvania",57950,3054
0500000US42097,42097,"Northumberland County, Pennsylvania",39822,2228
0500000US42101,42101,"Philadelphia County, Pennsylvania",34207,1172
0500000US42107,42107,"Schuylkill County, Pennsylvania",47437,3194
0500000US42111,42111,"Somerset County, Pennsylvania",38658,3655
0500000US42125,42125,"Washington County, Pennsylvania",52783,2198
0500000US42129,42129,"Westmoreland County, Pennsylvania",46474,1625
0500000US42133,42133,"York County, Pennsylvania",55551,1430
0500000US44003,44003,"Kent County, Rhode Island",60416,3463
0500000US44005,44005,"Newport County, Rhode Island",69119,5761
0500000US44007,44007,"Providence County, Rhode Island",46875,2157
0500000US44009,44009,"Washington County, Rhode Island",69528,3567
0500000US45003,45003,"Aiken County, South Carolina",41522,3269
0500000US45007,45007,"Anderson County, South Carolina",40943,2376
0500000US45013,45013,"Beaufort County, South Carolina",55439,3108
0500000US45015,45015,"Berkeley County, South Carolina",49553,3061
0500000US45019,45019,"Charleston County, South Carolina",50510,2650
0500000US45031,45031,"Darlington County, South Carolina",39125,4751
0500000US45035,45035,"Dorchester County, South Carolina",50266,4268
0500000US45041,45041,"Florence County, South Carolina",40232,2954
0500000US45045,45045,"Greenville County, South Carolina",48586,2704
0500000US45047,45047,"Greenwood County, South Carolina",35678,4413
0500000US45051,45051,"Horry County, South Carolina",38775,2028
0500000US45057,45057,"Lancaster County, South Carolina",40232,5698
0500000US45059,45059,"Laurens County, South Carolina",35178,4593
0500000US45063,45063,"Lexington County, South Carolina",50661,2466
0500000US45073,45073,"Oconee County, South Carolina",41153,4520
0500000US45075,45075,"Orangeburg County, South Carolina",31031,2343
0500000US45077,45077,"Pickens County, South Carolina",39348,3711
0500000US45079,45079,"Richland County, South Carolina",44969,2892
0500000US45083,45083,"Spartanburg County, South Carolina",40167,2330
0500000US45085,45085,"Sumter County, South Carolina",42009,2162
0500000US45091,45091,"York County, South Carolina",49406,4745
0500000US46099,46099,"Minnehaha County, South Dakota",51365,1972
0500000US46103,46103,"Pennington County, South Dakota",48981,5451
0500000US47001,47001,"Anderson County, Tennessee",40756,3039
0500000US47009,47009,"Blount County, Tennessee",45858,3033
0500000US47011,47011,"Bradley County, Tennessee",37149,3840
0500000US47037,47037,"Davidson County, Tennessee",43556,1841
0500000US47059,47059,"Greene County, Tennessee",31873,2773
0500000US47065,47065,"Hamilton County, Tennessee",41769,2578
0500000US47093,47093,"Knox County, Tennessee",44580,2912
0500000US47113,47113,"Madison County, Tennessee",38743,3073
0500000US47119,47119,"Maury County, Tennessee",40518,3531
0500000US47125,47125,"Montgomery County, Tennessee",47154,5763
0500000US47141,47141,"Putnam County, Tennessee",32874,3918
0500000US47147,47147,"Robertson County, Tennessee",47785,2879
0500000US47149,47149,"Rutherford County, Tennessee",52249,2937
0500000US47155,47155,"Sevier County, Tennessee",42066,3986
0500000US47157,47157,"Shelby County, Tennessee",44391,1873
0500000US47163,47163,"Sullivan County, Tennessee",39541,2645
0500000US47165,47165,"Sumner County, Tennessee",52115,4051
0500000US47179,47179,"Washington County, Tennessee",41564,4969
0500000US47187,47187,"Williamson County, Tennessee",86962,8260
0500000US47189,47189,"Wilson County, Tennessee",59987,4877
0500000US48005,48005,"Angelina County, Texas",39007,3053
0500000US48021,48021,"Bastrop County, Texas",55599,8073
0500000US48027,48027,"Bell County, Texas",45309,3828
0500000US48029,48029,"Bexar County, Texas",46704,1208
0500000US48037,48037,"Bowie County, Texas",45035,4038
0500000US48039,48039,"Brazoria County, Texas",61924,3071
0500000US48041,48041,"Brazos County, Texas",33817,4295
0500000US48061,48061,"Cameron County, Texas",32070,1582
0500000US48085,48085,"Collin County, Texas",82237,3255
0500000US48091,48091,"Comal County, Texas",59234,4673
0500000US48099,48099,"Coryell County, Texas",49808,4599
0500000US48113,48113,"Dallas County, Texas",47326,787
0500000US48121,48121,"Denton County, Texas",69644,3175
0500000US48135,48135,"Ector County, Texas",49967,3870
0500000US48139,48139,"Ellis County, Texas",61570,3155
0500000US48141,48141,"El Paso County, Texas",39573,1842
0500000US48157,48157,"Fort Bend County, Texas",82271,3153
0500000US48167,48167,"Galveston County, Texas",59020,3701
0500000US48181,48181,"Grayson County, Texas",44574,3764
0500000US48183,48183,"Gregg County, Texas",42572,4378
0500000US48187,48187,"Guadalupe County, Texas",57326,5798
0500000US48201,48201,"Harris County, Texas",50928,655
0500000US48203,48203,"Harrison County, Texas",44334,3356
0500000US48209,48209,"Hays County, Texas",55160,6778
0500000US48213,48213,"Henderson County, Texas",38278,3736
0500000US48215,48215,"Hidalgo County, Texas",31077,1800
0500000US48231,48231,"Hunt County, Texas",50272,4085
0500000US48245,48245,"Jefferson County, Texas",41256,2345
0500000US48251,48251,"Johnson County, Texas",54664,2714
0500000US48257,48257,"Kaufman County, Texas",61537,3639
0500000US48291,48291,"Liberty County, Texas",45371,7229
0500000US48303,48303,"Lubbock County, Texas",43716,2297
0500000US48309,48309,"McLennan County, Texas",40484,2191
0500000US48329,48329,"Midland County, Texas",54330,3619
0500000US48339,48339,"Montgomery County, Texas",60952,2774
0500000US48347,48347,"Nacogdoches County, Texas",39110,3314
0500000US48355,48355,"Nueces County, Texas",44083,2701
0500000US48361,48361,"Orange County, Texas",42398,5740
0500000US48367,48367,"Parker County, Texas",69706,9331
0500000US48375,48375,"Potter County, Texas",35956,3636
0500000US48381,48381,"Randall County, Texas",57183,3885
0500000US48397,48397,"Rockwall County, Texas",82061,8386
0500000US48409,48409,"San Patricio County, Texas",50168,7117
0500000US48423,48423,"Smith County, Texas",43814,3036
0500000US48439,48439,"Tarrant County, Texas",52789,1260
0500000US48441,48441,"Taylor County, Texas",40123,4436
0500000US48451,48451,"Tom Green County, Texas",43107,5805
0500000US48453,48453,"Travis County, Texas",53036,1856
0500000US48469,48469,"Victoria County, Texas",45465,5639
0500000US48471,48471,"Walker County, Texas",38869,6859
0500000US48479,48479,"Webb County, Texas",36132,2738
0500000US48485,48485,"Wichita County, Texas",43292,2471
0500000US48491,48491,"Williamson County, Texas",67246,6053
0500000US49005,49005,"Cache County, Utah",46174,3591
0500000US49011,49011,"Davis County, Utah",69021,3214
0500000US49035,49035,"Salt Lake County, Utah",56171,1518
0500000US49049,49049,"Utah County, Utah",58607,2673
0500000US49053,49053,"Washington County, Utah",45854,2192
0500000US49057,49057,"Weber County, Utah",51798,2496
0500000US50007,50007,"Chittenden County, Vermont",61879,3474
0500000US51003,51003,"Albemarle County, Virginia",63001,6126
0500000US51013,51013,"Arlington County, Virginia",100735,6069
0500000US51015,51015,"Augusta County, Virginia",47326,8384
0500000US51019,51019,"Bedford County, Virginia",59980,4785
0500000US51041,51041,"Chesterfield County, Virginia",71110,2303
0500000US51059,51059,"Fairfax County, Virginia",105797,2682
0500000US51061,51061,"Fauquier County, Virginia",93762,13620
0500000US51069,51069,"Frederick County, Virginia",69155,8633
0500000US51085,51085,"Hanover County, Virginia",67505,7951
0500000US51087,51087,"Henrico County, Virginia",57860,2778
0500000US51095,51095,"James City County, Virginia",71667,8751
0500000US51107,51107,"Loudoun County, Virginia",119134,6794
0500000US51121,51121,"Montgomery County, Virginia",43982,6245
0500000US51153,51153,"Prince William County, Virginia",95146,5195
0500000US51161,51161,"Roanoke County, Virginia",61615,6009
0500000US51165,51165,"Rockingham County, Virginia",51889,3754
0500000US51177,51177,"Spotsylvania County, Virginia",76475,5573
0500000US51179,51179,"Stafford County, Virginia",91348,5800
0500000US51199,51199,"York County, Virginia",84167,9200
0500000US51510,51510,"Alexandria city, Virginia",82748,7051
0500000US51550,51550,"Chesapeake city, Virginia",66563,3592
0500000US51650,51650,"Hampton city, Virginia",49848,4124
0500000US51680,51680,"Lynchburg city, Virginia",36627,3795
0500000US51700,51700,"Newport News city, Virginia",48976,2451
0500000US51710,51710,"Norfolk city, Virginia",43108,2217
0500000US51740,51740,"Portsmouth city, Virginia",42647,3918
0500000US51760,51760,"Richmond city, Virginia",38926,3131
0500000US51770,51770,"Roanoke city, Virginia",39040,2935
0500000US51800,51800,"Suffolk city, Virginia",64334,4818
0500000US51810,51810,"Virginia Beach city, Virginia",64614,2022
0500000US53005,53005,"Benton County, Washington",61690,3034
0500000US53007,53007,"Chelan County, Washington",50986,4150
0500000US53009,53009,"Clallam County, Washington",50161,4487
0500000US53011,53011,"Clark County, Washington",56656,1921
0500000US53015,53015,"Cowlitz County, Washington",42031,3142
0500000US53021,53021,"Franklin County, Washington",49176,7781
0500000US53025,53025,"Grant County, Washington",43076,6404
0500000US53027,53027,"Grays Harbor County, Washington",40993,2618
0500000US53029,53029,"Island County, Washington",59467,3920
0500000US53033,53033,"King County, Washington",68775,1710
0500000US53035,53035,"Kitsap County, Washington",60314,1956
0500000US53041,53041,"Lewis County, Washington",41931,2774
0500000US53053,53053,"Pierce County, Washington",55214,1736
0500000US53057,53057,"Skagit County, Washington",52519,3504
0500000US53061,53061,"Snohomish County, Washington",63685,1821
0500000US53063,53063,"Spokane County, Washington",49078,1951
0500000US53067,53067,"Thurston County, Washington",60061,3484
0500000US53073,53073,"Whatcom County, Washington",51500,3130
0500000US53077,53077,"Yakima County, Washington",42173,2726
0500000US54003,54003,"Berkeley County, West Virginia",50526,4532
0500000US54011,54011,"Cabell County, West Virginia",37279,3109
0500000US54033,54033,"Harrison County, West Virginia",38795,4328
0500000US54039,54039,"Kanawha County, West Virginia",39928,2778
0500000US54061,54061,"Monongalia County, West Virginia",44049,4637
0500000US54081,54081,"Raleigh County, West Virginia",38304,3791
0500000US54107,54107,"Wood County, West Virginia",36954,3645
0500000US55009,55009,"Brown County, Wisconsin",52406,2194
0500000US55025,55025,"Dane County, Wisconsin",60345,1914
0500000US55027,55027,"Dodge County, Wisconsin",51948,2049
0500000US55035,55035,"Eau Claire County, Wisconsin",48167,5523
0500000US55039,55039,"Fond du Lac County, Wisconsin",53202,2179
0500000US55055,55055,"Jefferson County, Wisconsin",53217,4175
0500000US55059,55059,"Kenosha County, Wisconsin",51337,3401
0500000US55063,55063,"La Crosse County, Wisconsin",49966,4113
0500000US55071,55071,"Manitowoc County, Wisconsin",48272,2528
0500000US55073,55073,"Marathon County, Wisconsin",51678,2063
0500000US55079,55079,"Milwaukee County, Wisconsin",40702,904
0500000US55087,55087,"Outagamie County, Wisconsin",56445,2544
0500000US55089,55089,"Ozaukee County, Wisconsin",73703,4864
0500000US55097,55097,"Portage County, Wisconsin",49680,4428
0500000US55101,55101,"Racine County, Wisconsin",52582,3014
0500000US55105,55105,"Rock County, Wisconsin",47559,2489
0500000US55109,55109,"St. Croix County, Wisconsin",61811,4330
0500000US55117,55117,"Sheboygan County, Wisconsin",50935,2041
0500000US55127,55127,"Walworth County, Wisconsin",52250,5877
0500000US55131,55131,"Washington County, Wisconsin",67232,4076
0500000US55133,55133,"Waukesha County, Wisconsin",72562,2535
0500000US55139,55139,"Winnebago County, Wisconsin",47763,3417
0500000US55141,55141,"Wood County, Wisconsin",45891,2659
0500000US56021,56021,"Laramie County, Wyoming",54053,5562
0500000US56025,56025,"Natrona County, Wyoming",52603,6743
