GEO.id,GEO.id2,GEO.display-label,HD01_VD01,HD02_VD01
Id,Id2,Geography,Estimate; Median household income in the past 12 months (in 2013 inflation-adjusted dollars),Margin of Error; Median household income in the past 12 months (in 2013 inflation-adjusted dollars)
0500000US01003,01003,"Baldwin County, Alabama",44874,4150
0500000US01015,01015,"Calhoun County, Alabama",36205,3402
0500000US01043,01043,"Cullman County, Alabama",39936,3154
0500000US01049,01049,"DeKalb County, Alabama",40876,7020
0500000US01051,01051,"Elmore County, Alabama",50699,6535
0500000US01055,01055,"Etowah County, Alabama",39459,4190
0500000US01069,01069,"Houston County, Alabama",39006,2192
0500000US01073,01073,"Jefferson County, Alabama",45013,1634
0500000US01077,01077,"Lauderdale County, Alabama",43891,1975
0500000US01081,01081,"Lee County, Alabama",46068,4329
0500000US01083,01083,"Limestone County, Alabama",48639,4044
0500000US01089,01089,"Madison County, Alabama",58076,2427
0500000US01095,01095,"Marshall County, Alabama",38116,3568
0500000US01097,01097,"Mobile County, Alabama",42944,2180
0500000US01101,01101,"Montgomery County, Alabama",44675,2252
0500000US01103,01103,"Morgan County, Alabama",43169,4150
0500000US01115,01115,"St. Clair County, Alabama",53803,4543
0500000US01117,01117,"Shelby County, Alabama",67800,3396
0500000US01121,01121,"Talladega County, Alabama",37719,3980
0500000US01125,01125,"Tuscaloosa County, Alabama",46538,2485
0500000US01127,01127,"Walker County, Alabama",34810,6404
0500000US02020,02020,"Anchorage Municipality, Alaska",79045,4404
0500000US02090,02090,"Fairbanks North Star Borough, Alaska",69113,4914
0500000US02170,02170,"Matanuska-Susitna Borough, Alaska",72122,3128
0500000US04001,04001,"Apache County, Arizona",29180,2521
0500000US04003,04003,"Cochise County, Arizona",46647,3806
0500000US04005,04005,"Coconino County, Arizona",50637,4486
0500000US04013,04013,"Maricopa County, Arizona",52045,553
0500000US04015,04015,"Mohave County, Arizona",39058,2478
0500000US04017,04017,"Navajo County, Arizona",38400,3836
0500000US04019,04019,"Pima County, Arizona",43824,1116
0500000US04021,04021,"Pinal County, Arizona",49756,2357
0500000US04025,04025,"Yavapai County, Arizona",39895,2182
0500000US04027,04027,"Yuma County, Arizona",41666,2672
0500000US05007,05007,"Benton County, Arkansas",56570,2597
0500000US05031,05031,"Craighead County, Arkansas",41134,4065
0500000US05045,05045,"Faulkner County, Arkansas",49149,5054
0500000US05051,05051,"Garland County, Arkansas",39589,3856
0500000US05069,05069,"Jefferson County, Arkansas",34689,3798
0500000US05085,05085,"Lonoke County, Arkansas",56635,3443
0500000US05119,05119,"Pulaski County, Arkansas",46368,2575
0500000US05125,05125,"Saline County, Arkansas",53107,4147
0500000US05131,05131,"Sebastian County, Arkansas",41056,4968
0500000US05143,05143,"Washington County, Arkansas",42073,2951
0500000US05145,05145,"White County, Arkansas",43643,2988
0500000US06001,06001,"Alameda County, California",72399,1724
0500000US06007,06007,"Butte County, California",42752,2438
0500000US06013,06013,"Contra Costa County, California",79100,3132
0500000US06017,06017,"El Dorado County, California",61365,4625
0500000US06019,06019,"Fresno County, California",43925,1374
0500000US06023,06023,"Humboldt County, California",42092,4572
0500000US06025,06025,"Imperial County, California",43310,4644
0500000US06029,06029,"Kern County, California",46879,2311
0500000US06031,06031,"Kings County, California",45774,3036
0500000US06033,06033,"Lake County, California",37079,12116
0500000US06037,06037,"Los Angeles County, California",54529,645
0500000US06039,06039,"Madera County, California",39758,3435
0500000US06041,06041,"Marin County, California",96580,5921
0500000US06045,06045,"Mendocino County, California",42042,4562
0500000US06047,06047,"Merced County, California",40687,2019
0500000US06053,06053,"Monterey County, California",57052,3890
0500000US06055,06055,"Napa County, California",70914,4646
0500000US06057,06057,"Nevada County, California",54851,5124
0500000US06059,06059,"Orange County, California",74163,1461
0500000US06061,06061,"Placer County, California",73328,2659
0500000US06065,06065,"Riverside County, California",54095,1252
0500000US06067,06067,"Sacramento County, California",52936,1408
0500000US06071,06071,"San Bernardino County, California",52323,1172
0500000US06073,06073,"San Diego County, California",61426,812
0500000US06075,06075,"San Francisco County, California",77485,2315
0500000US06077,06077,"San Joaquin County, California",51432,1301
0500000US06079,06079,"San Luis Obispo County, California",58158,2686
0500000US06081,06081,"San Mateo County, California",91322,1774
0500000US06083,06083,"Santa Barbara County, California",62421,3413
0500000US06085,06085,"Santa Clara County, California",92014,1523
0500000US06087,06087,"Santa Cruz County, California",68438,5190
0500000US06089,06089,"Shasta County, California",40332,3172
0500000US06095,06095,"Solano County, California",63520,3371
0500000US06097,06097,"Sonoma County, California",61029,1565
0500000US06099,06099,"Stanislaus County, California",47962,2536
0500000US06101,06101,"Sutter County, California",49139,4861
0500000US06107,06107,"Tulare County, California",39422,2284
0500000US06111,06111,"Ventura County, California",77363,2133
0500000US06113,06113,"Yolo County, California",54898,5475
0500000US06115,06115,"Yuba County, California",43801,5685
0500000US08001,08001,"Adams County, Colorado",54878,2563
0500000US08005,08005,"Arapahoe County, Colorado",60956,1387
0500000US08013,08013,"Boulder County, Colorado",71604,2063
0500000US08031,08031,"Denver County, Colorado",51089,1181
0500000US08035,08035,"Douglas County, Colorado",102961,3740
0500000US08041,08041,"El Paso County, Colorado",57098,2486
0500000US08059,08059,"Jefferson County, Colorado",68201,2063
0500000US08069,08069,"Larimer County, Colorado",59052,2807
0500000US08077,08077,"Mesa County, Colorado",46723,4977
0500000US08101,08101,"Pueblo County, Colorado",41218,2572
0500000US08123,08123,"Weld County, Colorado",58611,2251
0500000US09001,09001,"Fairfield County, Connecticut",82084,2165
0500000US09003,09003,"Hartford County, Connecticut",63603,2317
0500000US09005,09005,"Litchfield County, Connecticut",70981,3524
0500000US09007,09007,"Middlesex County, Connecticut",75303,5209
0500000US09009,09009,"New Haven County, Connecticut",58571,2218
0500000US09011,09011,"New London County, Connecticut",62883,3149
0500000US09013,09013,"Tolland County, Connecticut",72954,3780
0500000US09015,09015,"Windham County, Connecticut",57503,6522
0500000US10001,10001,"Kent County, Delaware",54794,2991
0500000US10003,10003,"New Castle County, Delaware",63109,2250
0500000US10005,10005,"Sussex County, Delaware",50629,2156
0500000US11001,11001,"District of Columbia, District of Columbia",67572,3383
0500000US12001,12001,"Alachua County, Florida",38454,2549
0500000US12005,12005,"Bay County, Florida",45594,2519
0500000US12009,12009,"Brevard County, Florida",46472,1836
0500000US12011,12011,"Broward County, Florida",50446,817
0500000US12015,12015,"Charlotte County, Florida",43698,1777
0500000US12017,12017,"Citrus County, Florida",40015,3181
0500000US12019,12019,"Clay County, Florida",57757,4052
0500000US12021,12021,"Collier County, Florida",54406,4231
0500000US12023,12023,"Columbia County, Florida",45220,4578
0500000US12031,12031,"Duval County, Florida",47906,1603
0500000US12033,12033,"Escambia County, Florida",42877,2312
0500000US12035,12035,"Flagler County, Florida",46055,4153
0500000US12053,12053,"Hernando County, Florida",39193,2676
0500000US12055,12055,"Highlands County, Florida",33811,1919
0500000US12057,12057,"Hillsborough County, Florida",49597,1319
0500000US12061,12061,"Indian River County, Florida",42401,3147
0500000US12069,12069,"Lake County, Florida",44026,2669
0500000US12071,12071,"Lee County, Florida",46383,1342
0500000US12073,12073,"Leon County, Florida",46859,2283
0500000US12081,12081,"Manatee County, Florida",48309,2368
0500000US12083,12083,"Marion County, Florida",38695,1652
0500000US12085,12085,"Martin County, Florida",49444,6416
0500000US12086,12086,"Miami-Dade County, Florida",41913,648
0500000US12087,12087,"Monroe County, Florida",50838,3977
0500000US12089,12089,"Nassau County, Florida",54330,6004
0500000US12091,12091,"Okaloosa County, Florida",55139,3186
0500000US12095,12095,"Orange County, Florida",46716,1123
0500000US12097,12097,"Osceola County, Florida",41361,2613
0500000US12099,12099,"Palm Beach County, Florida",51804,936
0500000US12101,12101,"Pasco County, Florida",45678,1500
0500000US12103,12103,"Pinellas County, Florida",43703,1091
0500000US12105,12105,"Polk County, Florida",42435,1473
0500000US12107,12107,"Putnam County, Florida",32295,3510
0500000US12109,12109,"St. Johns County, Florida",64862,4782
0500000US12111,12111,"St. Lucie County, Florida",42504,3692
0500000US12113,12113,"Santa Rosa County, Florida",54843,3910
0500000US12115,12115,"Sarasota County, Florida",48263,2365
0500000US12117,12117,"Seminole County, Florida",55058,2892
0500000US12119,12119,"Sumter County, Florida",52891,3106
0500000US12127,12127,"Volusia County, Florida",40919,1081
0500000US13013,13013,"Barrow County, Georgia",56051,4902
0500000US13015,13015,"Bartow County, Georgia",45191,4164
0500000US13021,13021,"Bibb County, Georgia",36327,3148
0500000US13031,13031,"Bulloch County, Georgia",36153,2799
0500000US13045,13045,"Carroll County, Georgia",45682,2693
0500000US13047,13047,"Catoosa County, Georgia",51608,2983
0500000US13051,13051,"Chatham County, Georgia",45263,2147
0500000US13057,13057,"Cherokee County, Georgia",64705,5024
0500000US13059,13059,"Clarke County, Georgia",31551,2671
0500000US13063,13063,"Clayton County, Georgia",40754,2159
0500000US13067,13067,"Cobb County, Georgia",63086,2094
0500000US13073,13073,"Columbia County, Georgia",72167,5368
0500000US13077,13077,"Coweta County, Georgia",61351,6140
0500000US13089,13089,"DeKalb County, Georgia",49796,2166
0500000US13095,13095,"Dougherty County, Georgia",30504,2668
0500000US13097,13097,"Douglas County, Georgia",50281,5225
0500000US13113,13113,"Fayette County, Georgia",81394,6588
0500000US13115,13115,"Floyd County, Georgia",37296,4441
0500000US13117,13117,"Forsyth County, Georgia",86052,4032
0500000US13121,13121,"Fulton County, Georgia",55914,1843
0500000US13127,13127,"Glynn County, Georgia",41502,6023
0500000US13135,13135,"Gwinnett County, Georgia",58917,1850
0500000US13139,13139,"Hall County, Georgia",44998,3722
0500000US13151,13151,"Henry County, Georgia",59097,3426
0500000US13153,13153,"Houston County, Georgia",49660,4978
0500000US13179,13179,"Liberty County, Georgia",39140,3247
0500000US13185,13185,"Lowndes County, Georgia",35317,3864
0500000US13215,13215,"Muscogee County, Georgia",40499,1870
0500000US13217,13217,"Newton County, Georgia",54107,7021
0500000US13223,13223,"Paulding County, Georgia",56307,3918
0500000US13245,13245,"Richmond County, Georgia",35649,3524
0500000US13247,13247,"Rockdale County, Georgia",49767,3871
0500000US13285,13285,"Troup County, Georgia",43642,4759
0500000US13295,13295,"Walker County, Georgia",42018,3830
0500000US13297,13297,"Walton County, Georgia",53233,4132
0500000US13313,13313,"Whitfield County, Georgia",38126,3182
0500000US15001,15001,"Hawaii County, Hawaii",48399,5565
0500000US15003,15003,"Honolulu County, Hawaii",73388,1774
0500000US15007,15007,"Kauai County, Hawaii",60155,7082
0500000US15009,15009,"Maui County, Hawaii",65558,4563
0500000US16001,16001,"Ada County, Idaho",52542,2576
0500000US16005,16005,"Bannock County, Idaho",42174,2570
0500000US16019,16019,"Bonneville County, Idaho",49884,2598
0500000US16027,16027,"Canyon County, Idaho",41941,2314
0500000US16055,16055,"Kootenai County, Idaho",54919,4995
0500000US16083,16083,"Twin Falls County, Idaho",47403,7063
0500000US17001,17001,"Adams County, Illinois",41327,3704
0500000US17019,17019,"Champaign County, Illinois",45682,2942
0500000US17031,17031,"Cook County, Illinois",53827,876
0500000US17037,17037,"DeKalb County, Illinois",52867,5077
0500000US17043,17043,"DuPage County, Illinois",76195,1794
0500000US17089,17089,"Kane County, Illinois",72108,2875
0500000US17091,17091,"Kankakee County, Illinois",49761,3843
0500000US17093,17093,"Kendall County, Illinois",74859,5275
0500000US17097,17097,"Lake County, Illinois",74869,2536
0500000US17099,17099,"LaSalle County, Illinois",48552,4244
0500000US17111,17111,"McHenry County, Illinois",75449,3797
0500000US17113,17113,"McLean County, Illinois",61846,2810
0500000US17115,17115,"Macon County, Illinois",45957,2504
0500000US17119,17119,"Madison County, Illinois",54101,3060
0500000US17143,17143,"Peoria County, Illinois",49391,2176
0500000US17161,17161,"Rock Island County, Illinois",48159,3625
0500000US17163,17163,"St. Clair County, Illinois",48136,3402
0500000US17167,17167,"Sangamon County, Illinois",55317,2517
0500000US17179,17179,"Tazewell County, Illinois",56656,4463
0500000US17183,17183,"Vermilion County, Illinois",45089,2847
0500000US17197,17197,"Will County, Illinois",74397,2067
0500000US17199,17199,"Williamson County, Illinois",44418,3220
0500000US17201,17201,"Winnebago County, Illinois",46946,1727
0500000US18003,18003,"Allen County, Indiana",45006,2091
0500000US18005,18005,"Bartholomew County, Indiana",52505,7233
0500000US18019,18019,"Clark County, Indiana",50760,2586
0500000US18035,18035,"Delaware County, Indiana",36402,2314
0500000US18039,18039,"Elkhart County, Indiana",45387,2212
0500000US18043,18043,"Floyd County, Indiana",57401,4405
0500000US18053,18053,"Grant County, Indiana",38665,3135
0500000US18057,18057,"Hamilton County, Indiana",81958,3399
0500000US18059,18059,"Hancock County, Indiana",65421,8594
0500000US18063,18063,"Hendricks County, Indiana",67535,3693
0500000US18067,18067,"Howard County, Indiana",44265,4320
0500000US18081,18081,"Johnson County, Indiana",57245,3884
0500000US18085,18085,"Kosciusko County, Indiana",51221,2685
0500000US18089,18089,"Lake County, Indiana",48302,2335
0500000US18091,18091,"LaPorte County, Indiana",46506,4073
0500000US18095,18095,"Madison County, Indiana",40913,1760
0500000US18097,18097,"Marion County, Indiana",41345,820
0500000US18105,18105,"Monroe County, Indiana",41972,2458
0500000US18109,18109,"Morgan County, Indiana",56664,5524
0500000US18127,18127,"Porter County, Indiana",63806,3351
0500000US18141,18141,"St. Joseph County, Indiana",40528,1265
0500000US18157,18157,"Tippecanoe County, Indiana",47731,3158
0500000US18163,18163,"Vanderburgh County, Indiana",41102,2420
0500000US18167,18167,"Vigo County, Indiana",37930,4110
0500000US18177,18177,"Wayne County, Indiana",34745,3593
0500000US19013,19013,"Black Hawk County, Iowa",45666,2254
0500000US19049,19049,"Dallas County, Iowa",78837,6441
0500000US19061,19061,"Dubuque County, Iowa",51735,2928
0500000US19103,19103,"Johnson County, Iowa",51606,3153
0500000US19113,19113,"Linn County, Iowa",56151,1942
0500000US19153,19153,"Polk County, Iowa",59328,2165
0500000US19155,19155,"Pottawattamie County, Iowa",50557,3022
0500000US19163,19163,"Scott County, Iowa",53884,3759
0500000US19169,19169,"Story County, Iowa",50279,4756
0500000US19193,19193,"Woodbury County, Iowa",45594,2088
0500000US20015,20015,"Butler County, Kansas",55647,2781
0500000US20045,20045,"Douglas County, Kansas",52150,4124
0500000US20091,20091,"Johnson County, Kansas",73737,1924
0500000US20103,20103,"Leavenworth County, Kansas",68266,5839
0500000US20161,20161,"Riley County, Kansas",43778,5674
0500000US20173,20173,"Sedgwick County, Kansas",48361,1563
0500000US20177,20177,"Shawnee County, Kansas",50150,2384
0500000US20209,20209,"Wyandotte County, Kansas",38412,2534
0500000US21015,21015,"Boone County, Kentucky",64414,3592
0500000US21029,21029,"Bullitt County, Kentucky",60264,5721
0500000US21037,21037,"Campbell County, Kentucky",53323,2571
0500000US21047,21047,"Christian County, Kentucky",45206,5471
0500000US21059,21059,"Daviess County, Kentucky",47252,3165
0500000US21067,21067,"Fayette County, Kentucky",47535,2510
0500000US21093,21093,"Hardin County, Kentucky",48035,3355
0500000US21111,21111,"Jefferson County, Kentucky",47488,1371
0500000US21117,21117,"Kenton County, Kentucky",53761,2590
0500000US21145,21145,"McCracken County, Kentucky",41209,3773
0500000US21151,21151,"Madison County, Kentucky",45316,3695
0500000US21195,21195,"Pike County, Kentucky",34373,3584
0500000US21227,21227,"Warren County, Kentucky",48783,2122
0500000US22005,22005,"Ascension Parish, Louisiana",75308,8085
0500000US22015,22015,"Bossier Parish, Louisiana",51796,3249
0500000US22017,22017,"Caddo Parish, Louisiana",39683,2325
0500000US22019,22019,"Calcasieu Parish, Louisiana",42625,4020
0500000US22033,22033,"East Baton Rouge Parish, Louisiana",48463,2797
0500000US22045,22045,"Iberia Parish, Louisiana",39793,4554
0500000US22051,22051,"Jefferson Parish, Louisiana",46576,1704
0500000US22055,22055,"Lafayette Parish, Louisiana",57949,6015
0500000US22057,22057,"Lafourche Parish, Louisiana",52373,7257
0500000US22063,22063,"Livingston Parish, Louisiana",52246,3751
0500000US22071,22071,"Orleans Parish, Louisiana",36631,1524
0500000US22073,22073,"Ouachita Parish, Louisiana",40473,2900
0500000US22079,22079,"Rapides Parish, Louisiana",39331,3824
0500000US22097,22097,"St. Landry Parish, Louisiana",31955,4905
0500000US22103,22103,"St. Tammany Parish, Louisiana",61280,3920
0500000US22105,22105,"Tangipahoa Parish, Louisiana",44166,6891
0500000US22109,22109,"Terrebonne Parish, Louisiana",55148,6688
0500000US23001,23001,"Androscoggin County, Maine",44127,3784
0500000US23003,23003,"Aroostook County, Maine",36825,2313
0500000US23005,23005,"Cumberland County, Maine",54780,2675
0500000US23011,23011,"Kennebec County, Maine",44724,3473
0500000US23019,23019,"Penobscot County, Maine",43598,2656
0500000US23031,23031,"York County, Maine",55350,2947
0500000US24001,24001,"Allegany County, Maryland",40165,3867
0500000US24003,24003,"Anne Arundel County, Maryland",86230,2655
0500000US24005,24005,"Baltimore County, Maryland",64795,2089
0500000US24009,24009,"Calvert County, Maryland",94196,7032
0500000US24013,24013,"Carroll County, Maryland",82955,3838
0500000US24015,24015,"Cecil County, Maryland",66090,4802
0500000US24017,24017,"Charles County, Maryland",88797,3640
0500000US24021,24021,"Frederick County, Maryland",84308,3802
0500000US24025,24025,"Harford County, Maryland",77765,3672
0500000US24027,24027,"Howard County, Maryland",109476,4667
0500000US24031,24031,"Montgomery County, Maryland",98326,2084
0500000US24033,24033,"Prince George's County, Maryland",72052,1580
0500000US24037,24037,"St. Mary's County, Maryland",78233,6783
0500000US24043,24043,"Washington County, Maryland",57615,4088
0500000US24045,24045,"Wicomico County, Maryland",48897,4554
0500000US24510,24510,"Baltimore city, Maryland",42266,1216
0500000US25001,25001,"Barnstable County, Massachusetts",61026,2089
0500000US25003,25003,"Berkshire County, Massachusetts",52514,2831
0500000US25005,25005,"Bristol County, Massachusetts",53501,2118
0500000US25009,25009,"Essex County, Massachusetts",67522,1735
0500000US25011,25011,"Franklin County, Massachusetts",52339,3176
0500000US25013,25013,"Hampden County, Massachusetts",48845,2497
0500000US25015,25015,"Hampshire County, Massachusetts",65190,6303
0500000US25017,25017,"Middlesex County, Massachusetts",82425,1848
0500000US25021,25021,"Norfolk County, Massachusetts",84317,3624
0500000US25023,25023,"Plymouth County, Massachusetts",76183,2867
0500000US25025,25025,"Suffolk County, Massachusetts",54747,2139
0500000US25027,25027,"Worcester County, Massachusetts",62483,2404
0500000US26005,26005,"Allegan County, Michigan",56077,3157
0500000US26017,26017,"Bay County, Michigan",41281,4157
0500000US26021,26021,"Berrien County, Michigan",44747,2770
0500000US26025,26025,"Calhoun County, Michigan",44520,3406
0500000US26037,26037,"Clinton County, Michigan",59569,5876
0500000US26045,26045,"Eaton County, Michigan",53328,2606
0500000US26049,26049,"Genesee County, Michigan",41249,1596
0500000US26055,26055,"Grand Traverse County, Michigan",50830,2387
0500000US26065,26065,"Ingham County, Michigan",44569,2336
0500000US26073,26073,"Isabella County, Michigan",37488,3565
0500000US26075,26075,"Jackson County, Michigan",43668,3721
0500000US26077,26077,"Kalamazoo County, Michigan",45854,2243
0500000US26081,26081,"Kent County, Michigan",51992,1328
0500000US26087,26087,"Lapeer County, Michigan",52960,5542
0500000US26091,26091,"Lenawee County, Michigan",45938,2554
0500000US26093,26093,"Livingston County, Michigan",70707,1792
0500000US26099,26099,"Macomb County, Michigan",52851,1461
0500000US26103,26103,"Marquette County, Michigan",45011,4111
0500000US26111,26111,"Midland County, Michigan",49913,4949
0500000US26115,26115,"Monroe County, Michigan",53561,5225
0500000US26121,26121,"Muskegon County, Michigan",41630,2311
0500000US26125,26125,"Oakland County, Michigan",67202,1539
0500000US26139,26139,"Ottawa County, Michigan",57517,2418
0500000US26145,26145,"Saginaw County, Michigan",41548,1906
0500000US26147,26147,"St. Clair County, Michigan",50285,2451
0500000US26155,26155,"Shiawassee County, Michigan",41892,4159
0500000US26159,26159,"Van Buren County, Michigan",45081,3794
0500000US26161,26161,"Washtenaw County, Michigan",59660,2846
0500000US26163,26163,"Wayne County, Michigan",40487,720
0500000US27003,27003,"Anoka County, Minnesota",70800,2110
0500000US27013,27013,"Blue Earth County, Minnesota",51858,3000
0500000US27019,27019,"Carver County, Minnesota",82333,6813
0500000US27037,27037,"Dakota County, Minnesota",73475,3805
0500000US27053,27053,"Hennepin County, Minnesota",64379,1438
0500000US27109,27109,"Olmsted County, Minnesota",65665,2409
0500000US27123,27123,"Ramsey County, Minnesota",56734,2201
0500000US27131,27131,"Rice County, Minnesota",58584,4493
0500000US27137,27137,"St. Louis County, Minnesota",45895,1912
0500000US27139,27139,"Scott County, Minnesota",83173,6436
0500000US27141,27141,"Sherburne County, Minnesota",76036,7217
0500000US27145,27145,"Stearns County, Minnesota",57763,3332
0500000US27163,27163,"Washington County, Minnesota",80748,2307
0500000US27171,27171,"Wright County, Minnesota",71917,4176
0500000US28033,28033,"DeSoto County, Mississippi",58959,2775
0500000US28035,28035,"Forrest County, Mississippi",35422,4237
0500000US28047,28047,"Harrison County, Mississippi",42070,2689
0500000US28049,28049,"Hinds County, Mississippi",33719,2333
0500000US28059,28059,"Jackson County, Mississippi",47891,2054
0500000US28067,28067,"Jones County, Mississippi",33915,5718
0500000US28075,28075,"Lauderdale County, Mississippi",32217,3872
0500000US28081,28081,"Lee County, Mississippi",42882,5186
0500000US28089,28089,"Madison County, Mississippi",66400,7629
0500000US28121,28121,"Rankin County, Mississippi",55209,4496
0500000US29019,29019,"Boone County, Missouri",48953,3513
0500000US29021,29021,"Buchanan County, Missouri",43895,3438
0500000US29031,29031,"Cape Girardeau County, Missouri",42760,3697
0500000US29037,29037,"Cass County, Missouri",64144,4418
0500000US29043,29043,"Christian County, Missouri",51342,4185
0500000US29047,29047,"Clay County, Missouri",60541,2255
0500000US29051,29051,"Cole County, Missouri",50780,4791
0500000US29071,29071,"Franklin County, Missouri",50502,7412
0500000US29077,29077,"Greene County, Missouri",37779,1841
0500000US29095,29095,"Jackson County, Missouri",46768,1727
0500000US29097,29097,"Jasper County, Missouri",40967,2255
0500000US29099,29099,"Jefferson County, Missouri",55089,3051
0500000US29165,29165,"Platte County, Missouri",63438,7643
0500000US29183,29183,"St. Charles County, Missouri",70137,2223
0500000US29187,29187,"St. Francois County, Missouri",37349,2989
0500000US29189,29189,"St. Louis County, Missouri",59290,1227
0500000US29510,29510,"St. Louis city, Missouri",34488,1683
0500000US30013,30013,"Cascade County, Montana",43947,3493
0500000US30029,30029,"Flathead County, Montana",47802,3918
0500000US30031,30031,"Gallatin County, Montana",58809,4130
0500000US30049,30049,"Lewis and Clark County, Montana",54954,4774
0500000US30063,30063,"Missoula County, Montana",48077,4956
0500000US30111,30111,"Yellowstone County, Montana",52610,3392
0500000US31055,31055,"Douglas County, Nebraska",51728,1477
0500000US31109,31109,"Lancaster County, Nebraska",52019,1899
0500000US31153,31153,"Sarpy County, Nebraska",65706,4094
0500000US32003,32003,"Clark County, Nevada",51057,747
0500000US32031,32031,"Washoe County, Nevada",53588,3017
0500000US33005,33005,"Cheshire County, New Hampshire",51945,3307
0500000US33009,33009,"Grafton County, New Hampshire",56370,5530
0500000US33011,33011,"Hillsborough County, New Hampshire",67574,3400
0500000US33013,33013,"Merrimack County, New Hampshire",65662,4441
0500000US33015,33015,"Rockingham County, New Hampshire",74782,4142
0500000US33017,33017,"Strafford County, New Hampshire",60692,4127
0500000US34001,34001,"Atlantic County, New Jersey",52127,2250
0500000US34003,34003,"Bergen County, New Jersey",81670,1288
0500000US34005,34005,"Burlington County, New Jersey",77398,2511
0500000US34007,34007,"Camden County, New Jersey",58006,3347
0500000US34009,34009,"Cape May County, New Jersey",60560,4810
0500000US34011,34011,"Cumberland County, New Jersey",45978,2820
0500000US34013,34013,"Essex County, New Jersey",53610,2515
0500000US34015,34015,"Gloucester County, New Jersey",71355,2905
0500000US34017,34017,"Hudson County, New Jersey",56079,1860
0500000US34019,34019,"Hunterdon County, New Jersey",110457,8455
0500000US34021,34021,"Mercer County, New Jersey",70857,2063
0500000US34023,34023,"Middlesex County, New Jersey",76848,2276
0500000US34025,34025,"Monmouth County, New Jersey",83749,2555
0500000US34027,34027,"Morris County, New Jersey",100176,2380
0500000US34029,34029,"Ocean County, New Jersey",60227,2316
0500000US34031,34031,"Passaic County, New Jersey",58898,3312
0500000US34033,34033,"Salem County, New Jersey",61943,6739
0500000US34035,34035,"Somerset County, New Jersey",97219,4417
0500000US34037,34037,"Sussex County, New Jersey",88407,6008
0500000US34039,34039,"Union County, New Jersey",64593,2913
0500000US34041,34041,"Warren County, New Jersey",67208,6343
0500000US35001,35001,"Bernalillo County, New Mexico",48257,2330
0500000US35005,35005,"Chaves County, New Mexico",45753,4308
0500000US35013,35013,"Doña Ana County, New Mexico",36343,3290
0500000US35025,35025,"Lea County, New Mexico",56191,4628
0500000US35031,35031,"McKinley County, New Mexico",24945,3047
0500000US35035,35035,"Otero County, New Mexico",44102,3496
0500000US35043,35043,"Sandoval County, New Mexico",55825,4320
0500000US35045,35045,"San Juan County, New Mexico",43787,3950
0500000US35049,35049,"Santa Fe County, New Mexico",51833,2619
0500000US35061,35061,"Valencia County, New Mexico",40075,5953
0500000US36001,36001,"Albany County, New York",55778,2267
0500000US36005,36005,"Bronx County, New York",33009,1597
0500000US36007,36007,"Broome County, New York",45560,2594
0500000US36009,36009,"Cattaraugus County, New York",40362,2751
0500000US36011,36011,"Cayuga County, New York",50154,3887
0500000US36013,36013,"Chautauqua County, New York",40413,2140
0500000US36015,36015,"Chemung County, New York",45237,3751
0500000US36019,36019,"Clinton County, New York",43892,5665
0500000US36027,36027,"Dutchess County, New York",70056,4183
0500000US36029,36029,"Erie County, New York",51245,1158
0500000US36045,36045,"Jefferson County, New York",46683,3783
0500000US36047,36047,"Kings County, New York",47520,1145
0500000US36051,36051,"Livingston County, New York",52061,4206
0500000US36053,36053,"Madison County, New York",52300,5299
0500000US36055,36055,"Monroe County, New York",51665,1167
0500000US36059,36059,"Nassau County, New York",96193,2415
0500000US36061,36061,"New York County, New York",72190,2200
0500000US36063,36063,"Niagara County, New York",46775,2992
0500000US36065,36065,"Oneida County, New York",43702,2971
0500000US36067,36067,"Onondaga County, New York",52110,1506
0500000US36069,36069,"Ontario County, New York",58165,2289
0500000US36071,36071,"Orange County, New York",68950,2495
0500000US36075,36075,"Oswego County, New York",46533,4134
0500000US36079,36079,"Putnam County, New York",93746,6264
0500000US36081,36081,"Queens County, New York",56599,943
0500000US36083,36083,"Rensselaer County, New York",57438,3638
0500000US36085,36085,"Richmond County, New York",69633,3474
0500000US36087,36087,"Rockland County, New York",80942,3050
0500000US36089,36089,"St. Lawrence County, New York",45157,4959
0500000US36091,36091,"Saratoga County, New York",70673,4132
0500000US36093,36093,"Schenectady County, New York",54293,3343
0500000US36101,36101,"Steuben County, New York",47046,3175
0500000US36103,36103,"Suffolk County, New York",85439,1792
0500000US36105,36105,"Sullivan County, New York",47805,3858
0500000US36109,36109,"Tompkins County, New York",48516,5182
0500000US36111,36111,"Ulster County, New York",58429,3682
0500000US36113,36113,"Warren County, New York",55593,5213
0500000US36117,36117,"Wayne County, New York",50242,2692
0500000US36119,36119,"Westchester County, New York",84220,3499
0500000US37001,37001,"Alamance County, North Carolina",42512,2279
0500000US37019,37019,"Brunswick County, North Carolina",47334,3780
0500000US37021,37021,"Buncombe County, North Carolina",46431,2756
0500000US37023,37023,"Burke County, North Carolina",33379,2947
0500000US37025,37025,"Cabarrus County, North Carolina",54307,3801
0500000US37027,37027,"Caldwell County, North Carolina",32386,2726
0500000US37031,37031,"Carteret County, North Carolina",45231,3526
0500000US37035,37035,"Catawba County, North Carolina",42859,3715
0500000US37037,37037,"Chatham County, North Carolina",56550,3787
0500000US37045,37045,"Cleveland County, North Carolina",40581,2344
0500000US37049,37049,"Craven County, North Carolina",44963,2920
0500000US37051,37051,"Cumberland County, North Carolina",43609,2349
0500000US37057,37057,"Davidson County, North Carolina",38803,2459
0500000US37063,37063,"Durham County, North Carolina",52488,2605
0500000US37067,37067,"Forsyth County, North Carolina",45580,2317
0500000US37071,37071,"Gaston County, North Carolina",41728,2306
0500000US37081,37081,"Guilford County, North Carolina",45726,1892
0500000US37085,37085,"Harnett County, North Carolina",45533,2927
0500000US37089,37089,"Henderson County, North Carolina",44036,2561
0500000US37097,37097,"Iredell County, North Carolina",49488,2841
0500000US37101,37101,"Johnston County, North Carolina",50492,2893
0500000US37109,37109,"Lincoln County, North Carolina",49079,4731
0500000US37119,37119,"Mecklenburg County, North Carolina",54278,1664
0500000US37125,37125,"Moore County, North Carolina",49959,3736
0500000US37127,37127,"Nash County, North Carolina",40057,4506
0500000US37129,37129,"New Hanover County, North Carolina",48688,3002
0500000US37133,37133,"Onslow County, North Carolina",44673,4089
0500000US37135,37135,"Orange County, North Carolina",59409,3364
0500000US37147,37147,"Pitt County, North Carolina",40639,2086
0500000US37151,37151,"Randolph County, North Carolina",40109,2599
0500000US37155,37155,"Robeson County, North Carolina",29542,1851
0500000US37157,37157,"Rockingham County, North Carolina",41335,5769
0500000US37159,37159,"Rowan County, North Carolina",41154,2567
0500000US37161,37161,"Rutherford County, North Carolina",34993,2756
0500000US37171,37171,"Surry County, North Carolina",35579,1882
0500000US37179,37179,"Union County, North Carolina",63355,2985
0500000US37183,37183,"Wake County, North Carolina",65160,1779
0500000US37191,37191,"Wayne County, North Carolina",42193,3646
0500000US37193,37193,"Wilkes County, North Carolina",31135,4121
0500000US37195,37195,"Wilson County, North Carolina",41095,2178
0500000US38015,38015,"Burleigh County, North Dakota",64388,5833
0500000US38017,38017,"Cass County, North Dakota",52015,2942
0500000US38035,38035,"Grand Forks County, North Dakota",49248,3616
0500000US38101,38101,"Ward County, North Dakota",57679,6562
0500000US39003,39003,"Allen County, Ohio",43030,3327
0500000US39007,39007,"Ashtabula County, Ohio",40839,2047
0500000US39013,39013,"Belmont County, Ohio",38224,4060
0500000US39017,39017,"Butler County, Ohio",55958,2983
0500000US39023,39023,"Clark County, Ohio",43742,2930
0500000US39025,39025,"Clermont County, Ohio",61702,1894
0500000US39029,39029,"Columbiana County, Ohio",42100,3513
0500000US39035,39035,"Cuyahoga County, Ohio",43501,1147
0500000US39041,39041,"Delaware County, Ohio",84159,6238
0500000US39043,39043,"Erie County, Ohio",46073,2283
0500000US39045,39045,"Fairfield County, Ohio",56286,3105
0500000US39049,39049,"Franklin County, Ohio",51460,1054
0500000US39055,39055,"Geauga County, Ohio",66428,6328
0500000US39057,39057,"Greene County, Ohio",59872,4635
0500000US39061,39061,"Hamilton County, Ohio",46967,1177
0500000US39063,39063,"Hancock County, Ohio",46382,3401
0500000US39081,39081,"Jefferson County, Ohio",37012,3174
0500000US39085,39085,"Lake County, Ohio",54906,3500
0500000US39089,39089,"Licking County, Ohio",54875,2663
0500000US39093,39093,"Lorain County, Ohio",52687,2262
0500000US39095,39095,"Lucas County, Ohio",40245,1705
0500000US39099,39099,"Mahoning County, Ohio",40843,2180
0500000US39101,39101,"Marion County, Ohio",41849,3405
0500000US39103,39103,"Medina County, Ohio",66477,2724
0500000US39109,39109,"Miami County, Ohio",51581,3576
0500000US39113,39113,"Montgomery County, Ohio",42776,1519
0500000US39119,39119,"Muskingum County, Ohio",39212,4380
0500000US39133,39133,"Portage County, Ohio",52337,3182
0500000US39139,39139,"Richland County, Ohio",39455,2274
0500000US39141,39141,"Ross County, Ohio",40493,4430
0500000US39145,39145,"Scioto County, Ohio",37351,5842
0500000US39151,39151,"Stark County, Ohio",44979,1805
0500000US39153,39153,"Summit County, Ohio",49232,1731
0500000US39155,39155,"Trumbull County, Ohio",41798,1546
0500000US39157,39157,"Tuscarawas County, Ohio",44130,2494
0500000US39165,39165,"Warren County, Ohio",73432,6601
0500000US39169,39169,"Wayne County, Ohio",49849,2653
0500000US39173,39173,"Wood County, Ohio",51680,2954
0500000US40017,40017,"Canadian County, Oklahoma",63549,2619
0500000US40027,40027,"Cleveland County, Oklahoma",54340,2732
0500000US40031,40031,"Comanche County, Oklahoma",41488,3674
0500000US40037,40037,"Creek County, Oklahoma",44469,3948
0500000US40101,40101,"Muskogee County, Oklahoma",39130,4315
0500000US40109,40109,"Oklahoma County, Oklahoma",45810,1555
0500000US40119,40119,"Payne County, Oklahoma",36087,4324
0500000US40125,40125,"Pottawatomie County, Oklahoma",45012,2721
0500000US40131,40131,"Rogers County, Oklahoma",54425,3465
0500000US40143,40143,"Tulsa County, Oklahoma",47949,1182
0500000US40145,40145,"Wagoner County, Oklahoma",52108,2790
0500000US41003,41003,"Benton County, Oregon",47808,4436
0500000US41005,41005,"Clackamas County, Oregon",66758,2466
0500000US41017,41017,"Deschutes County, Oregon",46791,5216
0500000US41019,41019,"Douglas County, Oregon",40605,2587
0500000US41029,41029,"Jackson County, Oregon",43363,3149
0500000US41033,41033,"Josephine County, Oregon",38298,3368
0500000US41035,41035,"Klamath County, Oregon",36885,3491
0500000US41039,41039,"Lane County, Oregon",43459,2925
0500000US41043,41043,"Linn County, Oregon",45130,3551
0500000US41047,41047,"Marion County, Oregon",46873,2651
0500000US41051,41051,"Multnomah County, Oregon",54024,2080
0500000US41053,41053,"Polk County, Oregon",49781,5422
0500000US41059,41059,"Umatilla County, Oregon",48514,4000
0500000US41067,41067,"Washington County, Oregon",63238,2919
0500000US41071,41071,"Yamhill County, Oregon",58612,2940
0500000US42001,42001,"Adams County, Pennsylvania",59029,3276
0500000US42003,42003,"Allegheny County, Pennsylvania",51424,735
0500000US42005,42005,"Armstrong County, Pennsylvania",43191,3230
0500000US42007,42007,"Beaver County, Pennsylvania",49937,2986
0500000US42011,42011,"Berks County, Pennsylvania",56043,2243
0500000US42013,42013,"Blair County, Pennsylvania",42164,3453
0500000US42017,42017,"Bucks County, Pennsylvania",73594,2419
0500000US42019,42019,"Butler County, Pennsylvania",58233,2840
0500000US42021,42021,"Cambria County, Pennsylvania",41423,2522
0500000US42025,42025,"Carbon County, Pennsylvania",44017,2715
0500000US42027,42027,"Centre County, Pennsylvania",53207,4446
0500000US42029,42029,"Chester County, Pennsylvania",83633,3372
0500000US42033,42033,"Clearfield County, Pennsylvania",39236,3627
0500000US42037,42037,"Columbia County, Pennsylvania",46530,3772
0500000US42039,42039,"Crawford County, Pennsylvania",44575,2616
0500000US42041,42041,"Cumberland County, Pennsylvania",60088,2443
0500000US42043,42043,"Dauphin County, Pennsylvania",53816,2220
0500000US42045,42045,"Delaware County, Pennsylvania",64822,2699
0500000US42049,42049,"Erie County, Pennsylvania",44292,2013
0500000US42051,42051,"Fayette County, Pennsylvania",38903,3691
0500000US42055,42055,"Franklin County, Pennsylvania",54303,2616
0500000US42063,42063,"Indiana County, Pennsylvania",45266,2585
0500000US42069,42069,"Lackawanna County, Pennsylvania",45295,2190
0500000US42071,42071,"Lancaster County, Pennsylvania",56922,1819
0500000US42073,42073,"Lawrence County, Pennsylvania",43425,4057
0500000US42075,42075,"Lebanon County, Pennsylvania",55973,3091
0500000US42077,42077,"Lehigh County, Pennsylvania",54244,3578
0500000US42079,42079,"Luzerne County, Pennsylvania",45190,1992
0500000US42081,42081,"Lycoming County, Pennsylvania",47373,3113
0500000US42085,42085,"Mercer County, Pennsylvania",44222,2323
0500000US42089,42089,"Monroe County, Pennsylvania",55536,3153
0500000US42091,42091,"Montgomery County, Pennsylvania",76919,2405
0500000US42095,42095,"Northampton County, Pennsylvania",60482,3298
0500000US42097,42097,"Northumberland County, Pennsylvania",41011,2281
0500000US42101,42101,"Philadelphia County, Pennsylvania",36836,797
0500000US42107,42107,"Schuylkill County, Pennsylvania",41114,2749
0500000US42111,42111,"Somerset County, Pennsylvania",43429,2945
0500000US42125,42125,"Washington County, Pennsylvania",55124,1909
0500000US42129,42129,"Westmoreland County, Pennsylvania",51531,1498
0500000US42133,42133,"York County, Pennsylvania",57065,2028
0500000US44003,44003,"Kent County, Rhode Island",65631,5330
0500000US44005,44005,"Newport County, Rhode Island",70299,5692
0500000US44007,44007,"Providence County, Rhode Island",48159,2286
0500000US44009,44009,"Washington County, Rhode Island",70433,6213
0500000US45003,45003,"Aiken County, South Carolina",42259,3480
0500000US45007,45007,"Anderson County, South Carolina",41135,2067
0500000US45013,45013,"Beaufort County, South Carolina",57122,4787
0500000US45015,45015,"Berkeley County, South Carolina",50475,2905
0500000US45019,45019,"Charleston County, South Carolina",51694,2126
0500000US45031,45031,"Darlington County, South Carolina",31674,4326
0500000US45035,45035,"Dorchester County, South Carolina",54582,4895
0500000US45041,45041,"Florence County, South Carolina",41331,3250
0500000US45045,45045,"Greenville County, South Carolina",49330,1799
0500000US45047,45047,"Greenwood County, South Carolina",34029,4272
0500000US45051,45051,"Horry County, South Carolina",42075,1971
0500000US45057,45057,"Lancaster County, South Carolina",38500,3452
0500000US45059,45059,"Laurens County, South Carolina",35406,3778
0500000US45063,45063,"Lexington County, South Carolina",53990,2203
0500000US45073,45073,"Oconee County, South Carolina",40565,2912
0500000US45075,45075,"Orangeburg County, South Carolina",31230,2282
0500000US45077,45077,"Pickens County, South Carolina",41800,4092
0500000US45079,45079,"Richland County, South Carolina",47491,2671
0500000US45083,45083,"Spartanburg County, South Carolina",42103,2466
0500000US45085,45085,"Sumter County, South Carolina",39780,2773
0500000US45091,45091,"York County, South Carolina",54439,4013
0500000US46099,46099,"Minnehaha County, South Dakota",52117,2359
0500000US46103,46103,"Pennington County, South Dakota",48906,2454
0500000US47001,47001,"Anderson County, Tennessee",40907,3019
0500000US47009,47009,"Blount County, Tennessee",44351,3521
0500000US47011,47011,"Bradley County, Tennessee",42722,3788
0500000US47037,47037,"Davidson County, Tennessee",47150,1241
0500000US47059,47059,"Greene County, Tennessee",35981,1834
0500000US47065,47065,"Hamilton County, Tennessee",47415,3063
0500000US47093,47093,"Knox County, Tennessee",49165,1923
0500000US47113,47113,"Madison County, Tennessee",39523,3024
0500000US47119,47119,"Maury County, Tennessee",45712,3797
0500000US47125,47125,"Montgomery County, Tennessee",51017,2110
0500000US47141,47141,"Putnam County, Tennessee",31448,3802
0500000US47147,47147,"Robertson County, Tennessee",50510,3522
0500000US47149,47149,"Rutherford County, Tennessee",57174,4074
0500000US47155,47155,"Sevier County, Tennessee",40715,3332
0500000US47157,47157,"Shelby County, Tennessee",45226,1445
0500000US47163,47163,"Sullivan County, Tennessee",40148,2478
0500000US47165,47165,"Sumner County, Tennessee",55917,3144
0500000US47179,47179,"Washington County, Tennessee",41349,1424
0500000US47187,47187,"Williamson County, Tennessee",88759,6569
0500000US47189,47189,"Wilson County, Tennessee",56278,6183
0500000US48005,48005,"Angelina County, Texas",42750,5249
0500000US48021,48021,"Bastrop County, Texas",48652,6460
0500000US48027,48027,"Bell County, Texas",50656,1939
0500000US48029,48029,"Bexar County, Texas",49769,1120
0500000US48037,48037,"Bowie County, Texas",41142,3266
0500000US48039,48039,"Brazoria County, Texas",66250,3987
0500000US48041,48041,"Brazos County, Texas",37913,3111
0500000US48061,48061,"Cameron County, Texas",34374,1851
0500000US48085,48085,"Collin County, Texas",80273,2542
0500000US48091,48091,"Comal County, Texas",72759,4468
0500000US48099,48099,"Coryell County, Texas",51217,2705
0500000US48113,48113,"Dallas County, Texas",47810,1000
0500000US48121,48121,"Denton County, Texas",74981,1989
0500000US48135,48135,"Ector County, Texas",55710,4602
0500000US48139,48139,"Ellis County, Texas",57880,5448
0500000US48141,48141,"El Paso County, Texas",39945,1449
0500000US48157,48157,"Fort Bend County, Texas",88023,3770
0500000US48167,48167,"Galveston County, Texas",60869,2762
0500000US48181,48181,"Grayson County, Texas",44378,2905
0500000US48183,48183,"Gregg County, Texas",45461,5460
0500000US48187,48187,"Guadalupe County, Texas",58270,4130
0500000US48201,48201,"Harris County, Texas",52489,807
0500000US48203,48203,"Harrison County, Texas",39701,4302
0500000US48209,48209,"Hays County, Texas",58987,3120
0500000US48213,48213,"Henderson County, Texas",38493,5099
0500000US48215,48215,"Hidalgo County, Texas",35098,1606
0500000US48231,48231,"Hunt County, Texas",44303,3833
0500000US48245,48245,"Jefferson County, Texas",41838,1914
0500000US48251,48251,"Johnson County, Texas",56253,2728
0500000US48257,48257,"Kaufman County, Texas",65258,7703
0500000US48291,48291,"Liberty County, Texas",41711,5473
0500000US48303,48303,"Lubbock County, Texas",47309,2417
0500000US48309,48309,"McLennan County, Texas",40633,2855
0500000US48329,48329,"Midland County, Texas",72050,5359
0500000US48339,48339,"Montgomery County, Texas",68428,3641
0500000US48347,48347,"Nacogdoches County, Texas",35587,7637
0500000US48355,48355,"Nueces County, Texas",49338,2835
0500000US48361,48361,"Orange County, Texas",52728,4112
0500000US48367,48367,"Parker County, Texas",60454,3573
0500000US48375,48375,"Potter County, Texas",37823,4215
0500000US48381,48381,"Randall County, Texas",60801,3911
0500000US48397,48397,"Rockwall County, Texas",93054,5697
0500000US48409,48409,"San Patricio County, Texas",46425,4486
0500000US48423,48423,"Smith County, Texas",47745,3549
0500000US48439,48439,"Tarrant County, Texas",56895,1075
0500000US48441,48441,"Taylor County, Texas",44447,2832
0500000US48451,48451,"Tom Green County, Texas",45968,2637
0500000US48453,48453,"Travis County, Texas",60464,1786
0500000US48469,48469,"Victoria County, Texas",52304,3377
0500000US48471,48471,"Walker County, Texas",38369,8172
0500000US48479,48479,"Webb County, Texas",39991,2637
0500000US48485,48485,"Wichita County, Texas",43525,3740
0500000US48491,48491,"Williamson County, Texas",70911,1567
0500000US49005,49005,"Cache County, Utah",48587,3267
0500000US49011,49011,"Davis County, Utah",70335,2668
0500000US49035,49035,"Salt Lake County, Utah",61775,850
0500000US49049,49049,"Utah County, Utah",60172,1974
0500000US49053,49053,"Washington County, Utah",51063,3570
0500000US49057,49057,"Weber County, Utah",53809,1974
0500000US50007,50007,"Chittenden County, Vermont",64958,5982
0500000US51003,51003,"Albemarle County, Virginia",70312,3366
0500000US51013,51013,"Arlington County, Virginia",102501,3666
0500000US51015,51015,"Augusta County, Virginia",55284,3534
0500000US51019,51019,"Bedford County, Virginia",57000,5448
0500000US51041,51041,"Chesterfield County, Virginia",66881,2371
0500000US51059,51059,"Fairfax County, Virginia",111079,2434
0500000US51061,51061,"Fauquier County, Virginia",82823,5800
0500000US51069,51069,"Frederick County, Virginia",69332,3353
0500000US51085,51085,"Hanover County, Virginia",77424,7041
0500000US51087,51087,"Henrico County, Virginia",59944,2113
0500000US51095,51095,"James City County, Virginia",73632,6813
0500000US51107,51107,"Loudoun County, Virginia",116848,3677
0500000US51121,51121,"Montgomery County, Virginia",45679,5612
0500000US51153,51153,"Prince William County, Virginia",95268,5429
0500000US51161,51161,"Roanoke County, Virginia",56400,4394
0500000US51165,51165,"Rockingham County, Virginia",56074,2411
0500000US51177,51177,"Spotsylvania County, Virginia",71901,5083
0500000US51179,51179,"Stafford County, Virginia",93454,5021
0500000US51199,51199,"York County, Virginia",78073,9600
0500000US51510,51510,"Alexandria city, Virginia",86775,6064
0500000US51550,51550,"Chesapeake city, Virginia",67252,4158
0500000US51650,51650,"Hampton city, Virginia",43785,3768
0500000US51680,51680,"Lynchburg city, Virginia",40477,2798
0500000US51700,51700,"Newport News city, Virginia",49184,4159
0500000US51710,51710,"Norfolk city, Virginia",44030,2482
0500000US51740,51740,"Portsmouth city, Virginia",43904,3427
0500000US51760,51760,"Richmond city, Virginia",39193,2535
0500000US51770,51770,"Roanoke city, Virginia",36651,2688
0500000US51800,51800,"Suffolk city, Virginia",60637,5555
0500000US51810,51810,"Virginia Beach city, Virginia",62855,2638
0500000US53005,53005,"Benton County, Washington",58997,2392
0500000US53007,53007,"Chelan County, Washington",51101,2605
0500000US53009,53009,"Clallam County, Washington",46566,3259
0500000US53011,53011,"Clark County, Washington",57588,2105
0500000US53015,53015,"Cowlitz County, Washington",48417,3560
0500000US53021,53021,"Franklin County, Washington",56631,8836
0500000US53025,53025,"Grant County, Washington",46728,4277
0500000US53027,53027,"Grays Harbor County, Washington",41315,4597
0500000US53029,53029,"Island County, Washington",51893,3484
0500000US53033,53033,"King County, Washington",71834,1072
0500000US53035,53035,"Kitsap County, Washington",62672,2671
0500000US53041,53041,"Lewis County, Washington",40601,2373
0500000US53053,53053,"Pierce County, Washington",57660,1731
0500000US53057,53057,"Skagit County, Washington",52448,2335
0500000US53061,53061,"Snohomish County, Washington",67394,1735
0500000US53063,53063,"Spokane County, Washington",47576,1817
0500000US53067,53067,"Thurston County, Washington",59785,2603
0500000US53073,53073,"Whatcom County, Washington",50186,4300
0500000US53077,53077,"Yakima County, Washington",41917,2075
0500000US54003,54003,"Berkeley County, West Virginia",55134,4834
0500000US54011,54011,"Cabell County, West Virginia",39019,5967
0500000US54033,54033,"Harrison County, West Virginia",41698,3049
0500000US54039,54039,"Kanawha County, West Virginia",46325,1788
0500000US54061,54061,"Monongalia County, West Virginia",49534,5181
0500000US54081,54081,"Raleigh County, West Virginia",40178,3177
0500000US54107,54107,"Wood County, West Virginia",41408,2162
0500000US55009,55009,"Brown County, Wisconsin",51160,2183
0500000US55025,55025,"Dane County, Wisconsin",60081,1450
0500000US55027,55027,"Dodge County, Wisconsin",51151,1838
0500000US55035,55035,"Eau Claire County, Wisconsin",49204,3436
0500000US55039,55039,"Fond du Lac County, Wisconsin",54198,3942
0500000US55055,55055,"Jefferson County, Wisconsin",51235,2930
0500000US55059,55059,"Kenosha County, Wisconsin",51013,2790
0500000US55063,55063,"La Crosse County, Wisconsin",51551,3961
0500000US55071,55071,"Manitowoc County, Wisconsin",47181,1759
0500000US55073,55073,"Marathon County, Wisconsin",51635,1300
0500000US55079,55079,"Milwaukee County, Wisconsin",41959,867
0500000US55087,55087,"Outagamie County, Wisconsin",56433,2427
0500000US55089,55089,"Ozaukee County, Wisconsin",70899,5605
0500000US55097,55097,"Portage County, Wisconsin",49872,4552
0500000US55101,55101,"Racine County, Wisconsin",54209,2985
0500000US55105,55105,"Rock County, Wisconsin",47118,4696
0500000US55109,55109,"St. Croix County, Wisconsin",67502,4903
0500000US55117,55117,"Sheboygan County, Wisconsin",50678,2740
0500000US55127,55127,"Walworth County, Wisconsin",52057,2882
0500000US55131,55131,"Washington County, Wisconsin",66391,3051
0500000US55133,55133,"Waukesha County, Wisconsin",75368,1928
0500000US55139,55139,"Winnebago County, Wisconsin",49776,2067
0500000US55141,55141,"Wood County, Wisconsin",47726,3909
0500000US56021,56021,"Laramie County, Wyoming",61661,3836
0500000US56025,56025,"Natrona County, Wyoming",58635,6185
