GEO.id,GEO.id2,GEO.display-label,HD01_VD01,HD02_VD01
Id,Id2,Geography,Estimate; Median household income in the past 12 months (in 2015 Inflation-adjusted dollars),Margin of Error; Median household income in the past 12 months (in 2015 Inflation-adjusted dollars)
0500000US01003,01003,"Baldwin County, Alabama",52003,2709
0500000US01015,01015,"Calhoun County, Alabama",42346,2538
0500000US01043,01043,"Cullman County, Alabama",37862,2318
0500000US01049,01049,"DeKalb County, Alabama",36559,4410
0500000US01051,01051,"Elmore County, Alabama",52502,5977
0500000US01055,01055,"Etowah County, Alabama",43346,3060
0500000US01069,01069,"Houston County, Alabama",43553,2295
0500000US01073,01073,"Jefferson County, Alabama",48492,2203
0500000US01077,01077,"Lauderdale County, Alabama",42577,2346
0500000US01081,01081,"Lee County, Alabama",46589,2849
0500000US01083,01083,"Limestone County, Alabama",55009,4759
0500000US01089,01089,"Madison County, Alabama",58636,2732
0500000US01095,01095,"Marshall County, Alabama",40525,4053
0500000US01097,01097,"Mobile County, Alabama",42699,2668
0500000US01101,01101,"Montgomery County, Alabama",42477,2150
0500000US01103,01103,"Morgan County, Alabama",47229,2654
0500000US01115,01115,"St. Clair County, Alabama",54484,5394
0500000US01117,01117,"Shelby County, Alabama",70192,2858
0500000US01121,01121,"Talladega County, Alabama",34451,4142
0500000US01125,01125,"Tuscaloosa County, Alabama",49067,3704
0500000US01127,01127,"Walker County, Alabama",35056,3551
0500000US02020,02020,"Anchorage Municipality, Alaska",78662,3684
0500000US02090,02090,"Fairbanks North Star Borough, Alaska",72975,6660
0500000US02170,02170,"Matanuska-Susitna Borough, Alaska",76427,5336
0500000US04001,04001,"Apache County, Arizona",29417,2892
0500000US04003,04003,"Cochise County, Arizona",43291,4853
0500000US04005,04005,"Coconino County, Arizona",53152,4204
0500000US04013,04013,"Maricopa County, Arizona",56004,681
0500000US04015,04015,"Mohave County, Arizona",40908,2716
0500000US04017,04017,"Navajo County, Arizona",37833,4250
0500000US04019,04019,"Pima County, Arizona",47099,1007
0500000US04021,04021,"Pinal County, Arizona",50770,1841
0500000US04025,04025,"Yavapai County, Arizona",48105,3373
0500000US04027,04027,"Yuma County, Arizona",40539,2350
0500000US05007,05007,"Benton County, Arkansas",58770,3471
0500000US05031,05031,"Craighead County, Arkansas",40085,5153
0500000US05045,05045,"Faulkner County, Arkansas",50596,3901
0500000US05051,05051,"Garland County, Arkansas",37013,1968
0500000US05069,05069,"Jefferson County, Arkansas",35381,4557
0500000US05085,05085,"Lonoke County, Arkansas",56893,5864
0500000US05119,05119,"Pulaski County, Arkansas",46070,1934
0500000US05125,05125,"Saline County, Arkansas",55051,5726
0500000US05131,05131,"Sebastian County, Arkansas",40448,3349
0500000US05143,05143,"Washington County, Arkansas",46160,2049
0500000US05145,05145,"White County, Arkansas",38986,5485
0500000US06001,06001,"Alameda County, California",81717,1387
0500000US06007,06007,"Butte County, California",45644,1880
0500000US06013,06013,"Contra Costa County, California",83104,2818
0500000US06017,06017,"El Dorado County, California",79019,6610
0500000US06019,06019,"Fresno County, California",46949,1781
0500000US06023,06023,"Humboldt County, California",40484,2044
0500000US06025,06025,"Imperial County, California",40852,4329
0500000US06029,06029,"Kern County, California",51342,1312
0500000US06031,06031,"Kings County, California",45746,4090
0500000US06033,06033,"Lake County, California",37294,6505
0500000US06037,06037,"Los Angeles County, California",59134,671
0500000US06039,06039,"Madera County, California",47150,3872
0500000US06041,06041,"Marin County, California",100662,4929
0500000US06045,06045,"Mendocino County, California",41896,4606
0500000US06047,06047,"Merced County, California",41997,2804
0500000US06053,06053,"Monterey County, California",60494,2094
0500000US06055,06055,"Napa County, California",75513,5565
0500000US06057,06057,"Nevada County, California",54177,8236
0500000US06059,06059,"Orange County, California",78428,1784
0500000US06061,06061,"Placer County, California",75708,2585
0500000US06065,06065,"Riverside County, California",58292,1771
0500000US06067,06067,"Sacramento County, California",58942,1803
0500000US06071,06071,"San Bernardino County, California",53803,1596
0500000US06073,06073,"San Diego County, California",67320,1448
0500000US06075,06075,"San Francisco County, California",92094,3424
0500000US06077,06077,"San Joaquin County, California",53705,2554
0500000US06079,06079,"San Luis Obispo County, California",62648,4211
0500000US06081,06081,"San Mateo County, California",101272,1399
0500000US06083,06083,"Santa Barbara County, California",63625,2418
0500000US06085,06085,"Santa Clara County, California",102340,1449
0500000US06087,06087,"Santa Cruz County, California",65139,4375
0500000US06089,06089,"Shasta County, California",46693,4067
0500000US06095,06095,"Solano County, California",67443,2860
0500000US06097,06097,"Sonoma County, California",66674,2788
0500000US06099,06099,"Stanislaus County, California",52363,2615
0500000US06101,06101,"Sutter County, California",52277,5218
0500000US06107,06107,"Tulare County, California",42413,2564
0500000US06111,06111,"Ventura County, California",80032,2247
0500000US06113,06113,"Yolo County, California",58966,4179
0500000US06115,06115,"Yuba County, California",50451,5085
0500000US08001,08001,"Adams County, Colorado",63493,2145
0500000US08005,08005,"Arapahoe County, Colorado",67002,1550
0500000US08013,08013,"Boulder County, Colorado",72009,5099
0500000US08014,08014,"Broomfield County, Colorado",84921,6022
0500000US08031,08031,"Denver County, Colorado",58003,2702
0500000US08035,08035,"Douglas County, Colorado",107650,4820
0500000US08041,08041,"El Paso County, Colorado",60109,1845
0500000US08059,08059,"Jefferson County, Colorado",71136,1553
0500000US08069,08069,"Larimer County, Colorado",64919,2845
0500000US08077,08077,"Mesa County, Colorado",51465,2717
0500000US08101,08101,"Pueblo County, Colorado",40050,1749
0500000US08123,08123,"Weld County, Colorado",70256,2550
0500000US09001,09001,"Fairfield County, Connecticut",86414,2417
0500000US09003,09003,"Hartford County, Connecticut",69622,2485
0500000US09005,09005,"Litchfield County, Connecticut",70667,3725
0500000US09007,09007,"Middlesex County, Connecticut",83530,4152
0500000US09009,09009,"New Haven County, Connecticut",61760,1243
0500000US09011,09011,"New London County, Connecticut",65764,3193
0500000US09013,09013,"Tolland County, Connecticut",82168,4310
0500000US09015,09015,"Windham County, Connecticut",62905,4076
0500000US10001,10001,"Kent County, Delaware",56778,3480
0500000US10003,10003,"New Castle County, Delaware",66256,2057
0500000US10005,10005,"Sussex County, Delaware",55065,3042
0500000US11001,11001,"District of Columbia, District of Columbia",75628,2493
0500000US12001,12001,"Alachua County, Florida",47895,2900
0500000US12005,12005,"Bay County, Florida",48259,2868
0500000US12009,12009,"Brevard County, Florida",50416,1739
0500000US12011,12011,"Broward County, Florida",53926,1562
0500000US12015,12015,"Charlotte County, Florida",45492,2325
0500000US12017,12017,"Citrus County, Florida",40294,3717
0500000US12019,12019,"Clay County, Florida",58676,3398
0500000US12021,12021,"Collier County, Florida",62126,2536
0500000US12023,12023,"Columbia County, Florida",47808,6031
0500000US12031,12031,"Duval County, Florida",49554,1344
0500000US12033,12033,"Escambia County, Florida",46001,1907
0500000US12035,12035,"Flagler County, Florida",48864,4129
0500000US12053,12053,"Hernando County, Florida",43590,2292
0500000US12055,12055,"Highlands County, Florida",34242,1880
0500000US12057,12057,"Hillsborough County, Florida",51725,917
0500000US12061,12061,"Indian River County, Florida",49379,2380
0500000US12069,12069,"Lake County, Florida",50305,2768
0500000US12071,12071,"Lee County, Florida",50651,1121
0500000US12073,12073,"Leon County, Florida",46002,1944
0500000US12081,12081,"Manatee County, Florida",50835,1636
0500000US12083,12083,"Marion County, Florida",40050,2058
0500000US12085,12085,"Martin County, Florida",51622,3362
0500000US12086,12086,"Miami-Dade County, Florida",43786,1049
0500000US12087,12087,"Monroe County, Florida",61020,5516
0500000US12089,12089,"Nassau County, Florida",52005,4376
0500000US12091,12091,"Okaloosa County, Florida",55659,2040
0500000US12095,12095,"Orange County, Florida",50720,1313
0500000US12097,12097,"Osceola County, Florida",45244,2500
0500000US12099,12099,"Palm Beach County, Florida",56664,1141
0500000US12101,12101,"Pasco County, Florida",46133,1354
0500000US12103,12103,"Pinellas County, Florida",47618,1167
0500000US12105,12105,"Polk County, Florida",44061,1576
0500000US12107,12107,"Putnam County, Florida",31483,2392
0500000US12109,12109,"St. Johns County, Florida",70379,4713
0500000US12111,12111,"St. Lucie County, Florida",45905,3413
0500000US12113,12113,"Santa Rosa County, Florida",59682,2857
0500000US12115,12115,"Sarasota County, Florida",56286,2523
0500000US12117,12117,"Seminole County, Florida",57074,3038
0500000US12119,12119,"Sumter County, Florida",51335,5576
0500000US12127,12127,"Volusia County, Florida",42175,1730
0500000US13013,13013,"Barrow County, Georgia",53156,3987
0500000US13015,13015,"Bartow County, Georgia",50572,3941
0500000US13021,13021,"Bibb County, Georgia",38605,3220
0500000US13031,13031,"Bulloch County, Georgia",33477,3878
0500000US13045,13045,"Carroll County, Georgia",43410,4354
0500000US13047,13047,"Catoosa County, Georgia",51012,1400
0500000US13051,13051,"Chatham County, Georgia",49252,2406
0500000US13057,13057,"Cherokee County, Georgia",74104,4169
0500000US13059,13059,"Clarke County, Georgia",31284,2592
0500000US13063,13063,"Clayton County, Georgia",42120,3354
0500000US13067,13067,"Cobb County, Georgia",70246,2131
0500000US13073,13073,"Columbia County, Georgia",75440,6599
0500000US13077,13077,"Coweta County, Georgia",67351,5719
0500000US13089,13089,"DeKalb County, Georgia",54057,2666
0500000US13095,13095,"Dougherty County, Georgia",35645,4204
0500000US13097,13097,"Douglas County, Georgia",59329,3442
0500000US13113,13113,"Fayette County, Georgia",78557,4446
0500000US13115,13115,"Floyd County, Georgia",40510,2829
0500000US13117,13117,"Forsyth County, Georgia",94537,7799
0500000US13121,13121,"Fulton County, Georgia",60291,1760
0500000US13127,13127,"Glynn County, Georgia",46125,4448
0500000US13135,13135,"Gwinnett County, Georgia",61732,1089
0500000US13139,13139,"Hall County, Georgia",55009,4485
0500000US13151,13151,"Henry County, Georgia",65342,3581
0500000US13153,13153,"Houston County, Georgia",55044,5517
0500000US13179,13179,"Liberty County, Georgia",36573,3641
0500000US13185,13185,"Lowndes County, Georgia",34455,4082
0500000US13215,13215,"Muscogee County, Georgia",41859,2119
0500000US13217,13217,"Newton County, Georgia",50806,5056
0500000US13223,13223,"Paulding County, Georgia",60214,4654
0500000US13245,13245,"Richmond County, Georgia",41672,2366
0500000US13247,13247,"Rockdale County, Georgia",50761,3150
0500000US13285,13285,"Troup County, Georgia",39067,6672
0500000US13295,13295,"Walker County, Georgia",44358,4759
0500000US13297,13297,"Walton County, Georgia",57278,3797
0500000US13313,13313,"Whitfield County, Georgia",45894,6188
0500000US15001,15001,"Hawaii County, Hawaii",60033,5620
0500000US15003,15003,"Honolulu County, Hawaii",77273,1894
0500000US15007,15007,"Kauai County, Hawaii",77140,5263
0500000US15009,15009,"Maui County, Hawaii",70497,3128
0500000US16001,16001,"Ada County, Idaho",57399,3548
0500000US16005,16005,"Bannock County, Idaho",41530,3062
0500000US16019,16019,"Bonneville County, Idaho",53355,3651
0500000US16027,16027,"Canyon County, Idaho",42786,4325
0500000US16055,16055,"Kootenai County, Idaho",47860,3182
0500000US16083,16083,"Twin Falls County, Idaho",45499,3290
0500000US17001,17001,"Adams County, Illinois",46528,3451
0500000US17019,17019,"Champaign County, Illinois",50252,3765
0500000US17031,17031,"Cook County, Illinois",56851,656
0500000US17037,17037,"DeKalb County, Illinois",55471,5589
0500000US17043,17043,"DuPage County, Illinois",81559,1672
0500000US17089,17089,"Kane County, Illinois",70359,2220
0500000US17091,17091,"Kankakee County, Illinois",53850,4128
0500000US17093,17093,"Kendall County, Illinois",85979,6932
0500000US17097,17097,"Lake County, Illinois",82113,2047
0500000US17099,17099,"LaSalle County, Illinois",51936,3227
0500000US17111,17111,"McHenry County, Illinois",80125,4895
0500000US17113,17113,"McLean County, Illinois",65304,4253
0500000US17115,17115,"Macon County, Illinois",48040,2949
0500000US17119,17119,"Madison County, Illinois",52664,2030
0500000US17143,17143,"Peoria County, Illinois",53837,3951
0500000US17161,17161,"Rock Island County, Illinois",50542,2266
0500000US17163,17163,"St. Clair County, Illinois",50347,3088
0500000US17167,17167,"Sangamon County, Illinois",57576,2442
0500000US17179,17179,"Tazewell County, Illinois",57020,3067
0500000US17183,17183,"Vermilion County, Illinois",45098,3254
0500000US17197,17197,"Will County, Illinois",75992,2141
0500000US17199,17199,"Williamson County, Illinois",48736,4819
0500000US17201,17201,"Winnebago County, Illinois",49578,2382
0500000US18003,18003,"Allen County, Indiana",49754,1991
0500000US18005,18005,"Bartholomew County, Indiana",54447,3806
0500000US18019,18019,"Clark County, Indiana",51828,3901
0500000US18035,18035,"Delaware County, Indiana",40606,2163
0500000US18039,18039,"Elkhart County, Indiana",49556,2221
0500000US18043,18043,"Floyd County, Indiana",58096,5865
0500000US18053,18053,"Grant County, Indiana",38645,3295
0500000US18057,18057,"Hamilton County, Indiana",90613,3083
0500000US18059,18059,"Hancock County, Indiana",69968,5041
0500000US18063,18063,"Hendricks County, Indiana",73050,2816
0500000US18067,18067,"Howard County, Indiana",46793,2667
0500000US18081,18081,"Johnson County, Indiana",68744,4087
0500000US18085,18085,"Kosciusko County, Indiana",52888,4206
0500000US18089,18089,"Lake County, Indiana",50582,1357
0500000US18091,18091,"LaPorte County, Indiana",45838,4206
0500000US18095,18095,"Madison County, Indiana",45257,2249
0500000US18097,18097,"Marion County, Indiana",41226,804
0500000US18105,18105,"Monroe County, Indiana",45062,4332
0500000US18109,18109,"Morgan County, Indiana",58755,4158
0500000US18127,18127,"Porter County, Indiana",63807,5871
0500000US18141,18141,"St. Joseph County, Indiana",46552,2008
0500000US18157,18157,"Tippecanoe County, Indiana",50224,3052
0500000US18163,18163,"Vanderburgh County, Indiana",42564,2908
0500000US18167,18167,"Vigo County, Indiana",38632,2867
0500000US18177,18177,"Wayne County, Indiana",42160,2759
0500000US19013,19013,"Black Hawk County, Iowa",50169,2399
0500000US19049,19049,"Dallas County, Iowa",78634,6323
0500000US19061,19061,"Dubuque County, Iowa",58487,3255
0500000US19103,19103,"Johnson County, Iowa",55913,4719
0500000US19113,19113,"Linn County, Iowa",57073,2921
0500000US19153,19153,"Polk County, Iowa",60176,1936
0500000US19155,19155,"Pottawattamie County, Iowa",53117,4821
0500000US19163,19163,"Scott County, Iowa",57831,3878
0500000US19169,19169,"Story County, Iowa",50811,2005
0500000US19193,19193,"Woodbury County, Iowa",51146,2683
0500000US20015,20015,"Butler County, Kansas",60714,3993
0500000US20045,20045,"Douglas County, Kansas",52964,7149
0500000US20091,20091,"Johnson County, Kansas",82892,1848
0500000US20103,20103,"Leavenworth County, Kansas",60423,3631
0500000US20161,20161,"Riley County, Kansas",46677,4095
0500000US20173,20173,"Sedgwick County, Kansas",50840,1007
0500000US20177,20177,"Shawnee County, Kansas",51123,2836
0500000US20209,20209,"Wyandotte County, Kansas",41800,1542
0500000US21015,21015,"Boone County, Kentucky",67047,5443
0500000US21029,21029,"Bullitt County, Kentucky",53434,3629
0500000US21037,21037,"Campbell County, Kentucky",51208,1767
0500000US21047,21047,"Christian County, Kentucky",39827,2251
0500000US21059,21059,"Daviess County, Kentucky",48791,4671
0500000US21067,21067,"Fayette County, Kentucky",51948,1988
0500000US21093,21093,"Hardin County, Kentucky",49229,3571
0500000US21111,21111,"Jefferson County, Kentucky",51259,1032
0500000US21117,21117,"Kenton County, Kentucky",52043,1956
0500000US21145,21145,"McCracken County, Kentucky",51114,7481
0500000US21151,21151,"Madison County, Kentucky",45383,5762
0500000US21195,21195,"Pike County, Kentucky",33321,3457
0500000US21227,21227,"Warren County, Kentucky",44679,5484
0500000US22005,22005,"Ascension Parish, Louisiana",76632,6799
0500000US22015,22015,"Bossier Parish, Louisiana",56140,5480
0500000US22017,22017,"Caddo Parish, Louisiana",41040,2358
0500000US22019,22019,"Calcasieu Parish, Louisiana",45767,2871
0500000US22033,22033,"East Baton Rouge Parish, Louisiana",50519,1433
0500000US22045,22045,"Iberia Parish, Louisiana",46365,5189
0500000US22051,22051,"Jefferson Parish, Louisiana",49576,1682
0500000US22055,22055,"Lafayette Parish, Louisiana",51981,2099
0500000US22057,22057,"Lafourche Parish, Louisiana",52589,2973
0500000US22063,22063,"Livingston Parish, Louisiana",58677,5422
0500000US22071,22071,"Orleans Parish, Louisiana",39077,2108
0500000US22073,22073,"Ouachita Parish, Louisiana",36709,2938
0500000US22079,22079,"Rapides Parish, Louisiana",43222,2982
0500000US22097,22097,"St. Landry Parish, Louisiana",30286,3629
0500000US22103,22103,"St. Tammany Parish, Louisiana",63180,2113
0500000US22105,22105,"Tangipahoa Parish, Louisiana",42962,6740
0500000US22109,22109,"Terrebonne Parish, Louisiana",41786,2704
0500000US23001,23001,"Androscoggin County, Maine",50338,3380
0500000US23003,23003,"Aroostook County, Maine",36596,1734
0500000US23005,23005,"Cumberland County, Maine",64215,3365
0500000US23011,23011,"Kennebec County, Maine",51335,3359
0500000US23019,23019,"Penobscot County, Maine",44173,4678
0500000US23031,23031,"York County, Maine",61613,1635
0500000US24001,24001,"Allegany County, Maryland",38281,4078
0500000US24003,24003,"Anne Arundel County, Maryland",91230,2067
0500000US24005,24005,"Baltimore County, Maryland",68775,2630
0500000US24009,24009,"Calvert County, Maryland",106247,10881
0500000US24013,24013,"Carroll County, Maryland",84887,4071
0500000US24015,24015,"Cecil County, Maryland",70676,4327
0500000US24017,24017,"Charles County, Maryland",88700,3640
0500000US24021,24021,"Frederick County, Maryland",83819,2864
0500000US24025,24025,"Harford County, Maryland",78050,4013
0500000US24027,24027,"Howard County, Maryland",110892,4159
0500000US24031,24031,"Montgomery County, Maryland",98917,2749
0500000US24033,24033,"Prince George's County, Maryland",76741,1434
0500000US24037,24037,"St. Mary's County, Maryland",85163,7529
0500000US24043,24043,"Washington County, Maryland",55979,4505
0500000US24045,24045,"Wicomico County, Maryland",54781,4074
0500000US24510,24510,"Baltimore city, Maryland",44165,2247
0500000US25001,25001,"Barnstable County, Massachusetts",66102,1965
0500000US25003,25003,"Berkshire County, Massachusetts",50765,4206
0500000US25005,25005,"Bristol County, Massachusetts",60183,2260
0500000US25009,25009,"Essex County, Massachusetts",68455,2565
0500000US25011,25011,"Franklin County, Massachusetts",58613,3148
0500000US25013,25013,"Hampden County, Massachusetts",51514,1365
0500000US25015,25015,"Hampshire County, Massachusetts",60583,3849
0500000US25017,25017,"Middlesex County, Massachusetts",90267,1575
0500000US25021,25021,"Norfolk County, Massachusetts",94039,3708
0500000US25023,25023,"Plymouth County, Massachusetts",75080,3675
0500000US25025,25025,"Suffolk County, Massachusetts",56771,1946
0500000US25027,25027,"Worcester County, Massachusetts",65753,1837
0500000US26005,26005,"Allegan County, Michigan",55250,2598
0500000US26017,26017,"Bay County, Michigan",46560,4139
0500000US26021,26021,"Berrien County, Michigan",46649,2911
0500000US26025,26025,"Calhoun County, Michigan",43084,2719
0500000US26037,26037,"Clinton County, Michigan",63764,4365
0500000US26045,26045,"Eaton County, Michigan",56005,3609
0500000US26049,26049,"Genesee County, Michigan",44025,1840
0500000US26055,26055,"Grand Traverse County, Michigan",55013,3323
0500000US26065,26065,"Ingham County, Michigan",47082,2450
0500000US26073,26073,"Isabella County, Michigan",40838,2859
0500000US26075,26075,"Jackson County, Michigan",50783,2819
0500000US26077,26077,"Kalamazoo County, Michigan",52164,2476
0500000US26081,26081,"Kent County, Michigan",54340,1682
0500000US26087,26087,"Lapeer County, Michigan",57762,4864
0500000US26091,26091,"Lenawee County, Michigan",48279,2553
0500000US26093,26093,"Livingston County, Michigan",76455,2328
0500000US26099,26099,"Macomb County, Michigan",54640,1808
0500000US26103,26103,"Marquette County, Michigan",48259,3506
0500000US26111,26111,"Midland County, Michigan",59292,4306
0500000US26115,26115,"Monroe County, Michigan",54396,3333
0500000US26121,26121,"Muskegon County, Michigan",47453,2606
0500000US26125,26125,"Oakland County, Michigan",69998,1414
0500000US26139,26139,"Ottawa County, Michigan",61012,2072
0500000US26145,26145,"Saginaw County, Michigan",43383,2087
0500000US26147,26147,"St. Clair County, Michigan",51127,1497
0500000US26155,26155,"Shiawassee County, Michigan",51839,3638
0500000US26159,26159,"Van Buren County, Michigan",48034,3060
0500000US26161,26161,"Washtenaw County, Michigan",61977,2207
0500000US26163,26163,"Wayne County, Michigan",41557,601
0500000US27003,27003,"Anoka County, Minnesota",73382,3020
0500000US27013,27013,"Blue Earth County, Minnesota",48350,3720
0500000US27019,27019,"Carver County, Minnesota",92653,5242
0500000US27037,27037,"Dakota County, Minnesota",77196,3264
0500000US27053,27053,"Hennepin County, Minnesota",68935,1423
0500000US27109,27109,"Olmsted County, Minnesota",69973,3043
0500000US27123,27123,"Ramsey County, Minnesota",57384,2077
0500000US27131,27131,"Rice County, Minnesota",57323,6226
0500000US27137,27137,"St. Louis County, Minnesota",50124,2419
0500000US27139,27139,"Scott County, Minnesota",92506,5457
0500000US27141,27141,"Sherburne County, Minnesota",80088,7395
0500000US27145,27145,"Stearns County, Minnesota",55030,2109
0500000US27163,27163,"Washington County, Minnesota",87995,4721
0500000US27171,27171,"Wright County, Minnesota",76306,3962
0500000US28033,28033,"DeSoto County, Mississippi",60394,2751
0500000US28035,28035,"Forrest County, Mississippi",33779,4493
0500000US28047,28047,"Harrison County, Mississippi",42297,2831
0500000US28049,28049,"Hinds County, Mississippi",39002,3258
0500000US28059,28059,"Jackson County, Mississippi",45596,2345
0500000US28067,28067,"Jones County, Mississippi",32856,4126
0500000US28075,28075,"Lauderdale County, Mississippi",37676,3403
0500000US28081,28081,"Lee County, Mississippi",39581,6262
0500000US28089,28089,"Madison County, Mississippi",67907,9874
0500000US28121,28121,"Rankin County, Mississippi",57500,4808
0500000US29019,29019,"Boone County, Missouri",50520,3306
0500000US29021,29021,"Buchanan County, Missouri",49302,2805
0500000US29031,29031,"Cape Girardeau County, Missouri",49731,5191
0500000US29037,29037,"Cass County, Missouri",62561,3340
0500000US29043,29043,"Christian County, Missouri",53730,4238
0500000US29047,29047,"Clay County, Missouri",65090,2071
0500000US29051,29051,"Cole County, Missouri",56855,4688
0500000US29071,29071,"Franklin County, Missouri",48694,3568
0500000US29077,29077,"Greene County, Missouri",43675,2262
0500000US29095,29095,"Jackson County, Missouri",48212,1883
0500000US29097,29097,"Jasper County, Missouri",44314,2530
0500000US29099,29099,"Jefferson County, Missouri",58704,2940
0500000US29165,29165,"Platte County, Missouri",70837,5152
0500000US29183,29183,"St. Charles County, Missouri",73116,3606
0500000US29187,29187,"St. Francois County, Missouri",42863,5110
0500000US29189,29189,"St. Louis County, Missouri",61516,1131
0500000US29510,29510,"St. Louis city, Missouri",38397,1795
0500000US30013,30013,"Cascade County, Montana",45606,3301
0500000US30029,30029,"Flathead County, Montana",46899,5306
0500000US30031,30031,"Gallatin County, Montana",57535,2338
0500000US30049,30049,"Lewis and Clark County, Montana",58796,7603
0500000US30063,30063,"Missoula County, Montana",42815,5512
0500000US30111,30111,"Yellowstone County, Montana",58026,2753
0500000US31055,31055,"Douglas County, Nebraska",58359,1758
0500000US31109,31109,"Lancaster County, Nebraska",53807,2565
0500000US31153,31153,"Sarpy County, Nebraska",73518,3216
0500000US32003,32003,"Clark County, Nevada",51552,864
0500000US32031,32031,"Washoe County, Nevada",56382,2087
0500000US33005,33005,"Cheshire County, New Hampshire",61780,3733
0500000US33009,33009,"Grafton County, New Hampshire",58183,4624
0500000US33011,33011,"Hillsborough County, New Hampshire",74323,3667
0500000US33013,33013,"Merrimack County, New Hampshire",68566,2343
0500000US33015,33015,"Rockingham County, New Hampshire",87960,3166
0500000US33017,33017,"Strafford County, New Hampshire",61563,5057
0500000US34001,34001,"Atlantic County, New Jersey",54052,3806
0500000US34003,34003,"Bergen County, New Jersey",89023,3201
0500000US34005,34005,"Burlington County, New Jersey",74800,3113
0500000US34007,34007,"Camden County, New Jersey",65025,3754
0500000US34009,34009,"Cape May County, New Jersey",57116,4361
0500000US34011,34011,"Cumberland County, New Jersey",51315,2930
0500000US34013,34013,"Essex County, New Jersey",52041,1348
0500000US34015,34015,"Gloucester County, New Jersey",77565,3735
0500000US34017,34017,"Hudson County, New Jersey",60530,1857
0500000US34019,34019,"Hunterdon County, New Jersey",102122,4025
0500000US34021,34021,"Mercer County, New Jersey",72417,3054
0500000US34023,34023,"Middlesex County, New Jersey",78643,3510
0500000US34025,34025,"Monmouth County, New Jersey",87092,3611
0500000US34027,34027,"Morris County, New Jersey",101661,2787
0500000US34029,34029,"Ocean County, New Jersey",63765,2132
0500000US34031,34031,"Passaic County, New Jersey",55954,3583
0500000US34033,34033,"Salem County, New Jersey",68830,6340
0500000US34035,34035,"Somerset County, New Jersey",98440,4426
0500000US34037,34037,"Sussex County, New Jersey",85086,6402
0500000US34039,34039,"Union County, New Jersey",71163,2818
0500000US34041,34041,"Warren County, New Jersey",71277,6403
0500000US35001,35001,"Bernalillo County, New Mexico",47747,1565
0500000US35005,35005,"Chaves County, New Mexico",38044,6011
0500000US35013,35013,"Doña Ana County, New Mexico",39902,2958
0500000US35025,35025,"Lea County, New Mexico",56260,7142
0500000US35031,35031,"McKinley County, New Mexico",28212,2118
0500000US35035,35035,"Otero County, New Mexico",36142,4749
0500000US35043,35043,"Sandoval County, New Mexico",63598,2937
0500000US35045,35045,"San Juan County, New Mexico",49613,3755
0500000US35049,35049,"Santa Fe County, New Mexico",55676,3459
0500000US35061,35061,"Valencia County, New Mexico",42092,4536
0500000US36001,36001,"Albany County, New York",57042,2650
0500000US36005,36005,"Bronx County, New York",35176,1392
0500000US36007,36007,"Broome County, New York",46152,2449
0500000US36009,36009,"Cattaraugus County, New York",40016,2369
0500000US36011,36011,"Cayuga County, New York",53146,3745
0500000US36013,36013,"Chautauqua County, New York",44460,2933
0500000US36015,36015,"Chemung County, New York",53119,3960
0500000US36019,36019,"Clinton County, New York",45377,3652
0500000US36027,36027,"Dutchess County, New York",71864,3327
0500000US36029,36029,"Erie County, New York",52214,1164
0500000US36045,36045,"Jefferson County, New York",51107,2803
0500000US36047,36047,"Kings County, New York",51141,566
0500000US36051,36051,"Livingston County, New York",53441,5497
0500000US36053,36053,"Madison County, New York",60286,3760
0500000US36055,36055,"Monroe County, New York",54077,1923
0500000US36059,36059,"Nassau County, New York",101830,1439
0500000US36061,36061,"New York County, New York",75575,2566
0500000US36063,36063,"Niagara County, New York",48160,3623
0500000US36065,36065,"Oneida County, New York",48023,3974
0500000US36067,36067,"Onondaga County, New York",57365,1560
0500000US36069,36069,"Ontario County, New York",57711,4464
0500000US36071,36071,"Orange County, New York",73031,4374
0500000US36075,36075,"Oswego County, New York",49767,2541
0500000US36079,36079,"Putnam County, New York",90538,6426
0500000US36081,36081,"Queens County, New York",60422,723
0500000US36083,36083,"Rensselaer County, New York",60810,3046
0500000US36085,36085,"Richmond County, New York",71622,2532
0500000US36087,36087,"Rockland County, New York",85392,3580
0500000US36089,36089,"St. Lawrence County, New York",42144,3026
0500000US36091,36091,"Saratoga County, New York",75761,4256
0500000US36093,36093,"Schenectady County, New York",61108,3920
0500000US36101,36101,"Steuben County, New York",47146,3242
0500000US36103,36103,"Suffolk County, New York",88340,2415
0500000US36105,36105,"Sullivan County, New York",51761,6091
0500000US36109,36109,"Tompkins County, New York",58084,4517
0500000US36111,36111,"Ulster County, New York",59758,3903
0500000US36113,36113,"Warren County, New York",57541,6893
0500000US36117,36117,"Wayne County, New York",50561,2727
0500000US36119,36119,"Westchester County, New York",86108,3303
0500000US37001,37001,"Alamance County, North Carolina",39541,2483
0500000US37019,37019,"Brunswick County, North Carolina",46640,4671
0500000US37021,37021,"Buncombe County, North Carolina",44619,2447
0500000US37023,37023,"Burke County, North Carolina",42970,3000
0500000US37025,37025,"Cabarrus County, North Carolina",56853,4253
0500000US37027,37027,"Caldwell County, North Carolina",38708,3094
0500000US37031,37031,"Carteret County, North Carolina",51048,4260
0500000US37035,37035,"Catawba County, North Carolina",40450,2006
0500000US37037,37037,"Chatham County, North Carolina",55642,6175
0500000US37045,37045,"Cleveland County, North Carolina",38885,4073
0500000US37049,37049,"Craven County, North Carolina",48145,3100
0500000US37051,37051,"Cumberland County, North Carolina",42107,1521
0500000US37057,37057,"Davidson County, North Carolina",46150,3215
0500000US37063,37063,"Durham County, North Carolina",53495,2972
0500000US37067,37067,"Forsyth County, North Carolina",46477,2388
0500000US37071,37071,"Gaston County, North Carolina",44293,2436
0500000US37081,37081,"Guilford County, North Carolina",47786,2262
0500000US37085,37085,"Harnett County, North Carolina",48960,4107
0500000US37089,37089,"Henderson County, North Carolina",47021,2794
0500000US37097,37097,"Iredell County, North Carolina",55949,3282
0500000US37101,37101,"Johnston County, North Carolina",52234,2712
0500000US37109,37109,"Lincoln County, North Carolina",46884,3558
0500000US37119,37119,"Mecklenburg County, North Carolina",56883,1011
0500000US37125,37125,"Moore County, North Carolina",51547,3018
0500000US37127,37127,"Nash County, North Carolina",42718,3135
0500000US37129,37129,"New Hanover County, North Carolina",52685,2900
0500000US37133,37133,"Onslow County, North Carolina",45832,3161
0500000US37135,37135,"Orange County, North Carolina",61164,4370
0500000US37147,37147,"Pitt County, North Carolina",41453,2439
0500000US37151,37151,"Randolph County, North Carolina",42347,3227
0500000US37155,37155,"Robeson County, North Carolina",31558,2074
0500000US37157,37157,"Rockingham County, North Carolina",38241,4354
0500000US37159,37159,"Rowan County, North Carolina",45320,4656
0500000US37161,37161,"Rutherford County, North Carolina",35594,3954
0500000US37171,37171,"Surry County, North Carolina",37337,2571
0500000US37179,37179,"Union County, North Carolina",71729,2617
0500000US37183,37183,"Wake County, North Carolina",70533,1200
0500000US37191,37191,"Wayne County, North Carolina",40361,3393
0500000US37193,37193,"Wilkes County, North Carolina",40919,3660
0500000US37195,37195,"Wilson County, North Carolina",41204,2310
0500000US38015,38015,"Burleigh County, North Dakota",65079,4522
0500000US38017,38017,"Cass County, North Dakota",53728,4282
0500000US38035,38035,"Grand Forks County, North Dakota",51264,4755
0500000US38101,38101,"Ward County, North Dakota",62631,6375
0500000US39003,39003,"Allen County, Ohio",50332,3322
0500000US39007,39007,"Ashtabula County, Ohio",44511,2492
0500000US39009,39009,"Athens County, Ohio",36511,6000
0500000US39013,39013,"Belmont County, Ohio",46113,2472
0500000US39017,39017,"Butler County, Ohio",58785,3289
0500000US39023,39023,"Clark County, Ohio",47963,3106
0500000US39025,39025,"Clermont County, Ohio",62054,3565
0500000US39029,39029,"Columbiana County, Ohio",41887,2127
0500000US39035,39035,"Cuyahoga County, Ohio",45297,1211
0500000US39041,39041,"Delaware County, Ohio",96410,4514
0500000US39043,39043,"Erie County, Ohio",47544,2283
0500000US39045,39045,"Fairfield County, Ohio",61291,2353
0500000US39049,39049,"Franklin County, Ohio",53882,1761
0500000US39055,39055,"Geauga County, Ohio",75895,6179
0500000US39057,39057,"Greene County, Ohio",59803,4656
0500000US39061,39061,"Hamilton County, Ohio",50990,1200
0500000US39063,39063,"Hancock County, Ohio",54709,3752
0500000US39081,39081,"Jefferson County, Ohio",44194,3191
0500000US39085,39085,"Lake County, Ohio",60810,1842
0500000US39089,39089,"Licking County, Ohio",59883,4339
0500000US39093,39093,"Lorain County, Ohio",52373,1923
0500000US39095,39095,"Lucas County, Ohio",42594,1738
0500000US39099,39099,"Mahoning County, Ohio",41910,2163
0500000US39101,39101,"Marion County, Ohio",40607,4465
0500000US39103,39103,"Medina County, Ohio",69989,3504
0500000US39109,39109,"Miami County, Ohio",49156,4038
0500000US39113,39113,"Montgomery County, Ohio",46561,1427
0500000US39119,39119,"Muskingum County, Ohio",42815,3160
0500000US39133,39133,"Portage County, Ohio",52835,3194
0500000US39139,39139,"Richland County, Ohio",45155,3754
0500000US39141,39141,"Ross County, Ohio",44907,3656
0500000US39145,39145,"Scioto County, Ohio",35833,5077
0500000US39151,39151,"Stark County, Ohio",48819,2037
0500000US39153,39153,"Summit County, Ohio",51309,1341
0500000US39155,39155,"Trumbull County, Ohio",42368,1974
0500000US39157,39157,"Tuscarawas County, Ohio",47331,3646
0500000US39165,39165,"Warren County, Ohio",81017,4800
0500000US39169,39169,"Wayne County, Ohio",52760,2939
0500000US39173,39173,"Wood County, Ohio",57027,2506
0500000US40017,40017,"Canadian County, Oklahoma",62045,3100
0500000US40027,40027,"Cleveland County, Oklahoma",59336,2592
0500000US40031,40031,"Comanche County, Oklahoma",47587,3680
0500000US40037,40037,"Creek County, Oklahoma",46665,4325
0500000US40101,40101,"Muskogee County, Oklahoma",41016,4152
0500000US40109,40109,"Oklahoma County, Oklahoma",49693,1228
0500000US40119,40119,"Payne County, Oklahoma",39840,3098
0500000US40125,40125,"Pottawatomie County, Oklahoma",43317,2426
0500000US40131,40131,"Rogers County, Oklahoma",63041,3743
0500000US40143,40143,"Tulsa County, Oklahoma",51287,880
0500000US40145,40145,"Wagoner County, Oklahoma",57319,3744
0500000US41003,41003,"Benton County, Oregon",52852,5818
0500000US41005,41005,"Clackamas County, Oregon",69629,2898
0500000US41017,41017,"Deschutes County, Oregon",57373,5618
0500000US41019,41019,"Douglas County, Oregon",41428,3670
0500000US41029,41029,"Jackson County, Oregon",43948,3862
0500000US41033,41033,"Josephine County, Oregon",41493,3378
0500000US41035,41035,"Klamath County, Oregon",43952,4687
0500000US41039,41039,"Lane County, Oregon",47318,2893
0500000US41043,41043,"Linn County, Oregon",47527,4013
0500000US41047,41047,"Marion County, Oregon",52047,2667
0500000US41051,41051,"Multnomah County, Oregon",59231,2100
0500000US41053,41053,"Polk County, Oregon",54970,5440
0500000US41059,41059,"Umatilla County, Oregon",49472,2496
0500000US41067,41067,"Washington County, Oregon",70447,1703
0500000US41071,41071,"Yamhill County, Oregon",51084,4029
0500000US42001,42001,"Adams County, Pennsylvania",61023,2894
0500000US42003,42003,"Allegheny County, Pennsylvania",54467,1565
0500000US42005,42005,"Armstrong County, Pennsylvania",44477,3980
0500000US42007,42007,"Beaver County, Pennsylvania",50128,3553
0500000US42011,42011,"Berks County, Pennsylvania",56122,1984
0500000US42013,42013,"Blair County, Pennsylvania",45432,3540
0500000US42017,42017,"Bucks County, Pennsylvania",80575,2276
0500000US42019,42019,"Butler County, Pennsylvania",68848,3255
0500000US42021,42021,"Cambria County, Pennsylvania",44179,2002
0500000US42025,42025,"Carbon County, Pennsylvania",57387,6858
0500000US42027,42027,"Centre County, Pennsylvania",56337,4927
0500000US42029,42029,"Chester County, Pennsylvania",90503,2326
0500000US42033,42033,"Clearfield County, Pennsylvania",44666,3345
0500000US42037,42037,"Columbia County, Pennsylvania",42599,4486
0500000US42039,42039,"Crawford County, Pennsylvania",46574,2722
0500000US42041,42041,"Cumberland County, Pennsylvania",63890,3665
0500000US42043,42043,"Dauphin County, Pennsylvania",54232,2426
0500000US42045,42045,"Delaware County, Pennsylvania",67584,2587
0500000US42049,42049,"Erie County, Pennsylvania",47386,2957
0500000US42051,42051,"Fayette County, Pennsylvania",40495,2128
0500000US42055,42055,"Franklin County, Pennsylvania",57960,5015
0500000US42063,42063,"Indiana County, Pennsylvania",46990,4818
0500000US42069,42069,"Lackawanna County, Pennsylvania",48518,2355
0500000US42071,42071,"Lancaster County, Pennsylvania",59262,2192
0500000US42073,42073,"Lawrence County, Pennsylvania",42921,4341
0500000US42075,42075,"Lebanon County, Pennsylvania",52571,2598
0500000US42077,42077,"Lehigh County, Pennsylvania",56452,2084
0500000US42079,42079,"Luzerne County, Pennsylvania",50301,1922
0500000US42081,42081,"Lycoming County, Pennsylvania",51455,4223
0500000US42085,42085,"Mercer County, Pennsylvania",47051,3130
0500000US42089,42089,"Monroe County, Pennsylvania",57318,4275
0500000US42091,42091,"Montgomery County, Pennsylvania",83254,2221
0500000US42095,42095,"Northampton County, Pennsylvania",62436,2676
0500000US42097,42097,"Northumberland County, Pennsylvania",44989,3691
0500000US42101,42101,"Philadelphia County, Pennsylvania",41233,797
0500000US42107,42107,"Schuylkill County, Pennsylvania",45810,2427
0500000US42111,42111,"Somerset County, Pennsylvania",43660,2945
0500000US42125,42125,"Washington County, Pennsylvania",58085,3726
0500000US42129,42129,"Westmoreland County, Pennsylvania",53540,2149
0500000US42133,42133,"York County, Pennsylvania",58409,2369
0500000US44003,44003,"Kent County, Rhode Island",65931,3347
0500000US44005,44005,"Newport County, Rhode Island",66026,2595
0500000US44007,44007,"Providence County, Rhode Island",50565,1442
0500000US44009,44009,"Washington County, Rhode Island",72453,6202
0500000US45003,45003,"Aiken County, South Carolina",47219,3967
0500000US45007,45007,"Anderson County, South Carolina",43558,3928
0500000US45013,45013,"Beaufort County, South Carolina",60257,4069
0500000US45015,45015,"Berkeley County, South Carolina",56548,3331
0500000US45019,45019,"Charleston County, South Carolina",57079,2656
0500000US45031,45031,"Darlington County, South Carolina",33922,5820
0500000US45035,45035,"Dorchester County, South Carolina",54521,4878
0500000US45041,45041,"Florence County, South Carolina",40883,2497
0500000US45045,45045,"Greenville County, South Carolina",51908,1286
0500000US45047,45047,"Greenwood County, South Carolina",43218,5893
0500000US45051,45051,"Horry County, South Carolina",47541,1764
0500000US45057,45057,"Lancaster County, South Carolina",45676,4251
0500000US45059,45059,"Laurens County, South Carolina",39474,3347
0500000US45063,45063,"Lexington County, South Carolina",55227,2239
0500000US45073,45073,"Oconee County, South Carolina",43266,3156
0500000US45075,45075,"Orangeburg County, South Carolina",38596,2340
0500000US45077,45077,"Pickens County, South Carolina",42449,3958
0500000US45079,45079,"Richland County, South Carolina",51301,1979
0500000US45083,45083,"Spartanburg County, South Carolina",45125,2914
0500000US45085,45085,"Sumter County, South Carolina",41169,1928
0500000US45091,45091,"York County, South Carolina",56359,3723
0500000US46099,46099,"Minnehaha County, South Dakota",54918,3127
0500000US46103,46103,"Pennington County, South Dakota",52611,4393
0500000US47001,47001,"Anderson County, Tennessee",42744,3992
0500000US47009,47009,"Blount County, Tennessee",49134,4032
0500000US47011,47011,"Bradley County, Tennessee",42922,3065
0500000US47037,47037,"Davidson County, Tennessee",52026,1366
0500000US47059,47059,"Greene County, Tennessee",34768,3121
0500000US47065,47065,"Hamilton County, Tennessee",48580,2897
0500000US47093,47093,"Knox County, Tennessee",52229,1724
0500000US47113,47113,"Madison County, Tennessee",47801,3835
0500000US47119,47119,"Maury County, Tennessee",50707,2422
0500000US47125,47125,"Montgomery County, Tennessee",48659,3446
0500000US47141,47141,"Putnam County, Tennessee",40623,3695
0500000US47147,47147,"Robertson County, Tennessee",53204,3907
0500000US47149,47149,"Rutherford County, Tennessee",60043,2524
0500000US47155,47155,"Sevier County, Tennessee",42107,3446
0500000US47157,47157,"Shelby County, Tennessee",47083,1324
0500000US47163,47163,"Sullivan County, Tennessee",42012,2948
0500000US47165,47165,"Sumner County, Tennessee",59753,3849
0500000US47179,47179,"Washington County, Tennessee",45484,4323
0500000US47187,47187,"Williamson County, Tennessee",102881,5602
0500000US47189,47189,"Wilson County, Tennessee",64476,6249
0500000US48005,48005,"Angelina County, Texas",49768,8084
0500000US48021,48021,"Bastrop County, Texas",63129,9381
0500000US48027,48027,"Bell County, Texas",48908,2327
0500000US48029,48029,"Bexar County, Texas",52286,978
0500000US48037,48037,"Bowie County, Texas",40662,5314
0500000US48039,48039,"Brazoria County, Texas",71251,4797
0500000US48041,48041,"Brazos County, Texas",44270,4055
0500000US48061,48061,"Cameron County, Texas",34074,2696
0500000US48085,48085,"Collin County, Texas",86217,2184
0500000US48091,48091,"Comal County, Texas",67363,6448
0500000US48099,48099,"Coryell County, Texas",45998,5477
0500000US48113,48113,"Dallas County, Texas",51799,630
0500000US48121,48121,"Denton County, Texas",75649,1704
0500000US48135,48135,"Ector County, Texas",65454,4475
0500000US48139,48139,"Ellis County, Texas",68095,5167
0500000US48141,48141,"El Paso County, Texas",43692,2079
0500000US48157,48157,"Fort Bend County, Texas",95389,4332
0500000US48167,48167,"Galveston County, Texas",69190,5423
0500000US48181,48181,"Grayson County, Texas",48126,3971
0500000US48183,48183,"Gregg County, Texas",47727,4665
0500000US48187,48187,"Guadalupe County, Texas",64343,3823
0500000US48201,48201,"Harris County, Texas",56629,861
0500000US48203,48203,"Harrison County, Texas",42958,6175
0500000US48209,48209,"Hays County, Texas",58870,6163
0500000US48213,48213,"Henderson County, Texas",47906,4685
0500000US48215,48215,"Hidalgo County, Texas",35730,1885
0500000US48231,48231,"Hunt County, Texas",46048,5942
0500000US48245,48245,"Jefferson County, Texas",48005,2780
0500000US48251,48251,"Johnson County, Texas",58758,4606
0500000US48257,48257,"Kaufman County, Texas",58141,8677
0500000US48291,48291,"Liberty County, Texas",55152,5298
0500000US48303,48303,"Lubbock County, Texas",47897,3179
0500000US48309,48309,"McLennan County, Texas",46602,2034
0500000US48329,48329,"Midland County, Texas",81064,5048
0500000US48339,48339,"Montgomery County, Texas",71577,3012
0500000US48347,48347,"Nacogdoches County, Texas",39865,7042
0500000US48355,48355,"Nueces County, Texas",50587,2314
0500000US48361,48361,"Orange County, Texas",50429,4225
0500000US48367,48367,"Parker County, Texas",67012,4824
0500000US48375,48375,"Potter County, Texas",40536,3978
0500000US48381,48381,"Randall County, Texas",61984,3998
0500000US48397,48397,"Rockwall County, Texas",90940,6115
0500000US48409,48409,"San Patricio County, Texas",54966,4280
0500000US48423,48423,"Smith County, Texas",49060,2809
0500000US48439,48439,"Tarrant County, Texas",60737,744
0500000US48441,48441,"Taylor County, Texas",48636,5389
0500000US48451,48451,"Tom Green County, Texas",48114,7785
0500000US48453,48453,"Travis County, Texas",65269,1969
0500000US48469,48469,"Victoria County, Texas",56545,4693
0500000US48471,48471,"Walker County, Texas",40448,5374
0500000US48479,48479,"Webb County, Texas",39774,2899
0500000US48485,48485,"Wichita County, Texas",45416,2712
0500000US48491,48491,"Williamson County, Texas",78311,2242
0500000US49005,49005,"Cache County, Utah",50518,3997
0500000US49011,49011,"Davis County, Utah",72016,2163
0500000US49035,49035,"Salt Lake County, Utah",65694,1387
0500000US49049,49049,"Utah County, Utah",65487,1720
0500000US49053,49053,"Washington County, Utah",54913,2790
0500000US49057,49057,"Weber County, Utah",59146,4615
0500000US50007,50007,"Chittenden County, Vermont",67997,3672
0500000US51003,51003,"Albemarle County, Virginia",70589,5007
0500000US51013,51013,"Arlington County, Virginia",106768,6543
0500000US51015,51015,"Augusta County, Virginia",56766,5655
0500000US51019,51019,"Bedford County, Virginia",54062,4922
0500000US51041,51041,"Chesterfield County, Virginia",75131,3150
0500000US51059,51059,"Fairfax County, Virginia",113208,2765
0500000US51061,51061,"Fauquier County, Virginia",91940,9515
0500000US51069,51069,"Frederick County, Virginia",71993,5592
0500000US51085,51085,"Hanover County, Virginia",82085,3633
0500000US51087,51087,"Henrico County, Virginia",66085,4072
0500000US51095,51095,"James City County, Virginia",73968,6739
0500000US51107,51107,"Loudoun County, Virginia",125003,4693
0500000US51121,51121,"Montgomery County, Virginia",52151,3186
0500000US51153,51153,"Prince William County, Virginia",99766,2514
0500000US51161,51161,"Roanoke County, Virginia",63210,7627
0500000US51165,51165,"Rockingham County, Virginia",51979,3215
0500000US51177,51177,"Spotsylvania County, Virginia",75535,5429
0500000US51179,51179,"Stafford County, Virginia",95882,5056
0500000US51199,51199,"York County, Virginia",84580,9372
0500000US51510,51510,"Alexandria city, Virginia",90056,4336
0500000US51550,51550,"Chesapeake city, Virginia",67491,4112
0500000US51650,51650,"Hampton city, Virginia",51867,4923
0500000US51680,51680,"Lynchburg city, Virginia",39374,3181
0500000US51700,51700,"Newport News city, Virginia",48630,3600
0500000US51710,51710,"Norfolk city, Virginia",45996,2137
0500000US51740,51740,"Portsmouth city, Virginia",49242,4470
0500000US51760,51760,"Richmond city, Virginia",39906,2036
0500000US51770,51770,"Roanoke city, Virginia",39835,3741
0500000US51800,51800,"Suffolk city, Virginia",61203,3861
0500000US51810,51810,"Virginia Beach city, Virginia",67281,1670
0500000US53005,53005,"Benton County, Washington",62484,3256
0500000US53007,53007,"Chelan County, Washington",56890,5321
0500000US53009,53009,"Clallam County, Washington",44929,4018
0500000US53011,53011,"Clark County, Washington",64275,2931
0500000US53015,53015,"Cowlitz County, Washington",49949,3647
0500000US53021,53021,"Franklin County, Washington",59664,3278
0500000US53025,53025,"Grant County, Washington",51667,3855
0500000US53027,53027,"Grays Harbor County, Washington",44122,5518
0500000US53029,53029,"Island County, Washington",60532,4366
0500000US53033,53033,"King County, Washington",81916,1129
0500000US53035,53035,"Kitsap County, Washington",66090,3036
0500000US53041,53041,"Lewis County, Washington",48179,4864
0500000US53053,53053,"Pierce County, Washington",60167,1296
0500000US53057,53057,"Skagit County, Washington",57122,4977
0500000US53061,53061,"Snohomish County, Washington",76251,1728
0500000US53063,53063,"Spokane County, Washington",48525,1533
0500000US53067,53067,"Thurston County, Washington",62137,3953
0500000US53073,53073,"Whatcom County, Washington",55016,3235
0500000US53077,53077,"Yakima County, Washington",47223,1890
0500000US54003,54003,"Berkeley County, West Virginia",53548,5590
0500000US54011,54011,"Cabell County, West Virginia",38839,3816
0500000US54033,54033,"Harrison County, West Virginia",48285,5144
0500000US54039,54039,"Kanawha County, West Virginia",45028,2361
0500000US54061,54061,"Monongalia County, West Virginia",45880,4788
0500000US54081,54081,"Raleigh County, West Virginia",37262,3945
0500000US54107,54107,"Wood County, West Virginia",39991,2965
0500000US55009,55009,"Brown County, Wisconsin",54802,2975
0500000US55025,55025,"Dane County, Wisconsin",65202,1743
0500000US55027,55027,"Dodge County, Wisconsin",55832,3028
0500000US55035,55035,"Eau Claire County, Wisconsin",51667,2956
0500000US55039,55039,"Fond du Lac County, Wisconsin",57620,3994
0500000US55055,55055,"Jefferson County, Wisconsin",62399,4404
0500000US55059,55059,"Kenosha County, Wisconsin",55845,3181
0500000US55063,55063,"La Crosse County, Wisconsin",49933,3902
0500000US55071,55071,"Manitowoc County, Wisconsin",50302,3400
0500000US55073,55073,"Marathon County, Wisconsin",55687,2915
0500000US55079,55079,"Milwaukee County, Wisconsin",45859,1097
0500000US55087,55087,"Outagamie County, Wisconsin",59252,3349
0500000US55089,55089,"Ozaukee County, Wisconsin",79048,3606
0500000US55097,55097,"Portage County, Wisconsin",57244,5009
0500000US55101,55101,"Racine County, Wisconsin",57232,2731
0500000US55105,55105,"Rock County, Wisconsin",53777,3410
0500000US55109,55109,"St. Croix County, Wisconsin",71449,6781
0500000US55117,55117,"Sheboygan County, Wisconsin",57047,4108
0500000US55127,55127,"Walworth County, Wisconsin",58537,3484
0500000US55131,55131,"Washington County, Wisconsin",69713,3473
0500000US55133,55133,"Waukesha County, Wisconsin",77761,3167
0500000US55139,55139,"Winnebago County, Wisconsin",52136,2064
0500000US55141,55141,"Wood County, Wisconsin",50796,2402
0500000US56021,56021,"Laramie County, Wyoming",60599,9360
0500000US56025,56025,"Natrona County, Wyoming",52886,5090
