GEO.id,GEO.id2,GEO.display-label,HD01_VD01,HD02_VD01
Id,Id2,Geography,Estimate; Median household income in the past 12 months (in 2012 inflation-adjusted dollars),Margin of Error; Median household income in the past 12 months (in 2012 inflation-adjusted dollars)
0500000US01003,01003,"Baldwin County, Alabama",48378,2633
0500000US01015,01015,"Calhoun County, Alabama",39169,3843
0500000US01043,01043,"Cullman County, Alabama",37287,2459
0500000US01049,01049,"DeKalb County, Alabama",38445,1807
0500000US01051,01051,"Elmore County, Alabama",53328,4991
0500000US01055,01055,"Etowah County, Alabama",34264,3456
0500000US01069,01069,"Houston County, Alabama",40409,2433
0500000US01073,01073,"Jefferson County, Alabama",43959,2085
0500000US01077,01077,"Lauderdale County, Alabama",41908,4125
0500000US01081,01081,"Lee County, Alabama",45043,4536
0500000US01083,01083,"Limestone County, Alabama",47999,5191
0500000US01089,01089,"Madison County, Alabama",56839,2561
0500000US01095,01095,"Marshall County, Alabama",36197,2826
0500000US01097,01097,"Mobile County, Alabama",39691,2752
0500000US01101,01101,"Montgomery County, Alabama",41807,2102
0500000US01103,01103,"Morgan County, Alabama",45051,5539
0500000US01115,01115,"St. Clair County, Alabama",51859,3789
0500000US01117,01117,"Shelby County, Alabama",65728,4018
0500000US01121,01121,"Talladega County, Alabama",31547,3270
0500000US01125,01125,"Tuscaloosa County, Alabama",41139,2202
0500000US01127,01127,"Walker County, Alabama",35330,4559
0500000US02020,02020,"Anchorage Municipality, Alaska",72575,4103
0500000US02090,02090,"Fairbanks North Star Borough, Alaska",66539,6646
0500000US02170,02170,"Matanuska-Susitna Borough, Alaska",67486,3143
0500000US04001,04001,"Apache County, Arizona",33867,2445
0500000US04003,04003,"Cochise County, Arizona",43252,4483
0500000US04005,04005,"Coconino County, Arizona",45640,3806
0500000US04013,04013,"Maricopa County, Arizona",51432,479
0500000US04015,04015,"Mohave County, Arizona",34445,1964
0500000US04017,04017,"Navajo County, Arizona",34298,2567
0500000US04019,04019,"Pima County, Arizona",44762,1367
0500000US04021,04021,"Pinal County, Arizona",50515,2075
0500000US04025,04025,"Yavapai County, Arizona",44035,2700
0500000US04027,04027,"Yuma County, Arizona",39485,2382
0500000US05007,05007,"Benton County, Arkansas",52294,2294
0500000US05031,05031,"Craighead County, Arkansas",44111,4420
0500000US05045,05045,"Faulkner County, Arkansas",49752,4082
0500000US05051,05051,"Garland County, Arkansas",40893,3351
0500000US05069,05069,"Jefferson County, Arkansas",36275,2474
0500000US05085,05085,"Lonoke County, Arkansas",51098,1759
0500000US05119,05119,"Pulaski County, Arkansas",44437,2698
0500000US05125,05125,"Saline County, Arkansas",58009,3915
0500000US05131,05131,"Sebastian County, Arkansas",37330,3054
0500000US05143,05143,"Washington County, Arkansas",41225,1996
0500000US05145,05145,"White County, Arkansas",38853,5452
0500000US06001,06001,"Alameda County, California",70500,1475
0500000US06007,06007,"Butte County, California",40960,1995
0500000US06013,06013,"Contra Costa County, California",74177,1723
0500000US06017,06017,"El Dorado County, California",69973,3983
0500000US06019,06019,"Fresno County, California",41627,1128
0500000US06023,06023,"Humboldt County, California",40682,2944
0500000US06025,06025,"Imperial County, California",40200,5198
0500000US06029,06029,"Kern County, California",45910,2002
0500000US06031,06031,"Kings County, California",45935,3484
0500000US06033,06033,"Lake County, California",33219,6837
0500000US06037,06037,"Los Angeles County, California",53001,580
0500000US06039,06039,"Madera County, California",42039,3213
0500000US06041,06041,"Marin County, California",90535,5672
0500000US06045,06045,"Mendocino County, California",41369,5525
0500000US06047,06047,"Merced County, California",43597,3789
0500000US06053,06053,"Monterey County, California",58109,3535
0500000US06055,06055,"Napa County, California",68553,5436
0500000US06057,06057,"Nevada County, California",53768,6326
0500000US06059,06059,"Orange County, California",71983,839
0500000US06061,06061,"Placer County, California",69086,2336
0500000US06065,06065,"Riverside County, California",52621,1282
0500000US06067,06067,"Sacramento County, California",52667,1225
0500000US06071,06071,"San Bernardino County, California",50770,1014
0500000US06073,06073,"San Diego County, California",60330,911
0500000US06075,06075,"San Francisco County, California",73012,2985
0500000US06077,06077,"San Joaquin County, California",50722,1357
0500000US06079,06079,"San Luis Obispo County, California",60264,3482
0500000US06081,06081,"San Mateo County, California",81609,1759
0500000US06083,06083,"Santa Barbara County, California",61890,2475
0500000US06085,06085,"Santa Clara County, California",91425,1402
0500000US06087,06087,"Santa Cruz County, California",67769,3229
0500000US06089,06089,"Shasta County, California",45442,2644
0500000US06095,06095,"Solano County, California",62066,1784
0500000US06097,06097,"Sonoma County, California",59941,2090
0500000US06099,06099,"Stanislaus County, California",46405,2000
0500000US06101,06101,"Sutter County, California",47081,4068
0500000US06107,06107,"Tulare County, California",40302,1650
0500000US06111,06111,"Ventura County, California",71517,1851
0500000US06113,06113,"Yolo County, California",50594,2881
0500000US06115,06115,"Yuba County, California",43545,4066
0500000US08001,08001,"Adams County, Colorado",55863,1601
0500000US08005,08005,"Arapahoe County, Colorado",60443,1291
0500000US08013,08013,"Boulder County, Colorado",66989,3583
0500000US08031,08031,"Denver County, Colorado",50488,1534
0500000US08035,08035,"Douglas County, Colorado",95324,3642
0500000US08041,08041,"El Paso County, Colorado",55217,1863
0500000US08059,08059,"Jefferson County, Colorado",67512,2105
0500000US08069,08069,"Larimer County, Colorado",55890,1640
0500000US08077,08077,"Mesa County, Colorado",45892,3526
0500000US08101,08101,"Pueblo County, Colorado",41262,1944
0500000US08123,08123,"Weld County, Colorado",55357,2828
0500000US09001,09001,"Fairfield County, Connecticut",79841,2463
0500000US09003,09003,"Hartford County, Connecticut",63536,2199
0500000US09005,09005,"Litchfield County, Connecticut",67658,3309
0500000US09007,09007,"Middlesex County, Connecticut",74484,4356
0500000US09009,09009,"New Haven County, Connecticut",59271,1907
0500000US09011,09011,"New London County, Connecticut",66603,3108
0500000US09013,09013,"Tolland County, Connecticut",75238,6306
0500000US09015,09015,"Windham County, Connecticut",54098,4208
0500000US10001,10001,"Kent County, Delaware",52894,4253
0500000US10003,10003,"New Castle County, Delaware",62157,1625
0500000US10005,10005,"Sussex County, Delaware",49471,3163
0500000US11001,11001,"District of Columbia, District of Columbia",66583,2040
0500000US12001,12001,"Alachua County, Florida",41669,2883
0500000US12005,12005,"Bay County, Florida",46005,3379
0500000US12009,12009,"Brevard County, Florida",46162,1812
0500000US12011,12011,"Broward County, Florida",49793,1066
0500000US12015,12015,"Charlotte County, Florida",45247,2453
0500000US12017,12017,"Citrus County, Florida",39322,2228
0500000US12019,12019,"Clay County, Florida",54827,6022
0500000US12021,12021,"Collier County, Florida",54126,2537
0500000US12023,12023,"Columbia County, Florida",36542,3917
0500000US12031,12031,"Duval County, Florida",43449,1602
0500000US12033,12033,"Escambia County, Florida",45009,1748
0500000US12035,12035,"Flagler County, Florida",42856,2496
0500000US12053,12053,"Hernando County, Florida",36515,1950
0500000US12055,12055,"Highlands County, Florida",34733,1992
0500000US12057,12057,"Hillsborough County, Florida",46515,1329
0500000US12061,12061,"Indian River County, Florida",40413,2951
0500000US12069,12069,"Lake County, Florida",41083,1774
0500000US12071,12071,"Lee County, Florida",46278,1070
0500000US12073,12073,"Leon County, Florida",46443,2989
0500000US12081,12081,"Manatee County, Florida",47474,2804
0500000US12083,12083,"Marion County, Florida",37098,1550
0500000US12085,12085,"Martin County, Florida",44821,3371
0500000US12086,12086,"Miami-Dade County, Florida",41400,656
0500000US12087,12087,"Monroe County, Florida",53637,4068
0500000US12089,12089,"Nassau County, Florida",53230,4413
0500000US12091,12091,"Okaloosa County, Florida",52787,2925
0500000US12095,12095,"Orange County, Florida",45624,1278
0500000US12097,12097,"Osceola County, Florida",42915,1798
0500000US12099,12099,"Palm Beach County, Florida",51278,860
0500000US12101,12101,"Pasco County, Florida",42704,1325
0500000US12103,12103,"Pinellas County, Florida",44927,1243
0500000US12105,12105,"Polk County, Florida",41325,1271
0500000US12107,12107,"Putnam County, Florida",34025,3233
0500000US12109,12109,"St. Johns County, Florida",61288,2512
0500000US12111,12111,"St. Lucie County, Florida",41785,1634
0500000US12113,12113,"Santa Rosa County, Florida",61031,2630
0500000US12115,12115,"Sarasota County, Florida",48035,2180
0500000US12117,12117,"Seminole County, Florida",54986,2503
0500000US12119,12119,"Sumter County, Florida",45173,5051
0500000US12127,12127,"Volusia County, Florida",40106,1230
0500000US13013,13013,"Barrow County, Georgia",47582,4351
0500000US13015,13015,"Bartow County, Georgia",46187,5577
0500000US13021,13021,"Bibb County, Georgia",36120,2150
0500000US13031,13031,"Bulloch County, Georgia",35856,2731
0500000US13045,13045,"Carroll County, Georgia",43134,3936
0500000US13047,13047,"Catoosa County, Georgia",42251,8139
0500000US13051,13051,"Chatham County, Georgia",42390,2392
0500000US13057,13057,"Cherokee County, Georgia",66993,5094
0500000US13059,13059,"Clarke County, Georgia",32571,2570
0500000US13063,13063,"Clayton County, Georgia",36804,2297
0500000US13067,13067,"Cobb County, Georgia",63069,2209
0500000US13073,13073,"Columbia County, Georgia",68118,5849
0500000US13077,13077,"Coweta County, Georgia",61414,2649
0500000US13089,13089,"DeKalb County, Georgia",49093,1651
0500000US13095,13095,"Dougherty County, Georgia",30532,2244
0500000US13097,13097,"Douglas County, Georgia",49981,5708
0500000US13113,13113,"Fayette County, Georgia",77670,6980
0500000US13115,13115,"Floyd County, Georgia",37841,2541
0500000US13117,13117,"Forsyth County, Georgia",85494,5353
0500000US13121,13121,"Fulton County, Georgia",55369,1877
0500000US13127,13127,"Glynn County, Georgia",44708,7269
0500000US13135,13135,"Gwinnett County, Georgia",56423,1565
0500000US13139,13139,"Hall County, Georgia",49737,3167
0500000US13151,13151,"Henry County, Georgia",55695,3820
0500000US13153,13153,"Houston County, Georgia",54457,5041
0500000US13179,13179,"Liberty County, Georgia",42990,4109
0500000US13185,13185,"Lowndes County, Georgia",37165,2575
0500000US13215,13215,"Muscogee County, Georgia",45178,3172
0500000US13217,13217,"Newton County, Georgia",48974,4407
0500000US13223,13223,"Paulding County, Georgia",57332,3098
0500000US13245,13245,"Richmond County, Georgia",37154,2196
0500000US13247,13247,"Rockdale County, Georgia",50200,3398
0500000US13285,13285,"Troup County, Georgia",36739,4690
0500000US13295,13295,"Walker County, Georgia",35824,2693
0500000US13297,13297,"Walton County, Georgia",48703,5932
0500000US13313,13313,"Whitfield County, Georgia",34972,5881
0500000US15001,15001,"Hawaii County, Hawaii",50285,2993
0500000US15003,15003,"Honolulu County, Hawaii",71404,1593
0500000US15007,15007,"Kauai County, Hawaii",59238,5813
0500000US15009,15009,"Maui County, Hawaii",61207,3554
0500000US16001,16001,"Ada County, Idaho",53909,2846
0500000US16005,16005,"Bannock County, Idaho",42832,2674
0500000US16019,16019,"Bonneville County, Idaho",49450,3359
0500000US16027,16027,"Canyon County, Idaho",41555,1729
0500000US16055,16055,"Kootenai County, Idaho",46870,3512
0500000US16083,16083,"Twin Falls County, Idaho",40745,3394
0500000US17001,17001,"Adams County, Illinois",46378,4154
0500000US17019,17019,"Champaign County, Illinois",46375,2215
0500000US17031,17031,"Cook County, Illinois",52174,601
0500000US17037,17037,"DeKalb County, Illinois",45901,5305
0500000US17043,17043,"DuPage County, Illinois",78268,1922
0500000US17089,17089,"Kane County, Illinois",64638,2765
0500000US17091,17091,"Kankakee County, Illinois",51703,2711
0500000US17093,17093,"Kendall County, Illinois",77361,9765
0500000US17097,17097,"Lake County, Illinois",74334,2274
0500000US17099,17099,"LaSalle County, Illinois",49183,2474
0500000US17111,17111,"McHenry County, Illinois",76683,4071
0500000US17113,17113,"McLean County, Illinois",62117,2350
0500000US17115,17115,"Macon County, Illinois",44533,2290
0500000US17119,17119,"Madison County, Illinois",51688,1505
0500000US17143,17143,"Peoria County, Illinois",46450,2323
0500000US17161,17161,"Rock Island County, Illinois",50320,2089
0500000US17163,17163,"St. Clair County, Illinois",46505,2766
0500000US17167,17167,"Sangamon County, Illinois",55498,2683
0500000US17179,17179,"Tazewell County, Illinois",61339,3638
0500000US17183,17183,"Vermilion County, Illinois",40311,3325
0500000US17197,17197,"Will County, Illinois",72180,1548
0500000US17199,17199,"Williamson County, Illinois",40658,2340
0500000US17201,17201,"Winnebago County, Illinois",49144,2845
0500000US18003,18003,"Allen County, Indiana",48962,2019
0500000US18005,18005,"Bartholomew County, Indiana",53671,5403
0500000US18019,18019,"Clark County, Indiana",50075,3868
0500000US18035,18035,"Delaware County, Indiana",37032,2193
0500000US18039,18039,"Elkhart County, Indiana",45315,2161
0500000US18043,18043,"Floyd County, Indiana",53990,4256
0500000US18053,18053,"Grant County, Indiana",38877,2984
0500000US18057,18057,"Hamilton County, Indiana",85567,5919
0500000US18059,18059,"Hancock County, Indiana",62794,7403
0500000US18063,18063,"Hendricks County, Indiana",70867,2053
0500000US18067,18067,"Howard County, Indiana",38849,3801
0500000US18081,18081,"Johnson County, Indiana",61597,3365
0500000US18085,18085,"Kosciusko County, Indiana",49301,3140
0500000US18089,18089,"Lake County, Indiana",48120,1860
0500000US18091,18091,"LaPorte County, Indiana",46048,3110
0500000US18095,18095,"Madison County, Indiana",42933,2236
0500000US18097,18097,"Marion County, Indiana",41409,1057
0500000US18105,18105,"Monroe County, Indiana",38435,2123
0500000US18109,18109,"Morgan County, Indiana",50519,4158
0500000US18127,18127,"Porter County, Indiana",63050,4246
0500000US18141,18141,"St. Joseph County, Indiana",45225,1835
0500000US18157,18157,"Tippecanoe County, Indiana",42507,2603
0500000US18163,18163,"Vanderburgh County, Indiana",41445,1711
0500000US18167,18167,"Vigo County, Indiana",40646,3245
0500000US18177,18177,"Wayne County, Indiana",33385,2791
0500000US19013,19013,"Black Hawk County, Iowa",49086,2933
0500000US19049,19049,"Dallas County, Iowa",70198,5570
0500000US19061,19061,"Dubuque County, Iowa",49793,2872
0500000US19103,19103,"Johnson County, Iowa",52105,3598
0500000US19113,19113,"Linn County, Iowa",57460,2804
0500000US19153,19153,"Polk County, Iowa",57854,2054
0500000US19155,19155,"Pottawattamie County, Iowa",50171,2682
0500000US19163,19163,"Scott County, Iowa",52940,2960
0500000US19169,19169,"Story County, Iowa",49489,4474
0500000US19193,19193,"Woodbury County, Iowa",42013,3206
0500000US20015,20015,"Butler County, Kansas",58187,6512
0500000US20045,20045,"Douglas County, Kansas",50184,4856
0500000US20091,20091,"Johnson County, Kansas",73227,2402
0500000US20103,20103,"Leavenworth County, Kansas",59683,5612
0500000US20161,20161,"Riley County, Kansas",41835,3646
0500000US20173,20173,"Sedgwick County, Kansas",47311,1689
0500000US20177,20177,"Shawnee County, Kansas",47982,2238
0500000US20209,20209,"Wyandotte County, Kansas",37529,2090
0500000US21015,21015,"Boone County, Kentucky",65909,4339
0500000US21029,21029,"Bullitt County, Kentucky",57886,4133
0500000US21037,21037,"Campbell County, Kentucky",55888,3556
0500000US21047,21047,"Christian County, Kentucky",38843,4956
0500000US21059,21059,"Daviess County, Kentucky",43885,3896
0500000US21067,21067,"Fayette County, Kentucky",46248,1756
0500000US21093,21093,"Hardin County, Kentucky",49233,4106
0500000US21111,21111,"Jefferson County, Kentucky",45869,1155
0500000US21117,21117,"Kenton County, Kentucky",53561,3589
0500000US21145,21145,"McCracken County, Kentucky",43137,4919
0500000US21151,21151,"Madison County, Kentucky",38005,4704
0500000US21195,21195,"Pike County, Kentucky",32014,3490
0500000US21227,21227,"Warren County, Kentucky",41498,3790
0500000US22005,22005,"Ascension Parish, Louisiana",66315,4640
0500000US22015,22015,"Bossier Parish, Louisiana",53275,4535
0500000US22017,22017,"Caddo Parish, Louisiana",40886,2229
0500000US22019,22019,"Calcasieu Parish, Louisiana",44300,2768
0500000US22033,22033,"East Baton Rouge Parish, Louisiana",47967,1904
0500000US22045,22045,"Iberia Parish, Louisiana",43869,3607
0500000US22051,22051,"Jefferson Parish, Louisiana",45519,1907
0500000US22055,22055,"Lafayette Parish, Louisiana",47341,3805
0500000US22057,22057,"Lafourche Parish, Louisiana",48767,4572
0500000US22063,22063,"Livingston Parish, Louisiana",52397,5035
0500000US22071,22071,"Orleans Parish, Louisiana",34361,1798
0500000US22073,22073,"Ouachita Parish, Louisiana",36338,2596
0500000US22079,22079,"Rapides Parish, Louisiana",41321,1467
0500000US22097,22097,"St. Landry Parish, Louisiana",35765,4679
0500000US22103,22103,"St. Tammany Parish, Louisiana",56650,4867
0500000US22105,22105,"Tangipahoa Parish, Louisiana",34904,4413
0500000US22109,22109,"Terrebonne Parish, Louisiana",48911,4543
0500000US23001,23001,"Androscoggin County, Maine",44297,6105
0500000US23003,23003,"Aroostook County, Maine",38453,2528
0500000US23005,23005,"Cumberland County, Maine",55503,2180
0500000US23011,23011,"Kennebec County, Maine",46014,2728
0500000US23019,23019,"Penobscot County, Maine",41653,1857
0500000US23031,23031,"York County, Maine",52408,2632
0500000US24001,24001,"Allegany County, Maryland",38509,2346
0500000US24003,24003,"Anne Arundel County, Maryland",89179,4122
0500000US24005,24005,"Baltimore County, Maryland",62444,1594
0500000US24009,24009,"Calvert County, Maryland",87449,7092
0500000US24013,24013,"Carroll County, Maryland",80028,4270
0500000US24015,24015,"Cecil County, Maryland",63036,6478
0500000US24017,24017,"Charles County, Maryland",90880,3657
0500000US24021,24021,"Frederick County, Maryland",80765,3382
0500000US24025,24025,"Harford County, Maryland",76645,4348
0500000US24027,24027,"Howard County, Maryland",108844,2972
0500000US24031,24031,"Montgomery County, Maryland",94965,2536
0500000US24033,24033,"Prince George's County, Maryland",69879,2118
0500000US24037,24037,"St. Mary's County, Maryland",86358,2573
0500000US24043,24043,"Washington County, Maryland",53167,3205
0500000US24045,24045,"Wicomico County, Maryland",51451,2470
0500000US24510,24510,"Baltimore city, Maryland",39241,1252
0500000US25001,25001,"Barnstable County, Massachusetts",59453,3652
0500000US25003,25003,"Berkshire County, Massachusetts",46509,2791
0500000US25005,25005,"Bristol County, Massachusetts",53689,1787
0500000US25009,25009,"Essex County, Massachusetts",67888,1919
0500000US25011,25011,"Franklin County, Massachusetts",55416,2764
0500000US25013,25013,"Hampden County, Massachusetts",48865,2517
0500000US25015,25015,"Hampshire County, Massachusetts",59065,4075
0500000US25017,25017,"Middlesex County, Massachusetts",82226,1559
0500000US25021,25021,"Norfolk County, Massachusetts",80248,2457
0500000US25023,25023,"Plymouth County, Massachusetts",73396,2460
0500000US25025,25025,"Suffolk County, Massachusetts",51049,1398
0500000US25027,25027,"Worcester County, Massachusetts",62505,1711
0500000US26005,26005,"Allegan County, Michigan",50078,3515
0500000US26017,26017,"Bay County, Michigan",44548,2654
0500000US26021,26021,"Berrien County, Michigan",43526,1892
0500000US26025,26025,"Calhoun County, Michigan",39190,3371
0500000US26037,26037,"Clinton County, Michigan",57330,3680
0500000US26045,26045,"Eaton County, Michigan",55199,2978
0500000US26049,26049,"Genesee County, Michigan",40323,1276
0500000US26055,26055,"Grand Traverse County, Michigan",51635,2897
0500000US26065,26065,"Ingham County, Michigan",43337,2556
0500000US26073,26073,"Isabella County, Michigan",35593,3189
0500000US26075,26075,"Jackson County, Michigan",42653,3017
0500000US26077,26077,"Kalamazoo County, Michigan",44306,2474
0500000US26081,26081,"Kent County, Michigan",50653,1388
0500000US26087,26087,"Lapeer County, Michigan",51428,1602
0500000US26091,26091,"Lenawee County, Michigan",48224,2798
0500000US26093,26093,"Livingston County, Michigan",75719,2460
0500000US26099,26099,"Macomb County, Michigan",52185,1320
0500000US26103,26103,"Marquette County, Michigan",45149,4096
0500000US26111,26111,"Midland County, Michigan",52356,3121
0500000US26115,26115,"Monroe County, Michigan",50675,2477
0500000US26121,26121,"Muskegon County, Michigan",40535,1891
0500000US26125,26125,"Oakland County, Michigan",63345,1363
0500000US26139,26139,"Ottawa County, Michigan",54323,2478
0500000US26145,26145,"Saginaw County, Michigan",40318,1865
0500000US26147,26147,"St. Clair County, Michigan",44518,1783
0500000US26155,26155,"Shiawassee County, Michigan",41221,3361
0500000US26159,26159,"Van Buren County, Michigan",44456,5114
0500000US26161,26161,"Washtenaw County, Michigan",56330,1907
0500000US26163,26163,"Wayne County, Michigan",39486,961
0500000US27003,27003,"Anoka County, Minnesota",67819,2464
0500000US27013,27013,"Blue Earth County, Minnesota",49266,3330
0500000US27019,27019,"Carver County, Minnesota",83194,4677
0500000US27037,27037,"Dakota County, Minnesota",71382,2052
0500000US27053,27053,"Hennepin County, Minnesota",62541,1504
0500000US27109,27109,"Olmsted County, Minnesota",63803,4036
0500000US27123,27123,"Ramsey County, Minnesota",53925,2320
0500000US27137,27137,"St. Louis County, Minnesota",46773,2117
0500000US27139,27139,"Scott County, Minnesota",85382,6090
0500000US27141,27141,"Sherburne County, Minnesota",69140,3529
0500000US27145,27145,"Stearns County, Minnesota",54887,3906
0500000US27163,27163,"Washington County, Minnesota",80246,2872
0500000US27171,27171,"Wright County, Minnesota",72467,3655
0500000US28033,28033,"DeSoto County, Mississippi",54102,2814
0500000US28035,28035,"Forrest County, Mississippi",31584,3213
0500000US28047,28047,"Harrison County, Mississippi",41098,3196
0500000US28049,28049,"Hinds County, Mississippi",34581,2089
0500000US28059,28059,"Jackson County, Mississippi",44824,4855
0500000US28067,28067,"Jones County, Mississippi",34580,3582
0500000US28075,28075,"Lauderdale County, Mississippi",35255,4444
0500000US28081,28081,"Lee County, Mississippi",41202,2456
0500000US28089,28089,"Madison County, Mississippi",60126,6681
0500000US28121,28121,"Rankin County, Mississippi",56437,3729
0500000US29019,29019,"Boone County, Missouri",44201,4629
0500000US29021,29021,"Buchanan County, Missouri",41756,3530
0500000US29031,29031,"Cape Girardeau County, Missouri",46090,2305
0500000US29037,29037,"Cass County, Missouri",54690,3793
0500000US29043,29043,"Christian County, Missouri",53013,2811
0500000US29047,29047,"Clay County, Missouri",57002,4038
0500000US29051,29051,"Cole County, Missouri",50934,3510
0500000US29071,29071,"Franklin County, Missouri",42214,3070
0500000US29077,29077,"Greene County, Missouri",40365,2026
0500000US29095,29095,"Jackson County, Missouri",44401,1619
0500000US29097,29097,"Jasper County, Missouri",37496,2532
0500000US29099,29099,"Jefferson County, Missouri",52545,2220
0500000US29165,29165,"Platte County, Missouri",65449,4763
0500000US29183,29183,"St. Charles County, Missouri",70230,2120
0500000US29187,29187,"St. Francois County, Missouri",34129,3554
0500000US29189,29189,"St. Louis County, Missouri",56309,1327
0500000US29510,29510,"St. Louis city, Missouri",31997,1137
0500000US30013,30013,"Cascade County, Montana",41732,4769
0500000US30029,30029,"Flathead County, Montana",46444,3848
0500000US30031,30031,"Gallatin County, Montana",52274,4542
0500000US30063,30063,"Missoula County, Montana",45595,3762
0500000US30111,30111,"Yellowstone County, Montana",49482,2869
0500000US31055,31055,"Douglas County, Nebraska",51096,1049
0500000US31109,31109,"Lancaster County, Nebraska",50220,1787
0500000US31153,31153,"Sarpy County, Nebraska",66779,3847
0500000US32003,32003,"Clark County, Nevada",49546,874
0500000US32031,32031,"Washoe County, Nevada",49026,1865
0500000US33005,33005,"Cheshire County, New Hampshire",56238,3907
0500000US33009,33009,"Grafton County, New Hampshire",52430,3955
0500000US33011,33011,"Hillsborough County, New Hampshire",69089,3486
0500000US33013,33013,"Merrimack County, New Hampshire",58742,5069
0500000US33015,33015,"Rockingham County, New Hampshire",76585,2323
0500000US33017,33017,"Strafford County, New Hampshire",52227,5270
0500000US34001,34001,"Atlantic County, New Jersey",51191,2088
0500000US34003,34003,"Bergen County, New Jersey",82729,3290
0500000US34005,34005,"Burlington County, New Jersey",74693,2563
0500000US34007,34007,"Camden County, New Jersey",59280,2732
0500000US34009,34009,"Cape May County, New Jersey",57001,3085
0500000US34011,34011,"Cumberland County, New Jersey",47072,2635
0500000US34013,34013,"Essex County, New Jersey",51009,1489
0500000US34015,34015,"Gloucester County, New Jersey",72930,3238
0500000US34017,34017,"Hudson County, New Jersey",57539,2807
0500000US34019,34019,"Hunterdon County, New Jersey",105186,8184
0500000US34021,34021,"Mercer County, New Jersey",67991,3439
0500000US34023,34023,"Middlesex County, New Jersey",77478,2104
0500000US34025,34025,"Monmouth County, New Jersey",81308,1741
0500000US34027,34027,"Morris County, New Jersey",95294,3759
0500000US34029,34029,"Ocean County, New Jersey",59312,2257
0500000US34031,34031,"Passaic County, New Jersey",59050,2365
0500000US34033,34033,"Salem County, New Jersey",60360,4923
0500000US34035,34035,"Somerset County, New Jersey",95825,4704
0500000US34037,34037,"Sussex County, New Jersey",86625,4747
0500000US34039,34039,"Union County, New Jersey",65876,4044
0500000US34041,34041,"Warren County, New Jersey",71086,3435
0500000US35001,35001,"Bernalillo County, New Mexico",46190,1875
0500000US35005,35005,"Chaves County, New Mexico",42382,5681
0500000US35013,35013,"Doña Ana County, New Mexico",37566,2717
0500000US35025,35025,"Lea County, New Mexico",51504,8849
0500000US35031,35031,"McKinley County, New Mexico",29696,2348
0500000US35035,35035,"Otero County, New Mexico",40583,7128
0500000US35043,35043,"Sandoval County, New Mexico",57754,3322
0500000US35045,35045,"San Juan County, New Mexico",46385,2441
0500000US35049,35049,"Santa Fe County, New Mexico",50720,2046
0500000US35061,35061,"Valencia County, New Mexico",38243,4933
0500000US36001,36001,"Albany County, New York",58736,2712
0500000US36005,36005,"Bronx County, New York",32460,905
0500000US36007,36007,"Broome County, New York",45175,2316
0500000US36009,36009,"Cattaraugus County, New York",43468,2837
0500000US36011,36011,"Cayuga County, New York",50073,2072
0500000US36013,36013,"Chautauqua County, New York",41376,1608
0500000US36015,36015,"Chemung County, New York",45974,5541
0500000US36019,36019,"Clinton County, New York",52161,4657
0500000US36027,36027,"Dutchess County, New York",66754,2235
0500000US36029,36029,"Erie County, New York",50506,1122
0500000US36045,36045,"Jefferson County, New York",46558,2847
0500000US36047,36047,"Kings County, New York",45230,1079
0500000US36051,36051,"Livingston County, New York",53123,2885
0500000US36053,36053,"Madison County, New York",47989,3462
0500000US36055,36055,"Monroe County, New York",50733,1358
0500000US36059,36059,"Nassau County, New York",93214,2346
0500000US36061,36061,"New York County, New York",67099,1640
0500000US36063,36063,"Niagara County, New York",48464,3659
0500000US36065,36065,"Oneida County, New York",46728,2771
0500000US36067,36067,"Onondaga County, New York",52522,1482
0500000US36069,36069,"Ontario County, New York",52338,2479
0500000US36071,36071,"Orange County, New York",66458,3079
0500000US36075,36075,"Oswego County, New York",46961,2745
0500000US36079,36079,"Putnam County, New York",96223,6700
0500000US36081,36081,"Queens County, New York",54713,1049
0500000US36083,36083,"Rensselaer County, New York",60653,2890
0500000US36085,36085,"Richmond County, New York",70963,2223
0500000US36087,36087,"Rockland County, New York",82677,3406
0500000US36089,36089,"St. Lawrence County, New York",42010,3231
0500000US36091,36091,"Saratoga County, New York",66757,2936
0500000US36093,36093,"Schenectady County, New York",56293,4872
0500000US36101,36101,"Steuben County, New York",46445,2806
0500000US36103,36103,"Suffolk County, New York",86334,1879
0500000US36105,36105,"Sullivan County, New York",46796,3764
0500000US36109,36109,"Tompkins County, New York",49930,3987
0500000US36111,36111,"Ulster County, New York",57566,2287
0500000US36113,36113,"Warren County, New York",54184,3223
0500000US36117,36117,"Wayne County, New York",48036,3003
0500000US36119,36119,"Westchester County, New York",77293,2378
0500000US37001,37001,"Alamance County, North Carolina",39782,3244
0500000US37019,37019,"Brunswick County, North Carolina",49124,2862
0500000US37021,37021,"Buncombe County, North Carolina",43294,2884
0500000US37023,37023,"Burke County, North Carolina",37287,4401
0500000US37025,37025,"Cabarrus County, North Carolina",55824,4816
0500000US37027,37027,"Caldwell County, North Carolina",31391,3539
0500000US37031,37031,"Carteret County, North Carolina",49853,3092
0500000US37035,37035,"Catawba County, North Carolina",41420,2151
0500000US37037,37037,"Chatham County, North Carolina",54705,5531
0500000US37045,37045,"Cleveland County, North Carolina",35547,4847
0500000US37049,37049,"Craven County, North Carolina",48402,3154
0500000US37051,37051,"Cumberland County, North Carolina",45020,1811
0500000US37057,37057,"Davidson County, North Carolina",43711,2903
0500000US37063,37063,"Durham County, North Carolina",51094,2535
0500000US37067,37067,"Forsyth County, North Carolina",42489,1513
0500000US37071,37071,"Gaston County, North Carolina",41067,1854
0500000US37081,37081,"Guilford County, North Carolina",42706,1649
0500000US37085,37085,"Harnett County, North Carolina",45655,3127
0500000US37089,37089,"Henderson County, North Carolina",45067,3250
0500000US37097,37097,"Iredell County, North Carolina",49219,4010
0500000US37101,37101,"Johnston County, North Carolina",47108,3643
0500000US37109,37109,"Lincoln County, North Carolina",46098,3428
0500000US37119,37119,"Mecklenburg County, North Carolina",55295,1372
0500000US37125,37125,"Moore County, North Carolina",49763,4788
0500000US37127,37127,"Nash County, North Carolina",39962,3670
0500000US37129,37129,"New Hanover County, North Carolina",51885,2632
0500000US37133,37133,"Onslow County, North Carolina",44250,2019
0500000US37135,37135,"Orange County, North Carolina",51095,3486
0500000US37147,37147,"Pitt County, North Carolina",38589,3190
0500000US37151,37151,"Randolph County, North Carolina",41550,3341
0500000US37155,37155,"Robeson County, North Carolina",28293,3160
0500000US37157,37157,"Rockingham County, North Carolina",35863,3413
0500000US37159,37159,"Rowan County, North Carolina",40089,2122
0500000US37161,37161,"Rutherford County, North Carolina",32836,3479
0500000US37171,37171,"Surry County, North Carolina",36131,3456
0500000US37179,37179,"Union County, North Carolina",59957,3628
0500000US37183,37183,"Wake County, North Carolina",63791,2136
0500000US37191,37191,"Wayne County, North Carolina",37905,3709
0500000US37193,37193,"Wilkes County, North Carolina",33022,2994
0500000US37195,37195,"Wilson County, North Carolina",37020,2118
0500000US38015,38015,"Burleigh County, North Dakota",63258,3988
0500000US38017,38017,"Cass County, North Dakota",51033,3397
0500000US38035,38035,"Grand Forks County, North Dakota",42176,3346
0500000US39003,39003,"Allen County, Ohio",41729,2743
0500000US39007,39007,"Ashtabula County, Ohio",36015,2843
0500000US39013,39013,"Belmont County, Ohio",44245,3352
0500000US39017,39017,"Butler County, Ohio",55687,2355
0500000US39023,39023,"Clark County, Ohio",39178,2737
0500000US39025,39025,"Clermont County, Ohio",53087,3170
0500000US39029,39029,"Columbiana County, Ohio",44210,4025
0500000US39035,39035,"Cuyahoga County, Ohio",41880,710
0500000US39041,39041,"Delaware County, Ohio",85470,4375
0500000US39043,39043,"Erie County, Ohio",44694,5038
0500000US39045,39045,"Fairfield County, Ohio",60615,5656
0500000US39049,39049,"Franklin County, Ohio",50074,1107
0500000US39055,39055,"Geauga County, Ohio",67264,7514
0500000US39057,39057,"Greene County, Ohio",52544,2945
0500000US39061,39061,"Hamilton County, Ohio",46837,1337
0500000US39063,39063,"Hancock County, Ohio",47947,4571
0500000US39081,39081,"Jefferson County, Ohio",40566,2126
0500000US39085,39085,"Lake County, Ohio",54973,2531
0500000US39089,39089,"Licking County, Ohio",52331,2787
0500000US39093,39093,"Lorain County, Ohio",49131,2538
0500000US39095,39095,"Lucas County, Ohio",40529,1367
0500000US39099,39099,"Mahoning County, Ohio",39642,2146
0500000US39101,39101,"Marion County, Ohio",43004,4624
0500000US39103,39103,"Medina County, Ohio",65078,4141
0500000US39109,39109,"Miami County, Ohio",53101,3829
0500000US39113,39113,"Montgomery County, Ohio",42524,1701
0500000US39119,39119,"Muskingum County, Ohio",39266,3301
0500000US39133,39133,"Portage County, Ohio",52364,2975
0500000US39139,39139,"Richland County, Ohio",41680,2282
0500000US39141,39141,"Ross County, Ohio",42951,3233
0500000US39145,39145,"Scioto County, Ohio",36874,3378
0500000US39151,39151,"Stark County, Ohio",45617,1711
0500000US39153,39153,"Summit County, Ohio",48798,1458
0500000US39155,39155,"Trumbull County, Ohio",41049,1713
0500000US39157,39157,"Tuscarawas County, Ohio",43702,2450
0500000US39165,39165,"Warren County, Ohio",72898,4217
0500000US39169,39169,"Wayne County, Ohio",47946,3492
0500000US39173,39173,"Wood County, Ohio",49575,2607
0500000US40017,40017,"Canadian County, Oklahoma",62357,5230
0500000US40027,40027,"Cleveland County, Oklahoma",53754,2749
0500000US40031,40031,"Comanche County, Oklahoma",44874,1629
0500000US40037,40037,"Creek County, Oklahoma",44444,3586
0500000US40101,40101,"Muskogee County, Oklahoma",37233,3624
0500000US40109,40109,"Oklahoma County, Oklahoma",43460,1329
0500000US40119,40119,"Payne County, Oklahoma",35831,3638
0500000US40125,40125,"Pottawatomie County, Oklahoma",42440,2104
0500000US40131,40131,"Rogers County, Oklahoma",56041,3046
0500000US40143,40143,"Tulsa County, Oklahoma",47315,1159
0500000US40145,40145,"Wagoner County, Oklahoma",54507,3181
0500000US41003,41003,"Benton County, Oregon",51133,5803
0500000US41005,41005,"Clackamas County, Oregon",64410,2337
0500000US41017,41017,"Deschutes County, Oregon",47576,3476
0500000US41019,41019,"Douglas County, Oregon",39757,2918
0500000US41029,41029,"Jackson County, Oregon",44810,2045
0500000US41033,41033,"Josephine County, Oregon",34430,2670
0500000US41035,41035,"Klamath County, Oregon",38987,5172
0500000US41039,41039,"Lane County, Oregon",40675,1785
0500000US41043,41043,"Linn County, Oregon",43489,4116
0500000US41047,41047,"Marion County, Oregon",45422,2283
0500000US41051,41051,"Multnomah County, Oregon",51799,1519
0500000US41053,41053,"Polk County, Oregon",46827,5492
0500000US41059,41059,"Umatilla County, Oregon",49148,4243
0500000US41067,41067,"Washington County, Oregon",63530,2685
0500000US41071,41071,"Yamhill County, Oregon",47221,4970
0500000US42001,42001,"Adams County, Pennsylvania",60136,3866
0500000US42003,42003,"Allegheny County, Pennsylvania",50884,817
0500000US42005,42005,"Armstrong County, Pennsylvania",41841,2105
0500000US42007,42007,"Beaver County, Pennsylvania",47083,3646
0500000US42011,42011,"Berks County, Pennsylvania",52022,1845
0500000US42013,42013,"Blair County, Pennsylvania",41258,1703
0500000US42017,42017,"Bucks County, Pennsylvania",75471,1723
0500000US42019,42019,"Butler County, Pennsylvania",57185,3129
0500000US42021,42021,"Cambria County, Pennsylvania",39969,2103
0500000US42025,42025,"Carbon County, Pennsylvania",50742,3944
0500000US42027,42027,"Centre County, Pennsylvania",50809,3222
0500000US42029,42029,"Chester County, Pennsylvania",82442,3338
0500000US42033,42033,"Clearfield County, Pennsylvania",41817,1845
0500000US42037,42037,"Columbia County, Pennsylvania",46545,4266
0500000US42039,42039,"Crawford County, Pennsylvania",42287,3022
0500000US42041,42041,"Cumberland County, Pennsylvania",57785,2394
0500000US42043,42043,"Dauphin County, Pennsylvania",52228,1648
0500000US42045,42045,"Delaware County, Pennsylvania",61065,1926
0500000US42049,42049,"Erie County, Pennsylvania",46563,2077
0500000US42051,42051,"Fayette County, Pennsylvania",40410,2998
0500000US42055,42055,"Franklin County, Pennsylvania",51938,2176
0500000US42063,42063,"Indiana County, Pennsylvania",44403,4276
0500000US42069,42069,"Lackawanna County, Pennsylvania",43053,1916
0500000US42071,42071,"Lancaster County, Pennsylvania",54776,2040
0500000US42073,42073,"Lawrence County, Pennsylvania",43558,1668
0500000US42075,42075,"Lebanon County, Pennsylvania",51557,1758
0500000US42077,42077,"Lehigh County, Pennsylvania",53935,2366
0500000US42079,42079,"Luzerne County, Pennsylvania",42370,1905
0500000US42081,42081,"Lycoming County, Pennsylvania",45710,2176
0500000US42085,42085,"Mercer County, Pennsylvania",42101,3290
0500000US42089,42089,"Monroe County, Pennsylvania",56178,3740
0500000US42091,42091,"Montgomery County, Pennsylvania",76953,1851
0500000US42095,42095,"Northampton County, Pennsylvania",55447,2259
0500000US42097,42097,"Northumberland County, Pennsylvania",40948,2375
0500000US42101,42101,"Philadelphia County, Pennsylvania",35386,951
0500000US42107,42107,"Schuylkill County, Pennsylvania",45056,2148
0500000US42111,42111,"Somerset County, Pennsylvania",46263,3504
0500000US42125,42125,"Washington County, Pennsylvania",54061,2803
0500000US42129,42129,"Westmoreland County, Pennsylvania",49739,1788
0500000US42133,42133,"York County, Pennsylvania",55648,1503
0500000US44003,44003,"Kent County, Rhode Island",60114,4912
0500000US44005,44005,"Newport County, Rhode Island",64813,6089
0500000US44007,44007,"Providence County, Rhode Island",48098,1937
0500000US44009,44009,"Washington County, Rhode Island",70649,5010
0500000US45003,45003,"Aiken County, South Carolina",45658,2706
0500000US45007,45007,"Anderson County, South Carolina",39232,2114
0500000US45013,45013,"Beaufort County, South Carolina",54188,3138
0500000US45015,45015,"Berkeley County, South Carolina",49500,3340
0500000US45019,45019,"Charleston County, South Carolina",48593,2192
0500000US45031,45031,"Darlington County, South Carolina",32922,3909
0500000US45035,45035,"Dorchester County, South Carolina",53637,2818
0500000US45041,45041,"Florence County, South Carolina",41251,3108
0500000US45045,45045,"Greenville County, South Carolina",46654,1991
0500000US45047,45047,"Greenwood County, South Carolina",35923,3164
0500000US45051,45051,"Horry County, South Carolina",40353,1913
0500000US45057,45057,"Lancaster County, South Carolina",44959,4635
0500000US45059,45059,"Laurens County, South Carolina",34906,5027
0500000US45063,45063,"Lexington County, South Carolina",52314,1985
0500000US45073,45073,"Oconee County, South Carolina",37383,6112
0500000US45075,45075,"Orangeburg County, South Carolina",34185,2715
0500000US45077,45077,"Pickens County, South Carolina",39052,2267
0500000US45079,45079,"Richland County, South Carolina",47940,2236
0500000US45083,45083,"Spartanburg County, South Carolina",40879,1949
0500000US45085,45085,"Sumter County, South Carolina",39667,2256
0500000US45091,45091,"York County, South Carolina",50817,2309
0500000US46099,46099,"Minnehaha County, South Dakota",48338,1869
0500000US46103,46103,"Pennington County, South Dakota",49546,3142
0500000US47001,47001,"Anderson County, Tennessee",38421,3362
0500000US47009,47009,"Blount County, Tennessee",46095,2820
0500000US47011,47011,"Bradley County, Tennessee",38505,3631
0500000US47037,47037,"Davidson County, Tennessee",44567,1963
0500000US47059,47059,"Greene County, Tennessee",34536,2361
0500000US47065,47065,"Hamilton County, Tennessee",47667,2077
0500000US47093,47093,"Knox County, Tennessee",46196,1776
0500000US47113,47113,"Madison County, Tennessee",43161,4517
0500000US47119,47119,"Maury County, Tennessee",41953,2702
0500000US47125,47125,"Montgomery County, Tennessee",47850,2446
0500000US47141,47141,"Putnam County, Tennessee",31563,2804
0500000US47147,47147,"Robertson County, Tennessee",56234,4466
0500000US47149,47149,"Rutherford County, Tennessee",53132,2742
0500000US47155,47155,"Sevier County, Tennessee",43292,2022
0500000US47157,47157,"Shelby County, Tennessee",44694,1715
0500000US47163,47163,"Sullivan County, Tennessee",37890,2498
0500000US47165,47165,"Sumner County, Tennessee",55105,2698
0500000US47179,47179,"Washington County, Tennessee",42448,2372
0500000US47187,47187,"Williamson County, Tennessee",90759,6887
0500000US47189,47189,"Wilson County, Tennessee",56485,3414
0500000US48005,48005,"Angelina County, Texas",39489,2841
0500000US48021,48021,"Bastrop County, Texas",49364,6203
0500000US48027,48027,"Bell County, Texas",49091,2495
0500000US48029,48029,"Bexar County, Texas",49874,1167
0500000US48037,48037,"Bowie County, Texas",38924,4474
0500000US48039,48039,"Brazoria County, Texas",65024,4203
0500000US48041,48041,"Brazos County, Texas",39898,3191
0500000US48061,48061,"Cameron County, Texas",30953,1304
0500000US48085,48085,"Collin County, Texas",81364,2419
0500000US48091,48091,"Comal County, Texas",56203,4941
0500000US48099,48099,"Coryell County, Texas",47139,3916
0500000US48113,48113,"Dallas County, Texas",47301,908
0500000US48121,48121,"Denton County, Texas",71053,2069
0500000US48135,48135,"Ector County, Texas",51946,4744
0500000US48139,48139,"Ellis County, Texas",57097,4044
0500000US48141,48141,"El Paso County, Texas",40345,1283
0500000US48157,48157,"Fort Bend County, Texas",86256,2616
0500000US48167,48167,"Galveston County, Texas",60551,2923
0500000US48181,48181,"Grayson County, Texas",47475,3983
0500000US48183,48183,"Gregg County, Texas",42153,2976
0500000US48187,48187,"Guadalupe County, Texas",63608,4872
0500000US48201,48201,"Harris County, Texas",51289,646
0500000US48203,48203,"Harrison County, Texas",43131,5710
0500000US48209,48209,"Hays County, Texas",52615,5776
0500000US48213,48213,"Henderson County, Texas",37077,4735
0500000US48215,48215,"Hidalgo County, Texas",33761,1464
0500000US48231,48231,"Hunt County, Texas",42376,2730
0500000US48245,48245,"Jefferson County, Texas",40795,2068
0500000US48251,48251,"Johnson County, Texas",57569,3594
0500000US48257,48257,"Kaufman County, Texas",54224,3563
0500000US48291,48291,"Liberty County, Texas",50006,6296
0500000US48303,48303,"Lubbock County, Texas",41783,2083
0500000US48309,48309,"McLennan County, Texas",40658,2775
0500000US48329,48329,"Midland County, Texas",61331,3780
0500000US48339,48339,"Montgomery County, Texas",65610,1685
0500000US48347,48347,"Nacogdoches County, Texas",32555,5513
0500000US48355,48355,"Nueces County, Texas",49169,2261
0500000US48361,48361,"Orange County, Texas",50574,5140
0500000US48367,48367,"Parker County, Texas",64556,5416
0500000US48375,48375,"Potter County, Texas",35426,3202
0500000US48381,48381,"Randall County, Texas",55833,3626
0500000US48397,48397,"Rockwall County, Texas",82399,6501
0500000US48409,48409,"San Patricio County, Texas",50546,4663
0500000US48423,48423,"Smith County, Texas",46286,3446
0500000US48439,48439,"Tarrant County, Texas",56040,1136
0500000US48441,48441,"Taylor County, Texas",43855,3272
0500000US48451,48451,"Tom Green County, Texas",44651,3889
0500000US48453,48453,"Travis County, Texas",57368,1734
0500000US48469,48469,"Victoria County, Texas",50076,4513
0500000US48471,48471,"Walker County, Texas",36382,5349
0500000US48479,48479,"Webb County, Texas",36624,2705
0500000US48485,48485,"Wichita County, Texas",45363,3684
0500000US48491,48491,"Williamson County, Texas",70721,2229
0500000US49005,49005,"Cache County, Utah",46016,3493
0500000US49011,49011,"Davis County, Utah",68931,2228
0500000US49035,49035,"Salt Lake County, Utah",58856,1457
0500000US49049,49049,"Utah County, Utah",58425,2707
0500000US49053,49053,"Washington County, Utah",43837,3514
0500000US49057,49057,"Weber County, Utah",54045,2773
0500000US50007,50007,"Chittenden County, Vermont",63686,3561
0500000US51003,51003,"Albemarle County, Virginia",72917,4668
0500000US51013,51013,"Arlington County, Virginia",100474,3694
0500000US51015,51015,"Augusta County, Virginia",47279,4209
0500000US51019,51019,"Bedford County, Virginia",57625,5070
0500000US51041,51041,"Chesterfield County, Virginia",70243,2160
0500000US51059,51059,"Fairfax County, Virginia",107096,2544
0500000US51061,51061,"Fauquier County, Virginia",83677,5572
0500000US51069,51069,"Frederick County, Virginia",67289,8257
0500000US51085,51085,"Hanover County, Virginia",74128,5068
0500000US51087,51087,"Henrico County, Virginia",58338,3304
0500000US51095,51095,"James City County, Virginia",79435,5654
0500000US51107,51107,"Loudoun County, Virginia",117876,5800
0500000US51121,51121,"Montgomery County, Virginia",41625,4216
0500000US51153,51153,"Prince William County, Virginia",93744,3201
0500000US51161,51161,"Roanoke County, Virginia",57515,5481
0500000US51165,51165,"Rockingham County, Virginia",50818,2494
0500000US51177,51177,"Spotsylvania County, Virginia",78914,6179
0500000US51179,51179,"Stafford County, Virginia",97606,4980
0500000US51199,51199,"York County, Virginia",71974,8577
0500000US51510,51510,"Alexandria city, Virginia",81160,6590
0500000US51550,51550,"Chesapeake city, Virginia",65562,3838
0500000US51650,51650,"Hampton city, Virginia",47472,3984
0500000US51680,51680,"Lynchburg city, Virginia",36912,3224
0500000US51700,51700,"Newport News city, Virginia",47476,2432
0500000US51710,51710,"Norfolk city, Virginia",42644,1964
0500000US51740,51740,"Portsmouth city, Virginia",42487,4341
0500000US51760,51760,"Richmond city, Virginia",38185,3187
0500000US51770,51770,"Roanoke city, Virginia",37890,5270
0500000US51800,51800,"Suffolk city, Virginia",65394,5344
0500000US51810,51810,"Virginia Beach city, Virginia",61626,1312
0500000US53005,53005,"Benton County, Washington",57774,2402
0500000US53007,53007,"Chelan County, Washington",45837,6409
0500000US53009,53009,"Clallam County, Washington",42485,2871
0500000US53011,53011,"Clark County, Washington",55719,1945
0500000US53015,53015,"Cowlitz County, Washington",47692,3065
0500000US53021,53021,"Franklin County, Washington",55392,6076
0500000US53025,53025,"Grant County, Washington",46295,6092
0500000US53027,53027,"Grays Harbor County, Washington",42057,3453
0500000US53029,53029,"Island County, Washington",57381,6871
0500000US53033,53033,"King County, Washington",69047,1515
0500000US53035,53035,"Kitsap County, Washington",59073,3048
0500000US53041,53041,"Lewis County, Washington",42927,2347
0500000US53053,53053,"Pierce County, Washington",57629,1539
0500000US53057,53057,"Skagit County, Washington",53400,3613
0500000US53061,53061,"Snohomish County, Washington",67136,2062
0500000US53063,53063,"Spokane County, Washington",47624,1629
0500000US53067,53067,"Thurston County, Washington",58239,3190
0500000US53073,53073,"Whatcom County, Washington",51458,2936
0500000US53077,53077,"Yakima County, Washington",43942,2209
0500000US54003,54003,"Berkeley County, West Virginia",53248,5544
0500000US54011,54011,"Cabell County, West Virginia",35567,5087
0500000US54033,54033,"Harrison County, West Virginia",40022,6008
0500000US54039,54039,"Kanawha County, West Virginia",46914,2501
0500000US54061,54061,"Monongalia County, West Virginia",39532,4371
0500000US54081,54081,"Raleigh County, West Virginia",40705,2804
0500000US54107,54107,"Wood County, West Virginia",42857,2498
0500000US55009,55009,"Brown County, Wisconsin",50131,2273
0500000US55025,55025,"Dane County, Wisconsin",59792,1963
0500000US55027,55027,"Dodge County, Wisconsin",50781,2571
0500000US55035,55035,"Eau Claire County, Wisconsin",47913,3659
0500000US55039,55039,"Fond du Lac County, Wisconsin",53065,3170
0500000US55055,55055,"Jefferson County, Wisconsin",53675,3527
0500000US55059,55059,"Kenosha County, Wisconsin",54172,2634
0500000US55063,55063,"La Crosse County, Wisconsin",47360,3267
0500000US55071,55071,"Manitowoc County, Wisconsin",46045,4486
0500000US55073,55073,"Marathon County, Wisconsin",52419,2244
0500000US55079,55079,"Milwaukee County, Wisconsin",42381,897
0500000US55087,55087,"Outagamie County, Wisconsin",56918,4072
0500000US55089,55089,"Ozaukee County, Wisconsin",75170,5033
0500000US55097,55097,"Portage County, Wisconsin",45215,2362
0500000US55101,55101,"Racine County, Wisconsin",51904,1638
0500000US55105,55105,"Rock County, Wisconsin",45989,2351
0500000US55109,55109,"St. Croix County, Wisconsin",67870,4606
0500000US55117,55117,"Sheboygan County, Wisconsin",51899,2455
0500000US55127,55127,"Walworth County, Wisconsin",48940,5218
0500000US55131,55131,"Washington County, Wisconsin",64221,4846
0500000US55133,55133,"Waukesha County, Wisconsin",72364,1581
0500000US55139,55139,"Winnebago County, Wisconsin",51458,1915
0500000US55141,55141,"Wood County, Wisconsin",44568,2791
0500000US56021,56021,"Laramie County, Wyoming",54192,4434
0500000US56025,56025,"Natrona County, Wyoming",54526,5454
