GEO.id,GEO.id2,GEO.display-label,HD01_VD01,HD02_VD01
Id,Id2,Geography,Estimate; Median household income in the past 12 months (in 2017 inflation-adjusted dollars),Margin of Error; Median household income in the past 12 months (in 2017 inflation-adjusted dollars)
0500000US01003,01003,"Baldwin County, Alabama",62557,5072
0500000US01015,01015,"Calhoun County, Alabama",50211,3977
0500000US01043,01043,"Cullman County, Alabama",46010,4531
0500000US01049,01049,"DeKalb County, Alabama",40407,4960
0500000US01051,01051,"Elmore County, Alabama",69868,6977
0500000US01055,01055,"Etowah County, Alabama",48521,6981
0500000US01069,01069,"Houston County, Alabama",55449,3900
0500000US01073,01073,"Jefferson County, Alabama",70189,3570
0500000US01077,01077,"Lauderdale County, Alabama",48503,7163
0500000US01081,01081,"Lee County, Alabama",64838,5114
0500000US01083,01083,"Limestone County, Alabama",56233,6928
0500000US01089,01089,"Madison County, Alabama",73964,3322
0500000US01095,01095,"Marshall County, Alabama",43667,4779
0500000US01097,01097,"Mobile County, Alabama",57307,2859
0500000US01101,01101,"Montgomery County, Alabama",67746,4526
0500000US01103,01103,"Morgan County, Alabama",53942,6065
0500000US01115,01115,"St. Clair County, Alabama",51288,3506
0500000US01117,01117,"Shelby County, Alabama",76074,5973
0500000US01121,01121,"Talladega County, Alabama",50616,5885
0500000US01125,01125,"Tuscaloosa County, Alabama",61074,3273
0500000US01127,01127,"Walker County, Alabama",44802,9196
0500000US02020,02020,"Anchorage Municipality, Alaska",88495,5689
0500000US02090,02090,"Fairbanks North Star Borough, Alaska",82489,11342
0500000US02170,02170,"Matanuska-Susitna Borough, Alaska",70067,4786
0500000US04001,04001,"Apache County, Arizona",62171,11841
0500000US04003,04003,"Cochise County, Arizona",58122,4709
0500000US04005,04005,"Coconino County, Arizona",63806,6090
0500000US04013,04013,"Maricopa County, Arizona",69922,1042
0500000US04015,04015,"Mohave County, Arizona",42079,2603
0500000US04017,04017,"Navajo County, Arizona",51501,4229
0500000US04019,04019,"Pima County, Arizona",57580,1832
0500000US04021,04021,"Pinal County, Arizona",56565,3560
0500000US04025,04025,"Yavapai County, Arizona",50525,3043
0500000US04027,04027,"Yuma County, Arizona",51400,6298
0500000US05007,05007,"Benton County, Arkansas",68459,5954
0500000US05031,05031,"Craighead County, Arkansas",52832,4114
0500000US05045,05045,"Faulkner County, Arkansas",55653,7056
0500000US05051,05051,"Garland County, Arkansas",48033,4453
0500000US05069,05069,"Jefferson County, Arkansas",46646,6778
0500000US05085,05085,"Lonoke County, Arkansas",53564,4817
0500000US05119,05119,"Pulaski County, Arkansas",62773,3335
0500000US05125,05125,"Saline County, Arkansas",60305,6557
0500000US05131,05131,"Sebastian County, Arkansas",43875,6980
0500000US05143,05143,"Washington County, Arkansas",54553,4640
0500000US05145,05145,"White County, Arkansas",43594,4924
0500000US06001,06001,"Alameda County, California",108188,4803
0500000US06007,06007,"Butte County, California",51735,3379
0500000US06013,06013,"Contra Costa County, California",106649,4097
0500000US06017,06017,"El Dorado County, California",77270,7418
0500000US06019,06019,"Fresno County, California",69482,3499
0500000US06023,06023,"Humboldt County, California",49694,7267
0500000US06025,06025,"Imperial County, California",77889,12203
0500000US06029,06029,"Kern County, California",60267,3196
0500000US06031,06031,"Kings County, California",79128,5310
0500000US06033,06033,"Lake County, California",49883,3653
0500000US06037,06037,"Los Angeles County, California",83133,1748
0500000US06039,06039,"Madera County, California",62316,6767
0500000US06041,06041,"Marin County, California",120877,5940
0500000US06045,06045,"Mendocino County, California",58608,6271
0500000US06047,06047,"Merced County, California",58610,6323
0500000US06053,06053,"Monterey County, California",81624,2949
0500000US06055,06055,"Napa County, California",94495,5921
0500000US06057,06057,"Nevada County, California",67498,8391
0500000US06059,06059,"Orange County, California",98552,2069
0500000US06061,06061,"Placer County, California",81022,2743
0500000US06065,06065,"Riverside County, California",72538,1905
0500000US06067,06067,"Sacramento County, California",70336,2177
0500000US06071,06071,"San Bernardino County, California",64309,2512
0500000US06073,06073,"San Diego County, California",86790,1647
0500000US06075,06075,"San Francisco County, California",138214,4901
0500000US06077,06077,"San Joaquin County, California",72432,4601
0500000US06079,06079,"San Luis Obispo County, California",75607,5056
0500000US06081,06081,"San Mateo County, California",133640,5434
0500000US06083,06083,"Santa Barbara County, California",86651,4940
0500000US06085,06085,"Santa Clara County, California",127805,4235
0500000US06087,06087,"Santa Cruz County, California",91434,6054
0500000US06089,06089,"Shasta County, California",54461,5356
0500000US06095,06095,"Solano County, California",85289,5676
0500000US06097,06097,"Sonoma County, California",83530,3972
0500000US06099,06099,"Stanislaus County, California",64980,2853
0500000US06101,06101,"Sutter County, California",62212,11480
0500000US06107,06107,"Tulare County, California",59220,7013
0500000US06111,06111,"Ventura County, California",91662,2511
0500000US06113,06113,"Yolo County, California",81766,7004
0500000US06115,06115,"Yuba County, California",63130,8378
0500000US08001,08001,"Adams County, Colorado",75793,4233
0500000US08005,08005,"Arapahoe County, Colorado",81923,1860
0500000US08013,08013,"Boulder County, Colorado",85309,6120
0500000US08014,08014,"Broomfield County, Colorado",91064,6681
0500000US08031,08031,"Denver County, Colorado",79505,3381
0500000US08035,08035,"Douglas County, Colorado",113173,4551
0500000US08041,08041,"El Paso County, Colorado",69511,2940
0500000US08059,08059,"Jefferson County, Colorado",82589,2457
0500000US08069,08069,"Larimer County, Colorado",71559,3705
0500000US08077,08077,"Mesa County, Colorado",54288,4742
0500000US08101,08101,"Pueblo County, Colorado",48758,4928
0500000US08123,08123,"Weld County, Colorado",77029,2795
0500000US09001,09001,"Fairfield County, Connecticut",113605,3003
0500000US09003,09003,"Hartford County, Connecticut",82437,2808
0500000US09005,09005,"Litchfield County, Connecticut",79389,4228
0500000US09007,09007,"Middlesex County, Connecticut",83239,6432
0500000US09009,09009,"New Haven County, Connecticut",77770,2682
0500000US09011,09011,"New London County, Connecticut",76184,3710
0500000US09013,09013,"Tolland County, Connecticut",75209,5461
0500000US09015,09015,"Windham County, Connecticut",70855,4883
0500000US10001,10001,"Kent County, Delaware",60937,3903
0500000US10003,10003,"New Castle County, Delaware",75294,5133
0500000US10005,10005,"Sussex County, Delaware",65729,1898
0500000US11001,11001,"District of Columbia, District of Columbia",134358,6398
0500000US12001,12001,"Alachua County, Florida",52284,3619
0500000US12005,12005,"Bay County, Florida",56337,4570
0500000US12009,12009,"Brevard County, Florida",54747,1746
0500000US12011,12011,"Broward County, Florida",64434,2531
0500000US12015,12015,"Charlotte County, Florida",52086,2894
0500000US12017,12017,"Citrus County, Florida",43796,2605
0500000US12019,12019,"Clay County, Florida",66509,5133
0500000US12021,12021,"Collier County, Florida",73367,5626
0500000US12023,12023,"Columbia County, Florida",42451,4314
0500000US12031,12031,"Duval County, Florida",61610,1660
0500000US12033,12033,"Escambia County, Florida",53931,3232
0500000US12035,12035,"Flagler County, Florida",53619,4438
0500000US12053,12053,"Hernando County, Florida",45210,2928
0500000US12055,12055,"Highlands County, Florida",41976,3200
0500000US12057,12057,"Hillsborough County, Florida",66731,2187
0500000US12061,12061,"Indian River County, Florida",51836,5197
0500000US12069,12069,"Lake County, Florida",52897,4019
0500000US12071,12071,"Lee County, Florida",57767,2163
0500000US12073,12073,"Leon County, Florida",62091,4496
0500000US12081,12081,"Manatee County, Florida",58180,2603
0500000US12083,12083,"Marion County, Florida",45943,2141
0500000US12085,12085,"Martin County, Florida",58094,5441
0500000US12086,12086,"Miami-Dade County, Florida",80276,4505
0500000US12087,12087,"Monroe County, Florida",74608,7736
0500000US12089,12089,"Nassau County, Florida",72151,7150
0500000US12091,12091,"Okaloosa County, Florida",62182,5089
0500000US12095,12095,"Orange County, Florida",68603,3148
0500000US12097,12097,"Osceola County, Florida",60556,5677
0500000US12099,12099,"Palm Beach County, Florida",68066,2767
0500000US12101,12101,"Pasco County, Florida",50956,1537
0500000US12103,12103,"Pinellas County, Florida",53411,2170
0500000US12105,12105,"Polk County, Florida",51468,1364
0500000US12107,12107,"Putnam County, Florida",37660,6273
0500000US12109,12109,"St. Johns County, Florida",73423,5970
0500000US12111,12111,"St. Lucie County, Florida",53422,5125
0500000US12113,12113,"Santa Rosa County, Florida",67227,3589
0500000US12115,12115,"Sarasota County, Florida",60139,2590
0500000US12117,12117,"Seminole County, Florida",70938,3532
0500000US12119,12119,"Sumter County, Florida",54613,5424
0500000US12127,12127,"Volusia County, Florida",49871,1690
0500000US12131,12131,"Walton County, Florida",53183,4626
0500000US13013,13013,"Barrow County, Georgia",62436,4256
0500000US13015,13015,"Bartow County, Georgia",57715,5749
0500000US13021,13021,"Bibb County, Georgia",55248,7085
0500000US13031,13031,"Bulloch County, Georgia",45265,4013
0500000US13045,13045,"Carroll County, Georgia",57469,7949
0500000US13047,13047,"Catoosa County, Georgia",56369,8451
0500000US13051,13051,"Chatham County, Georgia",71775,5656
0500000US13057,13057,"Cherokee County, Georgia",77818,4801
0500000US13059,13059,"Clarke County, Georgia",48082,3748
0500000US13063,13063,"Clayton County, Georgia",41447,4171
0500000US13067,13067,"Cobb County, Georgia",85839,4127
0500000US13073,13073,"Columbia County, Georgia",73530,3893
0500000US13077,13077,"Coweta County, Georgia",85655,7337
0500000US13089,13089,"DeKalb County, Georgia",95809,5350
0500000US13095,13095,"Dougherty County, Georgia",54275,3280
0500000US13097,13097,"Douglas County, Georgia",65825,6842
0500000US13113,13113,"Fayette County, Georgia",86465,6704
0500000US13115,13115,"Floyd County, Georgia",50979,5180
0500000US13117,13117,"Forsyth County, Georgia",100482,4468
0500000US13121,13121,"Fulton County, Georgia",102053,2686
0500000US13127,13127,"Glynn County, Georgia",52325,14853
0500000US13135,13135,"Gwinnett County, Georgia",81581,4047
0500000US13139,13139,"Hall County, Georgia",68455,5205
0500000US13151,13151,"Henry County, Georgia",74507,5180
0500000US13153,13153,"Houston County, Georgia",67968,9063
0500000US13157,13157,"Jackson County, Georgia",68770,5248
0500000US13185,13185,"Lowndes County, Georgia",53922,5387
0500000US13215,13215,"Muscogee County, Georgia",61480,5434
0500000US13217,13217,"Newton County, Georgia",63563,10653
0500000US13223,13223,"Paulding County, Georgia",64715,5225
0500000US13245,13245,"Richmond County, Georgia",41703,8255
0500000US13247,13247,"Rockdale County, Georgia",60157,16551
0500000US13255,13255,"Spalding County, Georgia",54029,6908
0500000US13285,13285,"Troup County, Georgia",56755,8787
0500000US13295,13295,"Walker County, Georgia",46553,7774
0500000US13297,13297,"Walton County, Georgia",61307,7378
0500000US13313,13313,"Whitfield County, Georgia",42402,5521
0500000US15001,15001,"Hawaii County, Hawaii",55710,6337
0500000US15003,15003,"Honolulu County, Hawaii",87090,4743
0500000US15007,15007,"Kauai County, Hawaii",84832,21482
0500000US15009,15009,"Maui County, Hawaii",77577,9427
0500000US16001,16001,"Ada County, Idaho",60905,2503
0500000US16005,16005,"Bannock County, Idaho",53806,3103
0500000US16019,16019,"Bonneville County, Idaho",55737,4504
0500000US16027,16027,"Canyon County, Idaho",50221,2783
0500000US16055,16055,"Kootenai County, Idaho",57368,3703
0500000US16083,16083,"Twin Falls County, Idaho",53142,4743
0500000US17001,17001,"Adams County, Illinois",49470,2780
0500000US17019,17019,"Champaign County, Illinois",60637,4395
0500000US17031,17031,"Cook County, Illinois",79475,1447
0500000US17037,17037,"DeKalb County, Illinois",65221,5581
0500000US17043,17043,"DuPage County, Illinois",94107,2180
0500000US17089,17089,"Kane County, Illinois",87539,7000
0500000US17091,17091,"Kankakee County, Illinois",65680,3404
0500000US17093,17093,"Kendall County, Illinois",92021,13199
0500000US17097,17097,"Lake County, Illinois",97069,3276
0500000US17099,17099,"LaSalle County, Illinois",58248,2507
0500000US17111,17111,"McHenry County, Illinois",89471,3168
0500000US17113,17113,"McLean County, Illinois",70117,4213
0500000US17115,17115,"Macon County, Illinois",54406,5538
0500000US17119,17119,"Madison County, Illinois",62950,3605
0500000US17143,17143,"Peoria County, Illinois",57705,3540
0500000US17161,17161,"Rock Island County, Illinois",52396,2560
0500000US17163,17163,"St. Clair County, Illinois",62163,3217
0500000US17167,17167,"Sangamon County, Illinois",66652,4077
0500000US17179,17179,"Tazewell County, Illinois",61191,3426
0500000US17183,17183,"Vermilion County, Illinois",47210,6090
0500000US17197,17197,"Will County, Illinois",89129,3361
0500000US17199,17199,"Williamson County, Illinois",52174,7864
0500000US17201,17201,"Winnebago County, Illinois",59422,2608
0500000US18003,18003,"Allen County, Indiana",58020,2951
0500000US18005,18005,"Bartholomew County, Indiana",58727,5710
0500000US18011,18011,"Boone County, Indiana",81946,5634
0500000US18019,18019,"Clark County, Indiana",52568,3162
0500000US18035,18035,"Delaware County, Indiana",44073,4307
0500000US18039,18039,"Elkhart County, Indiana",63306,4028
0500000US18043,18043,"Floyd County, Indiana",61657,5456
0500000US18053,18053,"Grant County, Indiana",45967,2623
0500000US18057,18057,"Hamilton County, Indiana",94003,3518
0500000US18059,18059,"Hancock County, Indiana",70347,7905
0500000US18063,18063,"Hendricks County, Indiana",73790,6288
0500000US18067,18067,"Howard County, Indiana",50870,5048
0500000US18081,18081,"Johnson County, Indiana",70101,4986
0500000US18085,18085,"Kosciusko County, Indiana",64225,4213
0500000US18089,18089,"Lake County, Indiana",65414,3129
0500000US18091,18091,"LaPorte County, Indiana",52089,4235
0500000US18095,18095,"Madison County, Indiana",44420,4393
0500000US18097,18097,"Marion County, Indiana",57513,2563
0500000US18105,18105,"Monroe County, Indiana",52027,2960
0500000US18109,18109,"Morgan County, Indiana",61049,2283
0500000US18127,18127,"Porter County, Indiana",66329,4781
0500000US18141,18141,"St. Joseph County, Indiana",56627,2381
0500000US18157,18157,"Tippecanoe County, Indiana",58326,4426
0500000US18163,18163,"Vanderburgh County, Indiana",49137,3807
0500000US18167,18167,"Vigo County, Indiana",42672,4125
0500000US18177,18177,"Wayne County, Indiana",45764,8149
0500000US19013,19013,"Black Hawk County, Iowa",51543,2392
0500000US19049,19049,"Dallas County, Iowa",90535,6526
0500000US19061,19061,"Dubuque County, Iowa",63965,3597
0500000US19103,19103,"Johnson County, Iowa",64930,4934
0500000US19113,19113,"Linn County, Iowa",65114,2677
0500000US19153,19153,"Polk County, Iowa",71270,2514
0500000US19155,19155,"Pottawattamie County, Iowa",60113,6080
0500000US19163,19163,"Scott County, Iowa",61124,3339
0500000US19169,19169,"Story County, Iowa",57031,7406
0500000US19193,19193,"Woodbury County, Iowa",57959,5266
0500000US20015,20015,"Butler County, Kansas",67560,8603
0500000US20045,20045,"Douglas County, Kansas",62512,6524
0500000US20091,20091,"Johnson County, Kansas",87853,2374
0500000US20103,20103,"Leavenworth County, Kansas",74328,5598
0500000US20161,20161,"Riley County, Kansas",52462,4379
0500000US20173,20173,"Sedgwick County, Kansas",58168,2423
0500000US20177,20177,"Shawnee County, Kansas",60234,2607
0500000US20209,20209,"Wyandotte County, Kansas",54759,4077
0500000US21015,21015,"Boone County, Kentucky",81242,3968
0500000US21029,21029,"Bullitt County, Kentucky",62778,4103
0500000US21037,21037,"Campbell County, Kentucky",62873,7002
0500000US21047,21047,"Christian County, Kentucky",47563,6623
0500000US21059,21059,"Daviess County, Kentucky",52135,3953
0500000US21067,21067,"Fayette County, Kentucky",64170,3076
0500000US21093,21093,"Hardin County, Kentucky",53597,7435
0500000US21111,21111,"Jefferson County, Kentucky",61913,1942
0500000US21117,21117,"Kenton County, Kentucky",60501,3577
0500000US21145,21145,"McCracken County, Kentucky",50961,4985
0500000US21151,21151,"Madison County, Kentucky",52256,4043
0500000US21185,21185,"Oldham County, Kentucky",100157,7496
0500000US21227,21227,"Warren County, Kentucky",52119,5671
0500000US22005,22005,"Ascension Parish, Louisiana",83920,11760
0500000US22015,22015,"Bossier Parish, Louisiana",53226,5132
0500000US22017,22017,"Caddo Parish, Louisiana",53967,3659
0500000US22019,22019,"Calcasieu Parish, Louisiana",61199,4037
0500000US22033,22033,"East Baton Rouge Parish, Louisiana",76802,5290
0500000US22045,22045,"Iberia Parish, Louisiana",51682,5151
0500000US22051,22051,"Jefferson Parish, Louisiana",61246,3425
0500000US22055,22055,"Lafayette Parish, Louisiana",62373,4839
0500000US22057,22057,"Lafourche Parish, Louisiana",59601,7445
0500000US22063,22063,"Livingston Parish, Louisiana",62747,4889
0500000US22071,22071,"Orleans Parish, Louisiana",67075,5908
0500000US22073,22073,"Ouachita Parish, Louisiana",52313,4613
0500000US22079,22079,"Rapides Parish, Louisiana",46274,4593
0500000US22097,22097,"St. Landry Parish, Louisiana",41159,4725
0500000US22103,22103,"St. Tammany Parish, Louisiana",70735,2835
0500000US22105,22105,"Tangipahoa Parish, Louisiana",51555,2721
0500000US22109,22109,"Terrebonne Parish, Louisiana",54995,9195
0500000US23001,23001,"Androscoggin County, Maine",49168,3456
0500000US23003,23003,"Aroostook County, Maine",42974,3362
0500000US23005,23005,"Cumberland County, Maine",74563,3385
0500000US23011,23011,"Kennebec County, Maine",53262,6631
0500000US23019,23019,"Penobscot County, Maine",51463,2638
0500000US23031,23031,"York County, Maine",67209,3621
0500000US24001,24001,"Allegany County, Maryland",42295,3449
0500000US24003,24003,"Anne Arundel County, Maryland",102080,2872
0500000US24005,24005,"Baltimore County, Maryland",80796,2957
0500000US24009,24009,"Calvert County, Maryland",106378,9826
0500000US24013,24013,"Carroll County, Maryland",95022,5433
0500000US24015,24015,"Cecil County, Maryland",79712,8404
0500000US24017,24017,"Charles County, Maryland",92274,14241
0500000US24021,24021,"Frederick County, Maryland",95147,4704
0500000US24025,24025,"Harford County, Maryland",85908,5224
0500000US24027,24027,"Howard County, Maryland",130137,6064
0500000US24031,24031,"Montgomery County, Maryland",126199,3408
0500000US24033,24033,"Prince George's County, Maryland",93762,4529
0500000US24037,24037,"St. Mary's County, Maryland",91042,8146
0500000US24043,24043,"Washington County, Maryland",60845,2908
0500000US24045,24045,"Wicomico County, Maryland",59401,4104
0500000US24510,24510,"Baltimore city, Maryland",75496,6049
0500000US25001,25001,"Barnstable County, Massachusetts",72320,3486
0500000US25003,25003,"Berkshire County, Massachusetts",58381,5282
0500000US25005,25005,"Bristol County, Massachusetts",71241,2136
0500000US25009,25009,"Essex County, Massachusetts",83821,3192
0500000US25011,25011,"Franklin County, Massachusetts",60932,3679
0500000US25013,25013,"Hampden County, Massachusetts",60930,1910
0500000US25015,25015,"Hampshire County, Massachusetts",72677,6238
0500000US25017,25017,"Middlesex County, Massachusetts",103040,3041
0500000US25021,25021,"Norfolk County, Massachusetts",102185,2224
0500000US25023,25023,"Plymouth County, Massachusetts",92929,4473
0500000US25025,25025,"Suffolk County, Massachusetts",91715,3798
0500000US25027,25027,"Worcester County, Massachusetts",76008,2791
0500000US26005,26005,"Allegan County, Michigan",63472,3857
0500000US26017,26017,"Bay County, Michigan",45953,3178
0500000US26021,26021,"Berrien County, Michigan",51800,2563
0500000US26025,26025,"Calhoun County, Michigan",50617,2817
0500000US26037,26037,"Clinton County, Michigan",65583,6857
0500000US26045,26045,"Eaton County, Michigan",64415,3351
0500000US26049,26049,"Genesee County, Michigan",51588,1794
0500000US26055,26055,"Grand Traverse County, Michigan",61271,5488
0500000US26065,26065,"Ingham County, Michigan",56367,3716
0500000US26073,26073,"Isabella County, Michigan",44988,4406
0500000US26075,26075,"Jackson County, Michigan",52600,3448
0500000US26077,26077,"Kalamazoo County, Michigan",61118,2973
0500000US26081,26081,"Kent County, Michigan",66709,1874
0500000US26087,26087,"Lapeer County, Michigan",56248,4211
0500000US26091,26091,"Lenawee County, Michigan",56987,4361
0500000US26093,26093,"Livingston County, Michigan",81131,3561
0500000US26099,26099,"Macomb County, Michigan",62827,2010
0500000US26103,26103,"Marquette County, Michigan",48754,3276
0500000US26111,26111,"Midland County, Michigan",61346,6669
0500000US26115,26115,"Monroe County, Michigan",60613,4586
0500000US26121,26121,"Muskegon County, Michigan",52225,2494
0500000US26125,26125,"Oakland County, Michigan",81068,1390
0500000US26139,26139,"Ottawa County, Michigan",68546,2974
0500000US26145,26145,"Saginaw County, Michigan",50725,1964
0500000US26147,26147,"St. Clair County, Michigan",58908,3782
0500000US26155,26155,"Shiawassee County, Michigan",53629,4511
0500000US26159,26159,"Van Buren County, Michigan",53879,5496
0500000US26161,26161,"Washtenaw County, Michigan",75948,3581
0500000US26163,26163,"Wayne County, Michigan",57408,1328
0500000US27003,27003,"Anoka County, Minnesota",81231,2240
0500000US27013,27013,"Blue Earth County, Minnesota",61867,5415
0500000US27019,27019,"Carver County, Minnesota",101654,5647
0500000US27037,27037,"Dakota County, Minnesota",86378,2797
0500000US27053,27053,"Hennepin County, Minnesota",83517,2152
0500000US27109,27109,"Olmsted County, Minnesota",79834,3660
0500000US27123,27123,"Ramsey County, Minnesota",71583,2063
0500000US27131,27131,"Rice County, Minnesota",68237,4919
0500000US27137,27137,"St. Louis County, Minnesota",54262,2881
0500000US27139,27139,"Scott County, Minnesota",98726,7557
0500000US27141,27141,"Sherburne County, Minnesota",89377,5455
0500000US27145,27145,"Stearns County, Minnesota",65041,3145
0500000US27163,27163,"Washington County, Minnesota",94406,3697
0500000US27171,27171,"Wright County, Minnesota",79931,5867
0500000US28033,28033,"DeSoto County, Mississippi",71941,4491
0500000US28035,28035,"Forrest County, Mississippi",51191,6276
0500000US28047,28047,"Harrison County, Mississippi",52171,3461
0500000US28049,28049,"Hinds County, Mississippi",71072,8267
0500000US28059,28059,"Jackson County, Mississippi",55898,5199
0500000US28067,28067,"Jones County, Mississippi",42970,4766
0500000US28075,28075,"Lauderdale County, Mississippi",61295,4289
0500000US28081,28081,"Lee County, Mississippi",61254,6463
0500000US28089,28089,"Madison County, Mississippi",88285,4262
0500000US28121,28121,"Rankin County, Mississippi",71252,2361
0500000US29019,29019,"Boone County, Missouri",53161,5004
0500000US29021,29021,"Buchanan County, Missouri",47160,3911
0500000US29031,29031,"Cape Girardeau County, Missouri",55558,5176
0500000US29037,29037,"Cass County, Missouri",65202,4388
0500000US29043,29043,"Christian County, Missouri",58545,4866
0500000US29047,29047,"Clay County, Missouri",70907,3192
0500000US29051,29051,"Cole County, Missouri",59490,3003
0500000US29071,29071,"Franklin County, Missouri",56537,4256
0500000US29077,29077,"Greene County, Missouri",46740,2292
0500000US29095,29095,"Jackson County, Missouri",63432,2897
0500000US29097,29097,"Jasper County, Missouri",48306,4203
0500000US29099,29099,"Jefferson County, Missouri",62957,3348
0500000US29165,29165,"Platte County, Missouri",76692,5437
0500000US29183,29183,"St. Charles County, Missouri",83453,2720
0500000US29187,29187,"St. Francois County, Missouri",39443,6204
0500000US29189,29189,"St. Louis County, Missouri",74349,2059
0500000US29510,29510,"St. Louis city, Missouri",61080,3482
0500000US30013,30013,"Cascade County, Montana",51276,4841
0500000US30029,30029,"Flathead County, Montana",58422,4411
0500000US30031,30031,"Gallatin County, Montana",61348,6776
0500000US30049,30049,"Lewis and Clark County, Montana",61403,3367
0500000US30063,30063,"Missoula County, Montana",55777,4706
0500000US30111,30111,"Yellowstone County, Montana",58826,3020
0500000US31055,31055,"Douglas County, Nebraska",69973,2317
0500000US31109,31109,"Lancaster County, Nebraska",61577,1921
0500000US31153,31153,"Sarpy County, Nebraska",85894,7161
0500000US32003,32003,"Clark County, Nevada",64250,1698
0500000US32031,32031,"Washoe County, Nevada",66922,3084
0500000US33005,33005,"Cheshire County, New Hampshire",61544,3859
0500000US33009,33009,"Grafton County, New Hampshire",65089,4881
0500000US33011,33011,"Hillsborough County, New Hampshire",80605,3913
0500000US33013,33013,"Merrimack County, New Hampshire",71307,3874
0500000US33015,33015,"Rockingham County, New Hampshire",90180,3760
0500000US33017,33017,"Strafford County, New Hampshire",73566,3918
0500000US34001,34001,"Atlantic County, New Jersey",74827,7722
0500000US34003,34003,"Bergen County, New Jersey",100668,3114
0500000US34005,34005,"Burlington County, New Jersey",91760,3199
0500000US34007,34007,"Camden County, New Jersey",80731,2761
0500000US34009,34009,"Cape May County, New Jersey",70626,3177
0500000US34011,34011,"Cumberland County, New Jersey",65351,7357
0500000US34013,34013,"Essex County, New Jersey",104806,6030
0500000US34015,34015,"Gloucester County, New Jersey",91073,3751
0500000US34017,34017,"Hudson County, New Jersey",92887,6276
0500000US34019,34019,"Hunterdon County, New Jersey",112649,11299
0500000US34021,34021,"Mercer County, New Jersey",96639,7863
0500000US34023,34023,"Middlesex County, New Jersey",86425,2977
0500000US34025,34025,"Monmouth County, New Jersey",102500,2703
0500000US34027,34027,"Morris County, New Jersey",120188,4432
0500000US34029,34029,"Ocean County, New Jersey",71488,2859
0500000US34031,34031,"Passaic County, New Jersey",84282,4596
0500000US34033,34033,"Salem County, New Jersey",75137,9660
0500000US34035,34035,"Somerset County, New Jersey",111745,6762
0500000US34037,34037,"Sussex County, New Jersey",89258,4879
0500000US34039,34039,"Union County, New Jersey",104049,6272
0500000US34041,34041,"Warren County, New Jersey",82594,7163
0500000US35001,35001,"Bernalillo County, New Mexico",59677,2682
0500000US35005,35005,"Chaves County, New Mexico",54777,6792
0500000US35013,35013,"Doña Ana County, New Mexico",50834,4231
0500000US35025,35025,"Lea County, New Mexico",62215,5379
0500000US35031,35031,"McKinley County, New Mexico",35076,8224
0500000US35035,35035,"Otero County, New Mexico",49843,8253
0500000US35043,35043,"Sandoval County, New Mexico",60270,8365
0500000US35045,35045,"San Juan County, New Mexico",61612,6797
0500000US35049,35049,"Santa Fe County, New Mexico",65050,4871
0500000US35061,35061,"Valencia County, New Mexico",56366,7979
0500000US36001,36001,"Albany County, New York",75035,3488
0500000US36005,36005,"Bronx County, New York",63929,3089
0500000US36007,36007,"Broome County, New York",51283,3502
0500000US36009,36009,"Cattaraugus County, New York",50007,3013
0500000US36011,36011,"Cayuga County, New York",57324,3811
0500000US36013,36013,"Chautauqua County, New York",47554,2731
0500000US36015,36015,"Chemung County, New York",52064,5641
0500000US36019,36019,"Clinton County, New York",58491,4559
0500000US36027,36027,"Dutchess County, New York",82468,5285
0500000US36029,36029,"Erie County, New York",62519,1414
0500000US36045,36045,"Jefferson County, New York",49102,3034
0500000US36047,36047,"Kings County, New York",81162,1432
0500000US36051,36051,"Livingston County, New York",56895,4199
0500000US36053,36053,"Madison County, New York",55444,6444
0500000US36055,36055,"Monroe County, New York",66748,2085
0500000US36059,36059,"Nassau County, New York",116614,4355
0500000US36061,36061,"New York County, New York",126173,5588
0500000US36063,36063,"Niagara County, New York",58771,3136
0500000US36065,36065,"Oneida County, New York",56790,2599
0500000US36067,36067,"Onondaga County, New York",65359,2206
0500000US36069,36069,"Ontario County, New York",68386,5861
0500000US36071,36071,"Orange County, New York",82494,5846
0500000US36075,36075,"Oswego County, New York",54487,3649
0500000US36079,36079,"Putnam County, New York",106452,10759
0500000US36081,36081,"Queens County, New York",72423,2548
0500000US36083,36083,"Rensselaer County, New York",67290,3595
0500000US36085,36085,"Richmond County, New York",89425,5462
0500000US36087,36087,"Rockland County, New York",94213,9156
0500000US36089,36089,"St. Lawrence County, New York",50343,3077
0500000US36091,36091,"Saratoga County, New York",83397,4339
0500000US36093,36093,"Schenectady County, New York",71285,6701
0500000US36101,36101,"Steuben County, New York",50670,3091
0500000US36103,36103,"Suffolk County, New York",99259,2431
0500000US36105,36105,"Sullivan County, New York",60411,8884
0500000US36109,36109,"Tompkins County, New York",62664,7885
0500000US36111,36111,"Ulster County, New York",64140,4137
0500000US36113,36113,"Warren County, New York",60399,6133
0500000US36117,36117,"Wayne County, New York",52111,3196
0500000US36119,36119,"Westchester County, New York",116004,3421
0500000US37001,37001,"Alamance County, North Carolina",50732,4311
0500000US37019,37019,"Brunswick County, North Carolina",58293,3340
0500000US37021,37021,"Buncombe County, North Carolina",51187,2006
0500000US37023,37023,"Burke County, North Carolina",45356,6947
0500000US37025,37025,"Cabarrus County, North Carolina",65151,4043
0500000US37027,37027,"Caldwell County, North Carolina",46939,4969
0500000US37031,37031,"Carteret County, North Carolina",54762,3395
0500000US37035,37035,"Catawba County, North Carolina",56337,4287
0500000US37037,37037,"Chatham County, North Carolina",71217,10104
0500000US37045,37045,"Cleveland County, North Carolina",40589,4281
0500000US37049,37049,"Craven County, North Carolina",63047,5233
0500000US37051,37051,"Cumberland County, North Carolina",51099,3413
0500000US37057,37057,"Davidson County, North Carolina",50738,2338
0500000US37063,37063,"Durham County, North Carolina",80403,5555
0500000US37067,37067,"Forsyth County, North Carolina",62390,3534
0500000US37069,37069,"Franklin County, North Carolina",71906,6697
0500000US37071,37071,"Gaston County, North Carolina",52720,3909
0500000US37081,37081,"Guilford County, North Carolina",64231,2585
0500000US37085,37085,"Harnett County, North Carolina",56451,4881
0500000US37089,37089,"Henderson County, North Carolina",52691,3787
0500000US37097,37097,"Iredell County, North Carolina",62286,3287
0500000US37101,37101,"Johnston County, North Carolina",65359,5774
0500000US37109,37109,"Lincoln County, North Carolina",55470,5579
0500000US37119,37119,"Mecklenburg County, North Carolina",84788,3624
0500000US37125,37125,"Moore County, North Carolina",71788,6823
0500000US37127,37127,"Nash County, North Carolina",50460,8480
0500000US37129,37129,"New Hanover County, North Carolina",60457,3956
0500000US37133,37133,"Onslow County, North Carolina",53947,3483
0500000US37135,37135,"Orange County, North Carolina",76718,7779
0500000US37147,37147,"Pitt County, North Carolina",58547,4756
0500000US37151,37151,"Randolph County, North Carolina",46766,4117
0500000US37155,37155,"Robeson County, North Carolina",44663,4739
0500000US37157,37157,"Rockingham County, North Carolina",51034,4588
0500000US37159,37159,"Rowan County, North Carolina",50522,4192
0500000US37161,37161,"Rutherford County, North Carolina",41887,5939
0500000US37171,37171,"Surry County, North Carolina",44147,4725
0500000US37179,37179,"Union County, North Carolina",80839,3744
0500000US37183,37183,"Wake County, North Carolina",90536,2369
0500000US37191,37191,"Wayne County, North Carolina",54763,9318
0500000US37193,37193,"Wilkes County, North Carolina",41824,6519
0500000US37195,37195,"Wilson County, North Carolina",55196,11640
0500000US38015,38015,"Burleigh County, North Dakota",72695,4182
0500000US38017,38017,"Cass County, North Dakota",68373,5016
0500000US38035,38035,"Grand Forks County, North Dakota",48428,3416
0500000US38101,38101,"Ward County, North Dakota",65147,4556
0500000US39003,39003,"Allen County, Ohio",56201,3409
0500000US39007,39007,"Ashtabula County, Ohio",45724,4256
0500000US39009,39009,"Athens County, Ohio",47337,6503
0500000US39013,39013,"Belmont County, Ohio",54437,2943
0500000US39017,39017,"Butler County, Ohio",65444,3064
0500000US39023,39023,"Clark County, Ohio",50373,2003
0500000US39025,39025,"Clermont County, Ohio",66529,3475
0500000US39029,39029,"Columbiana County, Ohio",42441,3871
0500000US39035,39035,"Cuyahoga County, Ohio",61047,1083
0500000US39041,39041,"Delaware County, Ohio",104853,5770
0500000US39043,39043,"Erie County, Ohio",59625,6017
0500000US39045,39045,"Fairfield County, Ohio",67840,4506
0500000US39049,39049,"Franklin County, Ohio",69442,1849
0500000US39055,39055,"Geauga County, Ohio",82940,4918
0500000US39057,39057,"Greene County, Ohio",73447,6765
0500000US39061,39061,"Hamilton County, Ohio",70051,2832
0500000US39063,39063,"Hancock County, Ohio",54768,5216
0500000US39081,39081,"Jefferson County, Ohio",46106,4423
0500000US39085,39085,"Lake County, Ohio",61184,2308
0500000US39089,39089,"Licking County, Ohio",62633,4628
0500000US39093,39093,"Lorain County, Ohio",59992,2735
0500000US39095,39095,"Lucas County, Ohio",54153,2469
0500000US39099,39099,"Mahoning County, Ohio",48535,2396
0500000US39101,39101,"Marion County, Ohio",46311,4584
0500000US39103,39103,"Medina County, Ohio",72685,4073
0500000US39109,39109,"Miami County, Ohio",61360,3340
0500000US39113,39113,"Montgomery County, Ohio",54441,2526
0500000US39119,39119,"Muskingum County, Ohio",44841,4627
0500000US39133,39133,"Portage County, Ohio",60197,3779
0500000US39139,39139,"Richland County, Ohio",49329,4582
0500000US39141,39141,"Ross County, Ohio",50994,5461
0500000US39145,39145,"Scioto County, Ohio",45322,5727
0500000US39151,39151,"Stark County, Ohio",53617,2534
0500000US39153,39153,"Summit County, Ohio",60625,3082
0500000US39155,39155,"Trumbull County, Ohio",47359,1852
0500000US39157,39157,"Tuscarawas County, Ohio",51591,3350
0500000US39165,39165,"Warren County, Ohio",83490,5248
0500000US39169,39169,"Wayne County, Ohio",55291,3802
0500000US39173,39173,"Wood County, Ohio",63756,5363
0500000US40017,40017,"Canadian County, Oklahoma",77391,6562
0500000US40027,40027,"Cleveland County, Oklahoma",61603,2122
0500000US40031,40031,"Comanche County, Oklahoma",56573,5176
0500000US40037,40037,"Creek County, Oklahoma",48769,3608
0500000US40101,40101,"Muskogee County, Oklahoma",37064,5592
0500000US40109,40109,"Oklahoma County, Oklahoma",60022,1999
0500000US40119,40119,"Payne County, Oklahoma",39352,4383
0500000US40125,40125,"Pottawatomie County, Oklahoma",49792,4240
0500000US40131,40131,"Rogers County, Oklahoma",60431,4173
0500000US40143,40143,"Tulsa County, Oklahoma",57978,1390
0500000US40145,40145,"Wagoner County, Oklahoma",60823,3572
0500000US41003,41003,"Benton County, Oregon",63104,4804
0500000US41005,41005,"Clackamas County, Oregon",79625,3074
0500000US41017,41017,"Deschutes County, Oregon",65641,4322
0500000US41019,41019,"Douglas County, Oregon",47630,3497
0500000US41029,41029,"Jackson County, Oregon",52100,1790
0500000US41033,41033,"Josephine County, Oregon",47746,6434
0500000US41035,41035,"Klamath County, Oregon",38614,6057
0500000US41039,41039,"Lane County, Oregon",51544,1769
0500000US41043,41043,"Linn County, Oregon",52427,5187
0500000US41047,41047,"Marion County, Oregon",59188,3390
0500000US41051,41051,"Multnomah County, Oregon",71470,1922
0500000US41053,41053,"Polk County, Oregon",60239,5948
0500000US41059,41059,"Umatilla County, Oregon",55852,8130
0500000US41067,41067,"Washington County, Oregon",80936,2494
0500000US41071,41071,"Yamhill County, Oregon",65180,5910
0500000US42001,42001,"Adams County, Pennsylvania",65634,4576
0500000US42003,42003,"Allegheny County, Pennsylvania",64047,1883
0500000US42005,42005,"Armstrong County, Pennsylvania",45926,4315
0500000US42007,42007,"Beaver County, Pennsylvania",57403,2649
0500000US42011,42011,"Berks County, Pennsylvania",66886,2608
0500000US42013,42013,"Blair County, Pennsylvania",46664,2205
0500000US42017,42017,"Bucks County, Pennsylvania",88082,2644
0500000US42019,42019,"Butler County, Pennsylvania",68741,2907
0500000US42021,42021,"Cambria County, Pennsylvania",48212,3001
0500000US42025,42025,"Carbon County, Pennsylvania",52537,6437
0500000US42027,42027,"Centre County, Pennsylvania",59234,3972
0500000US42029,42029,"Chester County, Pennsylvania",99800,3512
0500000US42033,42033,"Clearfield County, Pennsylvania",49644,2927
0500000US42037,42037,"Columbia County, Pennsylvania",51835,3322
0500000US42039,42039,"Crawford County, Pennsylvania",50892,4072
0500000US42041,42041,"Cumberland County, Pennsylvania",70634,2897
0500000US42043,42043,"Dauphin County, Pennsylvania",69083,3201
0500000US42045,42045,"Delaware County, Pennsylvania",84862,2637
0500000US42049,42049,"Erie County, Pennsylvania",52784,2608
0500000US42051,42051,"Fayette County, Pennsylvania",44718,4247
0500000US42055,42055,"Franklin County, Pennsylvania",60835,2786
0500000US42063,42063,"Indiana County, Pennsylvania",46245,1732
0500000US42069,42069,"Lackawanna County, Pennsylvania",51234,3291
0500000US42071,42071,"Lancaster County, Pennsylvania",66879,2350
0500000US42073,42073,"Lawrence County, Pennsylvania",51156,4670
0500000US42075,42075,"Lebanon County, Pennsylvania",61327,4345
0500000US42077,42077,"Lehigh County, Pennsylvania",69362,4312
0500000US42079,42079,"Luzerne County, Pennsylvania",55204,3290
0500000US42081,42081,"Lycoming County, Pennsylvania",52668,3520
0500000US42085,42085,"Mercer County, Pennsylvania",48303,3452
0500000US42089,42089,"Monroe County, Pennsylvania",61445,5374
0500000US42091,42091,"Montgomery County, Pennsylvania",91884,2537
0500000US42095,42095,"Northampton County, Pennsylvania",66212,2612
0500000US42097,42097,"Northumberland County, Pennsylvania",46591,4771
0500000US42101,42101,"Philadelphia County, Pennsylvania",50933,1662
0500000US42107,42107,"Schuylkill County, Pennsylvania",49981,2535
0500000US42111,42111,"Somerset County, Pennsylvania",48889,3043
0500000US42125,42125,"Washington County, Pennsylvania",61039,3384
0500000US42129,42129,"Westmoreland County, Pennsylvania",61556,1903
0500000US42133,42133,"York County, Pennsylvania",66569,2446
0500000US44003,44003,"Kent County, Rhode Island",77232,5986
0500000US44005,44005,"Newport County, Rhode Island",82713,4798
0500000US44007,44007,"Providence County, Rhode Island",64279,3591
0500000US44009,44009,"Washington County, Rhode Island",83231,7744
0500000US45003,45003,"Aiken County, South Carolina",56135,4056
0500000US45007,45007,"Anderson County, South Carolina",53427,4857
0500000US45013,45013,"Beaufort County, South Carolina",67458,7234
0500000US45015,45015,"Berkeley County, South Carolina",70453,4664
0500000US45019,45019,"Charleston County, South Carolina",76657,4526
0500000US45031,45031,"Darlington County, South Carolina",41758,3226
0500000US45035,45035,"Dorchester County, South Carolina",74123,6332
0500000US45041,45041,"Florence County, South Carolina",54637,7749
0500000US45045,45045,"Greenville County, South Carolina",64971,3541
0500000US45047,45047,"Greenwood County, South Carolina",57457,7800
0500000US45051,45051,"Horry County, South Carolina",49556,2358
0500000US45055,45055,"Kershaw County, South Carolina",55645,7161
0500000US45057,45057,"Lancaster County, South Carolina",63952,10752
0500000US45059,45059,"Laurens County, South Carolina",46040,5716
0500000US45063,45063,"Lexington County, South Carolina",64499,2555
0500000US45073,45073,"Oconee County, South Carolina",54979,3081
0500000US45075,45075,"Orangeburg County, South Carolina",49992,4409
0500000US45077,45077,"Pickens County, South Carolina",48295,2307
0500000US45079,45079,"Richland County, South Carolina",71259,2854
0500000US45083,45083,"Spartanburg County, South Carolina",57904,3510
0500000US45085,45085,"Sumter County, South Carolina",56437,5750
0500000US45091,45091,"York County, South Carolina",68925,4486
0500000US46099,46099,"Minnehaha County, South Dakota",63822,2715
0500000US46103,46103,"Pennington County, South Dakota",59010,4626
0500000US47001,47001,"Anderson County, Tennessee",49904,5883
0500000US47009,47009,"Blount County, Tennessee",50992,3165
0500000US47011,47011,"Bradley County, Tennessee",53051,5920
0500000US47037,47037,"Davidson County, Tennessee",67355,2711
0500000US47059,47059,"Greene County, Tennessee",40375,6064
0500000US47065,47065,"Hamilton County, Tennessee",59025,3547
0500000US47093,47093,"Knox County, Tennessee",57701,2252
0500000US47113,47113,"Madison County, Tennessee",55855,5941
0500000US47119,47119,"Maury County, Tennessee",60137,5390
0500000US47125,47125,"Montgomery County, Tennessee",63594,4707
0500000US47141,47141,"Putnam County, Tennessee",40479,5410
0500000US47147,47147,"Robertson County, Tennessee",63560,3950
0500000US47149,47149,"Rutherford County, Tennessee",73105,3566
0500000US47155,47155,"Sevier County, Tennessee",50659,3041
0500000US47157,47157,"Shelby County, Tennessee",71926,3384
0500000US47163,47163,"Sullivan County, Tennessee",45910,2845
0500000US47165,47165,"Sumner County, Tennessee",64538,3405
0500000US47179,47179,"Washington County, Tennessee",41083,3699
0500000US47187,47187,"Williamson County, Tennessee",110381,9052
0500000US47189,47189,"Wilson County, Tennessee",71086,4099
0500000US48005,48005,"Angelina County, Texas",55027,4754
0500000US48021,48021,"Bastrop County, Texas",71413,10621
0500000US48027,48027,"Bell County, Texas",60832,2829
0500000US48029,48029,"Bexar County, Texas",71204,3116
0500000US48037,48037,"Bowie County, Texas",55127,7518
0500000US48039,48039,"Brazoria County, Texas",84255,7018
0500000US48041,48041,"Brazos County, Texas",52036,3711
0500000US48061,48061,"Cameron County, Texas",52598,10591
0500000US48085,48085,"Collin County, Texas",99872,3262
0500000US48091,48091,"Comal County, Texas",83913,8449
0500000US48099,48099,"Coryell County, Texas",51689,4063
0500000US48113,48113,"Dallas County, Texas",77254,1835
0500000US48121,48121,"Denton County, Texas",95983,2591
0500000US48135,48135,"Ector County, Texas",61228,3581
0500000US48139,48139,"Ellis County, Texas",81151,7120
0500000US48141,48141,"El Paso County, Texas",58708,4198
0500000US48157,48157,"Fort Bend County, Texas",110250,9138
0500000US48167,48167,"Galveston County, Texas",82741,5406
0500000US48181,48181,"Grayson County, Texas",60204,4299
0500000US48183,48183,"Gregg County, Texas",56450,8819
0500000US48187,48187,"Guadalupe County, Texas",72311,4422
0500000US48201,48201,"Harris County, Texas",84372,2471
0500000US48203,48203,"Harrison County, Texas",71844,6277
0500000US48209,48209,"Hays County, Texas",71028,5944
0500000US48213,48213,"Henderson County, Texas",46965,7766
0500000US48215,48215,"Hidalgo County, Texas",57361,6194
0500000US48231,48231,"Hunt County, Texas",60019,6548
0500000US48245,48245,"Jefferson County, Texas",65162,4184
0500000US48251,48251,"Johnson County, Texas",64756,5592
0500000US48257,48257,"Kaufman County, Texas",69305,6529
0500000US48291,48291,"Liberty County, Texas",45967,6760
0500000US48303,48303,"Lubbock County, Texas",55791,3652
0500000US48309,48309,"McLennan County, Texas",62056,5187
0500000US48329,48329,"Midland County, Texas",90600,14053
0500000US48339,48339,"Montgomery County, Texas",83833,4561
0500000US48347,48347,"Nacogdoches County, Texas",52432,10554
0500000US48355,48355,"Nueces County, Texas",61805,2113
0500000US48361,48361,"Orange County, Texas",59429,6264
0500000US48367,48367,"Parker County, Texas",79681,4974
0500000US48375,48375,"Potter County, Texas",51895,4815
0500000US48381,48381,"Randall County, Texas",63726,5105
0500000US48397,48397,"Rockwall County, Texas",100152,8826
0500000US48409,48409,"San Patricio County, Texas",66744,14090
0500000US48423,48423,"Smith County, Texas",56811,3203
0500000US48439,48439,"Tarrant County, Texas",79012,2927
0500000US48441,48441,"Taylor County, Texas",57812,5696
0500000US48451,48451,"Tom Green County, Texas",55321,7591
0500000US48453,48453,"Travis County, Texas",92108,3623
0500000US48469,48469,"Victoria County, Texas",61125,10092
0500000US48471,48471,"Walker County, Texas",47505,10992
0500000US48479,48479,"Webb County, Texas",55899,9986
0500000US48485,48485,"Wichita County, Texas",46181,3146
0500000US48491,48491,"Williamson County, Texas",84225,3272
0500000US48497,48497,"Wise County, Texas",62888,8486
0500000US49005,49005,"Cache County, Utah",58294,5545
0500000US49011,49011,"Davis County, Utah",83501,3088
0500000US49035,49035,"Salt Lake County, Utah",76885,1887
0500000US49045,49045,"Tooele County, Utah",75981,8647
0500000US49049,49049,"Utah County, Utah",72800,2079
0500000US49053,49053,"Washington County, Utah",58108,4477
0500000US49057,49057,"Weber County, Utah",66118,2138
0500000US50007,50007,"Chittenden County, Vermont",67398,6953
0500000US51003,51003,"Albemarle County, Virginia",81268,5726
0500000US51013,51013,"Arlington County, Virginia",127081,5996
0500000US51015,51015,"Augusta County, Virginia",57132,5362
0500000US51019,51019,"Bedford County, Virginia",65590,4280
0500000US51041,51041,"Chesterfield County, Virginia",90795,3678
0500000US51059,51059,"Fairfax County, Virginia",136189,2581
0500000US51061,51061,"Fauquier County, Virginia",99081,7022
0500000US51069,51069,"Frederick County, Virginia",77174,9665
0500000US51085,51085,"Hanover County, Virginia",88958,4082
0500000US51087,51087,"Henrico County, Virginia",77130,4379
0500000US51095,51095,"James City County, Virginia",92727,8169
0500000US51107,51107,"Loudoun County, Virginia",142213,6360
0500000US51121,51121,"Montgomery County, Virginia",61064,7201
0500000US51153,51153,"Prince William County, Virginia",120813,3485
0500000US51161,51161,"Roanoke County, Virginia",65400,4151
0500000US51165,51165,"Rockingham County, Virginia",60100,3754
0500000US51177,51177,"Spotsylvania County, Virginia",90312,6579
0500000US51179,51179,"Stafford County, Virginia",116484,9945
0500000US51199,51199,"York County, Virginia",93743,6155
0500000US51510,51510,"Alexandria city, Virginia",129273,10133
0500000US51550,51550,"Chesapeake city, Virginia",82717,5952
0500000US51650,51650,"Hampton city, Virginia",70153,4785
0500000US51680,51680,"Lynchburg city, Virginia",56579,3802
0500000US51700,51700,"Newport News city, Virginia",55210,6763
0500000US51710,51710,"Norfolk city, Virginia",68362,6547
0500000US51740,51740,"Portsmouth city, Virginia",58033,5501
0500000US51760,51760,"Richmond city, Virginia",66360,4900
0500000US51770,51770,"Roanoke city, Virginia",51460,4024
0500000US51800,51800,"Suffolk city, Virginia",80519,6165
0500000US51810,51810,"Virginia Beach city, Virginia",80995,2035
0500000US53005,53005,"Benton County, Washington",69577,3726
0500000US53007,53007,"Chelan County, Washington",66457,6147
0500000US53009,53009,"Clallam County, Washington",49694,4407
0500000US53011,53011,"Clark County, Washington",75595,3428
0500000US53015,53015,"Cowlitz County, Washington",50941,4902
0500000US53021,53021,"Franklin County, Washington",81739,15572
0500000US53025,53025,"Grant County, Washington",63796,6288
0500000US53027,53027,"Grays Harbor County, Washington",49195,4669
0500000US53029,53029,"Island County, Washington",56436,8054
0500000US53033,53033,"King County, Washington",96054,1887
0500000US53035,53035,"Kitsap County, Washington",76125,3559
0500000US53041,53041,"Lewis County, Washington",49994,4130
0500000US53053,53053,"Pierce County, Washington",72874,1986
0500000US53057,53057,"Skagit County, Washington",67587,2793
0500000US53061,53061,"Snohomish County, Washington",83981,2689
0500000US53063,53063,"Spokane County, Washington",53909,1998
0500000US53067,53067,"Thurston County, Washington",73530,1781
0500000US53073,53073,"Whatcom County, Washington",62449,3187
0500000US53077,53077,"Yakima County, Washington",52144,2631
0500000US54003,54003,"Berkeley County, West Virginia",60147,4173
0500000US54011,54011,"Cabell County, West Virginia",36573,4595
0500000US54033,54033,"Harrison County, West Virginia",58009,7042
0500000US54039,54039,"Kanawha County, West Virginia",44023,4872
0500000US54061,54061,"Monongalia County, West Virginia",53971,3837
0500000US54081,54081,"Raleigh County, West Virginia",41118,4230
0500000US54107,54107,"Wood County, West Virginia",45208,5583
0500000US55009,55009,"Brown County, Wisconsin",64660,3139
0500000US55025,55025,"Dane County, Wisconsin",76160,2086
0500000US55027,55027,"Dodge County, Wisconsin",57358,3850
0500000US55035,55035,"Eau Claire County, Wisconsin",55417,4136
0500000US55039,55039,"Fond du Lac County, Wisconsin",61872,3301
0500000US55055,55055,"Jefferson County, Wisconsin",58316,4214
0500000US55059,55059,"Kenosha County, Wisconsin",66495,4523
0500000US55063,55063,"La Crosse County, Wisconsin",58228,3244
0500000US55071,55071,"Manitowoc County, Wisconsin",55587,3999
0500000US55073,55073,"Marathon County, Wisconsin",59773,3684
0500000US55079,55079,"Milwaukee County, Wisconsin",60404,1636
0500000US55087,55087,"Outagamie County, Wisconsin",66355,2193
0500000US55089,55089,"Ozaukee County, Wisconsin",83012,4970
0500000US55097,55097,"Portage County, Wisconsin",52285,3459
0500000US55101,55101,"Racine County, Wisconsin",70082,4563
0500000US55105,55105,"Rock County, Wisconsin",58884,4854
0500000US55109,55109,"St. Croix County, Wisconsin",80253,6900
0500000US55117,55117,"Sheboygan County, Wisconsin",60251,2705
0500000US55127,55127,"Walworth County, Wisconsin",61180,3001
0500000US55131,55131,"Washington County, Wisconsin",76525,3788
0500000US55133,55133,"Waukesha County, Wisconsin",82526,2262
0500000US55139,55139,"Winnebago County, Wisconsin",57852,3302
0500000US55141,55141,"Wood County, Wisconsin",52090,4518
0500000US56021,56021,"Laramie County, Wyoming",62357,5866
0500000US56025,56025,"Natrona County, Wyoming",59868,4442
