GEO.id,GEO.id2,GEO.display-label,HD01_VD01,HD02_VD01
Id,Id2,Geography,Estimate; Median household income in the past 12 months (in 2009 inflation-adjusted dollars),Margin of Error; Median household income in the past 12 months (in 2009 inflation-adjusted dollars)
0500000US01003,01003,"Baldwin County, Alabama",50837,3817
0500000US01015,01015,"Calhoun County, Alabama",41930,3898
0500000US01043,01043,"Cullman County, Alabama",38802,4817
0500000US01049,01049,"DeKalb County, Alabama",35834,5568
0500000US01051,01051,"Elmore County, Alabama",56436,4789
0500000US01055,01055,"Etowah County, Alabama",42064,3139
0500000US01069,01069,"Houston County, Alabama",44840,2821
0500000US01073,01073,"Jefferson County, Alabama",54952,2398
0500000US01077,01077,"Lauderdale County, Alabama",39931,3277
0500000US01081,01081,"Lee County, Alabama",41541,4205
0500000US01083,01083,"Limestone County, Alabama",49855,3953
0500000US01089,01089,"Madison County, Alabama",68134,4392
0500000US01095,01095,"Marshall County, Alabama",36836,3764
0500000US01097,01097,"Mobile County, Alabama",49095,1895
0500000US01101,01101,"Montgomery County, Alabama",54739,4803
0500000US01103,01103,"Morgan County, Alabama",44148,2444
0500000US01115,01115,"St. Clair County, Alabama",43327,5190
0500000US01117,01117,"Shelby County, Alabama",68656,2617
0500000US01121,01121,"Talladega County, Alabama",41923,3054
0500000US01125,01125,"Tuscaloosa County, Alabama",45487,4176
0500000US01127,01127,"Walker County, Alabama",38762,3673
0500000US02020,02020,"Anchorage Municipality, Alaska",79233,3102
0500000US02090,02090,"Fairbanks North Star Borough, Alaska",73340,6594
0500000US02170,02170,"Matanuska-Susitna Borough, Alaska",71531,6811
0500000US04001,04001,"Apache County, Arizona",45685,15291
0500000US04003,04003,"Cochise County, Arizona",50141,5116
0500000US04005,04005,"Coconino County, Arizona",54411,3505
0500000US04013,04013,"Maricopa County, Arizona",59743,970
0500000US04015,04015,"Mohave County, Arizona",40971,2749
0500000US04017,04017,"Navajo County, Arizona",40462,5039
0500000US04019,04019,"Pima County, Arizona",48673,1391
0500000US04021,04021,"Pinal County, Arizona",50986,1984
0500000US04025,04025,"Yavapai County, Arizona",41032,2498
0500000US04027,04027,"Yuma County, Arizona",44631,3033
0500000US05007,05007,"Benton County, Arkansas",51473,2473
0500000US05031,05031,"Craighead County, Arkansas",44728,5504
0500000US05045,05045,"Faulkner County, Arkansas",51450,4247
0500000US05051,05051,"Garland County, Arkansas",40304,4045
0500000US05069,05069,"Jefferson County, Arkansas",43824,5200
0500000US05085,05085,"Lonoke County, Arkansas",53800,2809
0500000US05119,05119,"Pulaski County, Arkansas",51956,2790
0500000US05125,05125,"Saline County, Arkansas",51424,4009
0500000US05131,05131,"Sebastian County, Arkansas",40626,2452
0500000US05143,05143,"Washington County, Arkansas",41306,2123
0500000US05145,05145,"White County, Arkansas",40479,2762
0500000US06001,06001,"Alameda County, California",77990,2666
0500000US06007,06007,"Butte County, California",42906,2487
0500000US06013,06013,"Contra Costa County, California",86185,2203
0500000US06017,06017,"El Dorado County, California",70900,5024
0500000US06019,06019,"Fresno County, California",57610,2328
0500000US06023,06023,"Humboldt County, California",36060,2165
0500000US06025,06025,"Imperial County, California",51743,8969
0500000US06029,06029,"Kern County, California",56158,3378
0500000US06031,06031,"Kings County, California",48722,6336
0500000US06033,06033,"Lake County, California",42367,9076
0500000US06037,06037,"Los Angeles County, California",69871,1178
0500000US06039,06039,"Madera County, California",51740,3354
0500000US06041,06041,"Marin County, California",98939,3954
0500000US06045,06045,"Mendocino County, California",43312,3086
0500000US06047,06047,"Merced County, California",52127,5136
0500000US06053,06053,"Monterey County, California",73038,3430
0500000US06055,06055,"Napa County, California",73630,8004
0500000US06057,06057,"Nevada County, California",57338,3539
0500000US06059,06059,"Orange County, California",80966,1713
0500000US06061,06061,"Placer County, California",72421,3037
0500000US06065,06065,"Riverside County, California",61144,1293
0500000US06067,06067,"Sacramento County, California",56880,1835
0500000US06071,06071,"San Bernardino County, California",55777,1737
0500000US06073,06073,"San Diego County, California",68242,1545
0500000US06075,06075,"San Francisco County, California",87680,3867
0500000US06077,06077,"San Joaquin County, California",59779,3436
0500000US06079,06079,"San Luis Obispo County, California",58981,3346
0500000US06081,06081,"San Mateo County, California",92470,5006
0500000US06083,06083,"Santa Barbara County, California",66399,3570
0500000US06085,06085,"Santa Clara County, California",92860,3609
0500000US06087,06087,"Santa Cruz County, California",68517,6174
0500000US06089,06089,"Shasta County, California",44130,2793
0500000US06095,06095,"Solano County, California",68850,3359
0500000US06097,06097,"Sonoma County, California",66866,3110
0500000US06099,06099,"Stanislaus County, California",53605,2513
0500000US06101,06101,"Sutter County, California",56180,4665
0500000US06107,06107,"Tulare County, California",50818,2965
0500000US06111,06111,"Ventura County, California",81081,2810
0500000US06113,06113,"Yolo County, California",67986,9124
0500000US06115,06115,"Yuba County, California",41017,9020
0500000US08001,08001,"Adams County, Colorado",58365,2735
0500000US08005,08005,"Arapahoe County, Colorado",62249,2236
0500000US08013,08013,"Boulder County, Colorado",67155,3234
0500000US08031,08031,"Denver County, Colorado",56668,2506
0500000US08035,08035,"Douglas County, Colorado",99641,2615
0500000US08041,08041,"El Paso County, Colorado",60380,1813
0500000US08059,08059,"Jefferson County, Colorado",69537,2367
0500000US08069,08069,"Larimer County, Colorado",57920,2470
0500000US08077,08077,"Mesa County, Colorado",55825,3118
0500000US08101,08101,"Pueblo County, Colorado",41916,2842
0500000US08123,08123,"Weld County, Colorado",60021,3486
0500000US09001,09001,"Fairfield County, Connecticut",93868,2993
0500000US09003,09003,"Hartford County, Connecticut",71104,1944
0500000US09005,09005,"Litchfield County, Connecticut",69648,2867
0500000US09007,09007,"Middlesex County, Connecticut",76568,3567
0500000US09009,09009,"New Haven County, Connecticut",68101,2193
0500000US09011,09011,"New London County, Connecticut",65538,2756
0500000US09013,09013,"Tolland County, Connecticut",80557,3822
0500000US09015,09015,"Windham County, Connecticut",60686,4028
0500000US10001,10001,"Kent County, Delaware",53726,3885
0500000US10003,10003,"New Castle County, Delaware",70297,2400
0500000US10005,10005,"Sussex County, Delaware",53860,2215
0500000US11001,11001,"District of Columbia, District of Columbia",104201,4368
0500000US12001,12001,"Alachua County, Florida",43063,3156
0500000US12005,12005,"Bay County, Florida",47177,3537
0500000US12009,12009,"Brevard County, Florida",47945,1542
0500000US12011,12011,"Broward County, Florida",51556,1914
0500000US12015,12015,"Charlotte County, Florida",42295,2805
0500000US12017,12017,"Citrus County, Florida",37690,2756
0500000US12019,12019,"Clay County, Florida",58783,3483
0500000US12021,12021,"Collier County, Florida",59028,3167
0500000US12023,12023,"Columbia County, Florida",44371,5715
0500000US12031,12031,"Duval County, Florida",55177,2200
0500000US12033,12033,"Escambia County, Florida",47658,1949
0500000US12035,12035,"Flagler County, Florida",51134,1950
0500000US12053,12053,"Hernando County, Florida",42627,2394
0500000US12055,12055,"Highlands County, Florida",34581,2319
0500000US12057,12057,"Hillsborough County, Florida",54769,1591
0500000US12061,12061,"Indian River County, Florida",44944,2882
0500000US12069,12069,"Lake County, Florida",43076,2141
0500000US12071,12071,"Lee County, Florida",47656,1647
0500000US12073,12073,"Leon County, Florida",50542,3599
0500000US12081,12081,"Manatee County, Florida",48714,1839
0500000US12083,12083,"Marion County, Florida",40397,1553
0500000US12085,12085,"Martin County, Florida",52440,5394
0500000US12086,12086,"Miami-Dade County, Florida",61847,2446
0500000US12087,12087,"Monroe County, Florida",51275,6972
0500000US12089,12089,"Nassau County, Florida",48884,8855
0500000US12091,12091,"Okaloosa County, Florida",51375,3111
0500000US12095,12095,"Orange County, Florida",56548,2160
0500000US12097,12097,"Osceola County, Florida",49108,2578
0500000US12099,12099,"Palm Beach County, Florida",55751,1388
0500000US12101,12101,"Pasco County, Florida",39300,1393
0500000US12103,12103,"Pinellas County, Florida",45125,1340
0500000US12105,12105,"Polk County, Florida",45562,2007
0500000US12107,12107,"Putnam County, Florida",35692,6577
0500000US12109,12109,"St. Johns County, Florida",62114,4557
0500000US12111,12111,"St. Lucie County, Florida",46770,2589
0500000US12113,12113,"Santa Rosa County, Florida",53592,3729
0500000US12115,12115,"Sarasota County, Florida",47013,1942
0500000US12117,12117,"Seminole County, Florida",60269,3197
0500000US12119,12119,"Sumter County, Florida",47036,4419
0500000US12127,12127,"Volusia County, Florida",42751,1535
0500000US13013,13013,"Barrow County, Georgia",48174,3131
0500000US13015,13015,"Bartow County, Georgia",52647,5828
0500000US13021,13021,"Bibb County, Georgia",53014,4496
0500000US13031,13031,"Bulloch County, Georgia",44375,9321
0500000US13045,13045,"Carroll County, Georgia",47721,3715
0500000US13051,13051,"Chatham County, Georgia",51689,2133
0500000US13057,13057,"Cherokee County, Georgia",70629,4499
0500000US13059,13059,"Clarke County, Georgia",38587,5140
0500000US13063,13063,"Clayton County, Georgia",44487,5697
0500000US13067,13067,"Cobb County, Georgia",73679,3635
0500000US13073,13073,"Columbia County, Georgia",71394,2916
0500000US13077,13077,"Coweta County, Georgia",65804,5957
0500000US13089,13089,"DeKalb County, Georgia",70071,4081
0500000US13095,13095,"Dougherty County, Georgia",46546,4274
0500000US13097,13097,"Douglas County, Georgia",61750,7762
0500000US13113,13113,"Fayette County, Georgia",77894,4362
0500000US13115,13115,"Floyd County, Georgia",44640,5387
0500000US13117,13117,"Forsyth County, Georgia",85355,6695
0500000US13121,13121,"Fulton County, Georgia",88723,5007
0500000US13127,13127,"Glynn County, Georgia",51480,5419
0500000US13135,13135,"Gwinnett County, Georgia",71323,2470
0500000US13139,13139,"Hall County, Georgia",55045,5868
0500000US13151,13151,"Henry County, Georgia",68123,4754
0500000US13153,13153,"Houston County, Georgia",58652,4274
0500000US13185,13185,"Lowndes County, Georgia",47306,7397
0500000US13215,13215,"Muscogee County, Georgia",50992,3776
0500000US13217,13217,"Newton County, Georgia",56281,3505
0500000US13223,13223,"Paulding County, Georgia",65294,3448
0500000US13245,13245,"Richmond County, Georgia",42471,5910
0500000US13247,13247,"Rockdale County, Georgia",53438,8575
0500000US13297,13297,"Walton County, Georgia",49379,2606
0500000US13313,13313,"Whitfield County, Georgia",47148,4923
0500000US15001,15001,"Hawaii County, Hawaii",52283,6532
0500000US15003,15003,"Honolulu County, Hawaii",73936,4537
0500000US15009,15009,"Maui County, Hawaii",65044,5925
0500000US16001,16001,"Ada County, Idaho",54984,2285
0500000US16005,16005,"Bannock County, Idaho",45556,4463
0500000US16019,16019,"Bonneville County, Idaho",51379,5328
0500000US16027,16027,"Canyon County, Idaho",41016,3075
0500000US16055,16055,"Kootenai County, Idaho",47830,2911
0500000US16083,16083,"Twin Falls County, Idaho",41006,2250
0500000US17001,17001,"Adams County, Illinois",41389,3796
0500000US17019,17019,"Champaign County, Illinois",45299,2992
0500000US17031,17031,"Cook County, Illinois",65485,1229
0500000US17037,17037,"DeKalb County, Illinois",53300,4644
0500000US17043,17043,"DuPage County, Illinois",76366,1883
0500000US17089,17089,"Kane County, Illinois",75855,3195
0500000US17091,17091,"Kankakee County, Illinois",57784,3301
0500000US17093,17093,"Kendall County, Illinois",82100,4503
0500000US17097,17097,"Lake County, Illinois",84103,2345
0500000US17099,17099,"LaSalle County, Illinois",52881,3454
0500000US17111,17111,"McHenry County, Illinois",75430,3068
0500000US17113,17113,"McLean County, Illinois",57258,2331
0500000US17115,17115,"Macon County, Illinois",48303,3336
0500000US17119,17119,"Madison County, Illinois",51794,1931
0500000US17143,17143,"Peoria County, Illinois",52522,3895
0500000US17161,17161,"Rock Island County, Illinois",52113,2514
0500000US17163,17163,"St. Clair County, Illinois",56976,4093
0500000US17167,17167,"Sangamon County, Illinois",56051,3309
0500000US17179,17179,"Tazewell County, Illinois",54234,3088
0500000US17183,17183,"Vermilion County, Illinois",38818,3493
0500000US17197,17197,"Will County, Illinois",77293,2439
0500000US17199,17199,"Williamson County, Illinois",40393,4631
0500000US17201,17201,"Winnebago County, Illinois",49838,2736
0500000US18003,18003,"Allen County, Indiana",51109,1569
0500000US18005,18005,"Bartholomew County, Indiana",49005,3010
0500000US18019,18019,"Clark County, Indiana",49303,2716
0500000US18035,18035,"Delaware County, Indiana",36578,3001
0500000US18039,18039,"Elkhart County, Indiana",46030,2442
0500000US18043,18043,"Floyd County, Indiana",52124,3777
0500000US18053,18053,"Grant County, Indiana",40099,4838
0500000US18057,18057,"Hamilton County, Indiana",75497,2732
0500000US18059,18059,"Hancock County, Indiana",57657,4463
0500000US18063,18063,"Hendricks County, Indiana",66630,4773
0500000US18067,18067,"Howard County, Indiana",48321,4083
0500000US18081,18081,"Johnson County, Indiana",57411,3949
0500000US18085,18085,"Kosciusko County, Indiana",47193,2416
0500000US18089,18089,"Lake County, Indiana",55751,2092
0500000US18091,18091,"LaPorte County, Indiana",48422,2713
0500000US18095,18095,"Madison County, Indiana",42955,1822
0500000US18097,18097,"Marion County, Indiana",47104,1685
0500000US18105,18105,"Monroe County, Indiana",36613,2568
0500000US18109,18109,"Morgan County, Indiana",55845,5540
0500000US18127,18127,"Porter County, Indiana",56945,6168
0500000US18141,18141,"St. Joseph County, Indiana",46006,2675
0500000US18157,18157,"Tippecanoe County, Indiana",44300,3263
0500000US18163,18163,"Vanderburgh County, Indiana",45757,2590
0500000US18167,18167,"Vigo County, Indiana",38322,3743
0500000US18177,18177,"Wayne County, Indiana",40670,3689
0500000US19013,19013,"Black Hawk County, Iowa",44592,3198
0500000US19061,19061,"Dubuque County, Iowa",46876,2752
0500000US19103,19103,"Johnson County, Iowa",49683,2493
0500000US19113,19113,"Linn County, Iowa",54769,2803
0500000US19153,19153,"Polk County, Iowa",58140,1917
0500000US19155,19155,"Pottawattamie County, Iowa",46182,3114
0500000US19163,19163,"Scott County, Iowa",54823,3129
0500000US19169,19169,"Story County, Iowa",46319,3884
0500000US19193,19193,"Woodbury County, Iowa",46204,3090
0500000US20045,20045,"Douglas County, Kansas",45221,3828
0500000US20091,20091,"Johnson County, Kansas",73988,2101
0500000US20103,20103,"Leavenworth County, Kansas",59225,4445
0500000US20161,20161,"Riley County, Kansas",39796,5931
0500000US20173,20173,"Sedgwick County, Kansas",51442,1973
0500000US20177,20177,"Shawnee County, Kansas",51432,3098
0500000US20209,20209,"Wyandotte County, Kansas",43671,3250
0500000US21015,21015,"Boone County, Kentucky",68656,2692
0500000US21029,21029,"Bullitt County, Kentucky",46528,3441
0500000US21037,21037,"Campbell County, Kentucky",51835,4901
0500000US21047,21047,"Christian County, Kentucky",37035,2306
0500000US21059,21059,"Daviess County, Kentucky",44626,4441
0500000US21067,21067,"Fayette County, Kentucky",51153,2421
0500000US21093,21093,"Hardin County, Kentucky",44585,4266
0500000US21111,21111,"Jefferson County, Kentucky",49844,1501
0500000US21117,21117,"Kenton County, Kentucky",52100,2793
0500000US21145,21145,"McCracken County, Kentucky",42131,4536
0500000US21151,21151,"Madison County, Kentucky",40147,5023
0500000US21195,21195,"Pike County, Kentucky",31805,3072
0500000US21227,21227,"Warren County, Kentucky",44870,4929
0500000US22005,22005,"Ascension Parish, Louisiana",70440,6352
0500000US22015,22015,"Bossier Parish, Louisiana",55641,5774
0500000US22017,22017,"Caddo Parish, Louisiana",51624,4415
0500000US22019,22019,"Calcasieu Parish, Louisiana",53855,4416
0500000US22033,22033,"East Baton Rouge Parish, Louisiana",60077,4064
0500000US22045,22045,"Iberia Parish, Louisiana",48283,3088
0500000US22051,22051,"Jefferson Parish, Louisiana",54984,3206
0500000US22055,22055,"Lafayette Parish, Louisiana",57427,5023
0500000US22057,22057,"Lafourche Parish, Louisiana",52220,4387
0500000US22063,22063,"Livingston Parish, Louisiana",54445,5125
0500000US22071,22071,"Orleans Parish, Louisiana",58088,5061
0500000US22073,22073,"Ouachita Parish, Louisiana",47511,4625
0500000US22079,22079,"Rapides Parish, Louisiana",47789,5116
0500000US22097,22097,"St. Landry Parish, Louisiana",41672,4018
0500000US22103,22103,"St. Tammany Parish, Louisiana",61979,3918
0500000US22105,22105,"Tangipahoa Parish, Louisiana",44899,4956
0500000US22109,22109,"Terrebonne Parish, Louisiana",49767,5123
0500000US23001,23001,"Androscoggin County, Maine",42566,3431
0500000US23003,23003,"Aroostook County, Maine",34850,3183
0500000US23005,23005,"Cumberland County, Maine",53144,2310
0500000US23011,23011,"Kennebec County, Maine",45888,3155
0500000US23019,23019,"Penobscot County, Maine",40461,2358
0500000US23031,23031,"York County, Maine",54390,2203
0500000US24001,24001,"Allegany County, Maryland",35882,4878
0500000US24003,24003,"Anne Arundel County, Maryland",85899,4986
0500000US24005,24005,"Baltimore County, Maryland",68243,1911
0500000US24009,24009,"Calvert County, Maryland",92758,8423
0500000US24013,24013,"Carroll County, Maryland",78593,4202
0500000US24015,24015,"Cecil County, Maryland",61610,6265
0500000US24017,24017,"Charles County, Maryland",87825,5001
0500000US24021,24021,"Frederick County, Maryland",84561,2722
0500000US24025,24025,"Harford County, Maryland",78510,3204
0500000US24027,24027,"Howard County, Maryland",118809,4513
0500000US24031,24031,"Montgomery County, Maryland",110580,2657
0500000US24033,24033,"Prince George's County, Maryland",77628,3339
0500000US24037,24037,"St. Mary's County, Maryland",82608,8595
0500000US24043,24043,"Washington County, Maryland",49627,3127
0500000US24045,24045,"Wicomico County, Maryland",51885,4152
0500000US24510,24510,"Baltimore city, Maryland",57209,3132
0500000US25001,25001,"Barnstable County, Massachusetts",59261,3558
0500000US25003,25003,"Berkshire County, Massachusetts",43851,4868
0500000US25005,25005,"Bristol County, Massachusetts",56441,3006
0500000US25009,25009,"Essex County, Massachusetts",69938,2162
0500000US25011,25011,"Franklin County, Massachusetts",49285,2507
0500000US25013,25013,"Hampden County, Massachusetts",54570,2343
0500000US25015,25015,"Hampshire County, Massachusetts",57771,3154
0500000US25017,25017,"Middlesex County, Massachusetts",81506,1729
0500000US25021,25021,"Norfolk County, Massachusetts",79600,2975
0500000US25023,25023,"Plymouth County, Massachusetts",74088,2971
0500000US25025,25025,"Suffolk County, Massachusetts",67603,2502
0500000US25027,25027,"Worcester County, Massachusetts",66151,2077
0500000US26005,26005,"Allegan County, Michigan",52124,2891
0500000US26017,26017,"Bay County, Michigan",44878,2053
0500000US26021,26021,"Berrien County, Michigan",42893,3244
0500000US26025,26025,"Calhoun County, Michigan",40578,1940
0500000US26037,26037,"Clinton County, Michigan",57990,2851
0500000US26045,26045,"Eaton County, Michigan",51968,3902
0500000US26049,26049,"Genesee County, Michigan",45791,1900
0500000US26055,26055,"Grand Traverse County, Michigan",49560,4044
0500000US26065,26065,"Ingham County, Michigan",46570,3103
0500000US26073,26073,"Isabella County, Michigan",34515,2907
0500000US26075,26075,"Jackson County, Michigan",49477,3327
0500000US26077,26077,"Kalamazoo County, Michigan",43199,2697
0500000US26081,26081,"Kent County, Michigan",51726,1786
0500000US26087,26087,"Lapeer County, Michigan",50501,2528
0500000US26091,26091,"Lenawee County, Michigan",47759,3063
0500000US26093,26093,"Livingston County, Michigan",67857,3464
0500000US26099,26099,"Macomb County, Michigan",52298,1270
0500000US26103,26103,"Marquette County, Michigan",41622,2348
0500000US26111,26111,"Midland County, Michigan",49478,2741
0500000US26115,26115,"Monroe County, Michigan",53230,2204
0500000US26121,26121,"Muskegon County, Michigan",42743,2665
0500000US26125,26125,"Oakland County, Michigan",64368,1881
0500000US26139,26139,"Ottawa County, Michigan",52276,2808
0500000US26145,26145,"Saginaw County, Michigan",41587,1720
0500000US26147,26147,"St. Clair County, Michigan",46290,3139
0500000US26155,26155,"Shiawassee County, Michigan",41336,4073
0500000US26159,26159,"Van Buren County, Michigan",42590,5937
0500000US26161,26161,"Washtenaw County, Michigan",59512,2535
0500000US26163,26163,"Wayne County, Michigan",49208,1180
0500000US27003,27003,"Anoka County, Minnesota",68423,1709
0500000US27019,27019,"Carver County, Minnesota",75158,2993
0500000US27037,27037,"Dakota County, Minnesota",72399,2688
0500000US27053,27053,"Hennepin County, Minnesota",68565,1308
0500000US27109,27109,"Olmsted County, Minnesota",64781,2039
0500000US27123,27123,"Ramsey County, Minnesota",54283,2114
0500000US27137,27137,"St. Louis County, Minnesota",44589,2246
0500000US27139,27139,"Scott County, Minnesota",84236,3544
0500000US27141,27141,"Sherburne County, Minnesota",73139,3786
0500000US27145,27145,"Stearns County, Minnesota",48689,3286
0500000US27163,27163,"Washington County, Minnesota",76865,3180
0500000US27171,27171,"Wright County, Minnesota",67632,3856
0500000US28033,28033,"DeSoto County, Mississippi",57072,3188
0500000US28035,28035,"Forrest County, Mississippi",44744,5221
0500000US28047,28047,"Harrison County, Mississippi",45987,3015
0500000US28049,28049,"Hinds County, Mississippi",55002,5117
0500000US28059,28059,"Jackson County, Mississippi",54695,5997
0500000US28067,28067,"Jones County, Mississippi",39041,12262
0500000US28075,28075,"Lauderdale County, Mississippi",37561,10230
0500000US28081,28081,"Lee County, Mississippi",45141,6394
0500000US28089,28089,"Madison County, Mississippi",65151,5931
0500000US28121,28121,"Rankin County, Mississippi",59521,4380
0500000US29019,29019,"Boone County, Missouri",51213,3055
0500000US29021,29021,"Buchanan County, Missouri",45091,4080
0500000US29031,29031,"Cape Girardeau County, Missouri",46140,2925
0500000US29037,29037,"Cass County, Missouri",60600,4399
0500000US29043,29043,"Christian County, Missouri",53603,3490
0500000US29047,29047,"Clay County, Missouri",58025,3277
0500000US29051,29051,"Cole County, Missouri",55135,5251
0500000US29071,29071,"Franklin County, Missouri",49386,2171
0500000US29077,29077,"Greene County, Missouri",38036,1405
0500000US29095,29095,"Jackson County, Missouri",54367,1606
0500000US29097,29097,"Jasper County, Missouri",39616,2262
0500000US29099,29099,"Jefferson County, Missouri",54127,3043
0500000US29165,29165,"Platte County, Missouri",70065,5744
0500000US29183,29183,"St. Charles County, Missouri",68880,2886
0500000US29189,29189,"St. Louis County, Missouri",63915,1490
0500000US29510,29510,"St. Louis city, Missouri",47428,2892
0500000US30013,30013,"Cascade County, Montana",41552,3387
0500000US30029,30029,"Flathead County, Montana",47116,3927
0500000US30031,30031,"Gallatin County, Montana",46409,3445
0500000US30063,30063,"Missoula County, Montana",39610,3286
0500000US30111,30111,"Yellowstone County, Montana",49293,3171
0500000US31055,31055,"Douglas County, Nebraska",54492,1731
0500000US31109,31109,"Lancaster County, Nebraska",49123,2852
0500000US31153,31153,"Sarpy County, Nebraska",69634,3318
0500000US32003,32003,"Clark County, Nevada",59761,1275
0500000US32031,32031,"Washoe County, Nevada",57695,2377
0500000US33005,33005,"Cheshire County, New Hampshire",52230,5383
0500000US33009,33009,"Grafton County, New Hampshire",52969,3147
0500000US33011,33011,"Hillsborough County, New Hampshire",67286,3876
0500000US33013,33013,"Merrimack County, New Hampshire",63895,3967
0500000US33015,33015,"Rockingham County, New Hampshire",70523,2275
0500000US33017,33017,"Strafford County, New Hampshire",56733,4413
0500000US34001,34001,"Atlantic County, New Jersey",60758,3637
0500000US34003,34003,"Bergen County, New Jersey",84070,4802
0500000US34005,34005,"Burlington County, New Jersey",77773,2406
0500000US34007,34007,"Camden County, New Jersey",70174,3115
0500000US34009,34009,"Cape May County, New Jersey",50797,2340
0500000US34011,34011,"Cumberland County, New Jersey",54876,5272
0500000US34013,34013,"Essex County, New Jersey",84345,5765
0500000US34015,34015,"Gloucester County, New Jersey",72677,3019
0500000US34017,34017,"Hudson County, New Jersey",73080,3313
0500000US34019,34019,"Hunterdon County, New Jersey",99974,6868
0500000US34021,34021,"Mercer County, New Jersey",83265,3759
0500000US34023,34023,"Middlesex County, New Jersey",77147,2986
0500000US34025,34025,"Monmouth County, New Jersey",85433,2495
0500000US34027,34027,"Morris County, New Jersey",99562,2707
0500000US34029,34029,"Ocean County, New Jersey",59860,1819
0500000US34031,34031,"Passaic County, New Jersey",68704,3205
0500000US34033,34033,"Salem County, New Jersey",63056,5238
0500000US34035,34035,"Somerset County, New Jersey",95361,5069
0500000US34037,34037,"Sussex County, New Jersey",80763,3853
0500000US34039,34039,"Union County, New Jersey",79905,5693
0500000US34041,34041,"Warren County, New Jersey",71000,4760
0500000US35001,35001,"Bernalillo County, New Mexico",55695,2268
0500000US35013,35013,"Doña Ana County, New Mexico",45593,6952
0500000US35031,35031,"McKinley County, New Mexico",45288,15441
0500000US35043,35043,"Sandoval County, New Mexico",63897,3931
0500000US35045,35045,"San Juan County, New Mexico",61704,9321
0500000US35049,35049,"Santa Fe County, New Mexico",62107,6378
0500000US35061,35061,"Valencia County, New Mexico",50706,3230
0500000US36001,36001,"Albany County, New York",58746,3486
0500000US36005,36005,"Bronx County, New York",47822,2868
0500000US36007,36007,"Broome County, New York",44278,2010
0500000US36009,36009,"Cattaraugus County, New York",39274,2463
0500000US36011,36011,"Cayuga County, New York",49642,3243
0500000US36013,36013,"Chautauqua County, New York",40807,3238
0500000US36015,36015,"Chemung County, New York",44328,3729
0500000US36019,36019,"Clinton County, New York",46439,4230
0500000US36027,36027,"Dutchess County, New York",72784,4749
0500000US36029,36029,"Erie County, New York",51176,1545
0500000US36045,36045,"Jefferson County, New York",43134,3059
0500000US36047,36047,"Kings County, New York",53880,2347
0500000US36053,36053,"Madison County, New York",53081,2817
0500000US36055,36055,"Monroe County, New York",55983,2745
0500000US36059,36059,"Nassau County, New York",97595,2460
0500000US36061,36061,"New York County, New York",98659,1625
0500000US36063,36063,"Niagara County, New York",43426,2904
0500000US36065,36065,"Oneida County, New York",49004,2618
0500000US36067,36067,"Onondaga County, New York",54679,2114
0500000US36069,36069,"Ontario County, New York",54920,4625
0500000US36071,36071,"Orange County, New York",70538,4109
0500000US36075,36075,"Oswego County, New York",47449,2925
0500000US36079,36079,"Putnam County, New York",85500,8003
0500000US36081,36081,"Queens County, New York",60091,1849
0500000US36083,36083,"Rensselaer County, New York",59223,4132
0500000US36085,36085,"Richmond County, New York",72965,3972
0500000US36087,36087,"Rockland County, New York",82626,6466
0500000US36089,36089,"St. Lawrence County, New York",42568,3157
0500000US36091,36091,"Saratoga County, New York",68470,4030
0500000US36093,36093,"Schenectady County, New York",58119,2140
0500000US36101,36101,"Steuben County, New York",42705,1819
0500000US36103,36103,"Suffolk County, New York",86765,2028
0500000US36105,36105,"Sullivan County, New York",47221,4088
0500000US36109,36109,"Tompkins County, New York",50065,4308
0500000US36111,36111,"Ulster County, New York",59733,4381
0500000US36113,36113,"Warren County, New York",53907,4510
0500000US36117,36117,"Wayne County, New York",51924,4050
0500000US36119,36119,"Westchester County, New York",95034,3209
0500000US37001,37001,"Alamance County, North Carolina",47931,4274
0500000US37019,37019,"Brunswick County, North Carolina",47791,3178
0500000US37021,37021,"Buncombe County, North Carolina",42323,2711
0500000US37023,37023,"Burke County, North Carolina",36117,2039
0500000US37025,37025,"Cabarrus County, North Carolina",58360,5572
0500000US37027,37027,"Caldwell County, North Carolina",36356,4345
0500000US37035,37035,"Catawba County, North Carolina",45490,3814
0500000US37045,37045,"Cleveland County, North Carolina",41373,1898
0500000US37049,37049,"Craven County, North Carolina",47414,2956
0500000US37051,37051,"Cumberland County, North Carolina",47225,3845
0500000US37057,37057,"Davidson County, North Carolina",48055,3325
0500000US37063,37063,"Durham County, North Carolina",63847,2999
0500000US37067,37067,"Forsyth County, North Carolina",50555,1943
0500000US37071,37071,"Gaston County, North Carolina",42411,2804
0500000US37081,37081,"Guilford County, North Carolina",55324,3312
0500000US37085,37085,"Harnett County, North Carolina",48209,3449
0500000US37089,37089,"Henderson County, North Carolina",48173,7004
0500000US37097,37097,"Iredell County, North Carolina",52237,3516
0500000US37101,37101,"Johnston County, North Carolina",54191,3791
0500000US37109,37109,"Lincoln County, North Carolina",48359,4067
0500000US37119,37119,"Mecklenburg County, North Carolina",64919,1849
0500000US37125,37125,"Moore County, North Carolina",49123,4743
0500000US37127,37127,"Nash County, North Carolina",45096,4078
0500000US37129,37129,"New Hanover County, North Carolina",50482,2939
0500000US37133,37133,"Onslow County, North Carolina",43488,2385
0500000US37135,37135,"Orange County, North Carolina",58675,5721
0500000US37147,37147,"Pitt County, North Carolina",43909,3656
0500000US37151,37151,"Randolph County, North Carolina",39093,2780
0500000US37155,37155,"Robeson County, North Carolina",31535,5889
0500000US37157,37157,"Rockingham County, North Carolina",37846,4448
0500000US37159,37159,"Rowan County, North Carolina",47073,4143
0500000US37171,37171,"Surry County, North Carolina",34065,3177
0500000US37179,37179,"Union County, North Carolina",69066,5504
0500000US37183,37183,"Wake County, North Carolina",74135,2513
0500000US37191,37191,"Wayne County, North Carolina",51857,3740
0500000US37193,37193,"Wilkes County, North Carolina",35230,4831
0500000US37195,37195,"Wilson County, North Carolina",48603,6758
0500000US38015,38015,"Burleigh County, North Dakota",57048,5435
0500000US38017,38017,"Cass County, North Dakota",47004,2956
0500000US38035,38035,"Grand Forks County, North Dakota",42637,3738
0500000US39003,39003,"Allen County, Ohio",40715,3000
0500000US39007,39007,"Ashtabula County, Ohio",41323,4801
0500000US39013,39013,"Belmont County, Ohio",39338,3917
0500000US39017,39017,"Butler County, Ohio",55454,2530
0500000US39023,39023,"Clark County, Ohio",43281,1684
0500000US39025,39025,"Clermont County, Ohio",58378,3402
0500000US39029,39029,"Columbiana County, Ohio",37412,3078
0500000US39035,39035,"Cuyahoga County, Ohio",49080,1156
0500000US39041,39041,"Delaware County, Ohio",81781,4514
0500000US39043,39043,"Erie County, Ohio",47240,8099
0500000US39045,39045,"Fairfield County, Ohio",51681,2818
0500000US39049,39049,"Franklin County, Ohio",53075,1345
0500000US39055,39055,"Geauga County, Ohio",61846,3917
0500000US39057,39057,"Greene County, Ohio",57127,3373
0500000US39061,39061,"Hamilton County, Ohio",54486,1743
0500000US39063,39063,"Hancock County, Ohio",50057,4910
0500000US39081,39081,"Jefferson County, Ohio",38978,3734
0500000US39085,39085,"Lake County, Ohio",55207,1846
0500000US39089,39089,"Licking County, Ohio",50223,2138
0500000US39093,39093,"Lorain County, Ohio",51480,2364
0500000US39095,39095,"Lucas County, Ohio",44818,1865
0500000US39099,39099,"Mahoning County, Ohio",45825,2760
0500000US39101,39101,"Marion County, Ohio",41129,5229
0500000US39103,39103,"Medina County, Ohio",66675,3617
0500000US39109,39109,"Miami County, Ohio",49330,2949
0500000US39113,39113,"Montgomery County, Ohio",47201,1383
0500000US39119,39119,"Muskingum County, Ohio",36949,2853
0500000US39133,39133,"Portage County, Ohio",49566,2413
0500000US39139,39139,"Richland County, Ohio",39918,2382
0500000US39141,39141,"Ross County, Ohio",41947,4823
0500000US39145,39145,"Scioto County, Ohio",29749,4113
0500000US39151,39151,"Stark County, Ohio",47256,1783
0500000US39153,39153,"Summit County, Ohio",50344,1398
0500000US39155,39155,"Trumbull County, Ohio",43050,2110
0500000US39157,39157,"Tuscarawas County, Ohio",41305,2547
0500000US39165,39165,"Warren County, Ohio",65974,3243
0500000US39169,39169,"Wayne County, Ohio",47126,3332
0500000US39173,39173,"Wood County, Ohio",50181,4452
0500000US40017,40017,"Canadian County, Oklahoma",65186,3433
0500000US40027,40027,"Cleveland County, Oklahoma",53022,3813
0500000US40031,40031,"Comanche County, Oklahoma",48761,4465
0500000US40037,40037,"Creek County, Oklahoma",41462,2558
0500000US40101,40101,"Muskogee County, Oklahoma",36711,7128
0500000US40109,40109,"Oklahoma County, Oklahoma",48295,1628
0500000US40119,40119,"Payne County, Oklahoma",36126,5538
0500000US40125,40125,"Pottawatomie County, Oklahoma",40974,4904
0500000US40131,40131,"Rogers County, Oklahoma",59255,3525
0500000US40143,40143,"Tulsa County, Oklahoma",51636,1734
0500000US40145,40145,"Wagoner County, Oklahoma",60343,4355
0500000US41003,41003,"Benton County, Oregon",47231,5796
0500000US41005,41005,"Clackamas County, Oregon",60923,2891
0500000US41017,41017,"Deschutes County, Oregon",53684,2844
0500000US41019,41019,"Douglas County, Oregon",38535,2605
0500000US41029,41029,"Jackson County, Oregon",46499,2463
0500000US41033,41033,"Josephine County, Oregon",34798,6159
0500000US41035,41035,"Klamath County, Oregon",44235,4660
0500000US41039,41039,"Lane County, Oregon",41219,2006
0500000US41043,41043,"Linn County, Oregon",48108,2993
0500000US41047,41047,"Marion County, Oregon",46342,2575
0500000US41051,41051,"Multnomah County, Oregon",54353,1558
0500000US41053,41053,"Polk County, Oregon",56216,3821
0500000US41059,41059,"Umatilla County, Oregon",50874,3243
0500000US41067,41067,"Washington County, Oregon",62442,2960
0500000US41071,41071,"Yamhill County, Oregon",54009,6421
0500000US42001,42001,"Adams County, Pennsylvania",57603,2566
0500000US42003,42003,"Allegheny County, Pennsylvania",49985,1155
0500000US42005,42005,"Armstrong County, Pennsylvania",45266,3432
0500000US42007,42007,"Beaver County, Pennsylvania",47154,2757
0500000US42011,42011,"Berks County, Pennsylvania",58042,1667
0500000US42013,42013,"Blair County, Pennsylvania",38785,2856
0500000US42017,42017,"Bucks County, Pennsylvania",77224,2122
0500000US42019,42019,"Butler County, Pennsylvania",55353,3048
0500000US42021,42021,"Cambria County, Pennsylvania",39022,2842
0500000US42027,42027,"Centre County, Pennsylvania",50288,2512
0500000US42029,42029,"Chester County, Pennsylvania",84747,2804
0500000US42033,42033,"Clearfield County, Pennsylvania",37161,2434
0500000US42037,42037,"Columbia County, Pennsylvania",42320,2236
0500000US42039,42039,"Crawford County, Pennsylvania",38788,2388
0500000US42041,42041,"Cumberland County, Pennsylvania",58954,3655
0500000US42043,42043,"Dauphin County, Pennsylvania",54090,2947
0500000US42045,42045,"Delaware County, Pennsylvania",69347,2349
0500000US42049,42049,"Erie County, Pennsylvania",44353,2276
0500000US42051,42051,"Fayette County, Pennsylvania",36515,2149
0500000US42055,42055,"Franklin County, Pennsylvania",47665,2648
0500000US42063,42063,"Indiana County, Pennsylvania",39818,2365
0500000US42069,42069,"Lackawanna County, Pennsylvania",45364,2537
0500000US42071,42071,"Lancaster County, Pennsylvania",57933,1517
0500000US42073,42073,"Lawrence County, Pennsylvania",44604,2163
0500000US42075,42075,"Lebanon County, Pennsylvania",53222,3675
0500000US42077,42077,"Lehigh County, Pennsylvania",57793,2201
0500000US42079,42079,"Luzerne County, Pennsylvania",40749,1707
0500000US42081,42081,"Lycoming County, Pennsylvania",40368,2415
0500000US42085,42085,"Mercer County, Pennsylvania",44279,1606
0500000US42089,42089,"Monroe County, Pennsylvania",54398,3894
0500000US42091,42091,"Montgomery County, Pennsylvania",76089,2015
0500000US42095,42095,"Northampton County, Pennsylvania",58631,1891
0500000US42097,42097,"Northumberland County, Pennsylvania",37994,2620
0500000US42101,42101,"Philadelphia County, Pennsylvania",48624,1836
0500000US42107,42107,"Schuylkill County, Pennsylvania",41845,1988
0500000US42111,42111,"Somerset County, Pennsylvania",38952,3430
0500000US42125,42125,"Washington County, Pennsylvania",48976,2120
0500000US42129,42129,"Westmoreland County, Pennsylvania",48316,1638
0500000US42133,42133,"York County, Pennsylvania",58383,1497
0500000US44003,44003,"Kent County, Rhode Island",60286,5201
0500000US44005,44005,"Newport County, Rhode Island",65412,4393
0500000US44007,44007,"Providence County, Rhode Island",53475,2448
0500000US44009,44009,"Washington County, Rhode Island",71564,5598
0500000US45003,45003,"Aiken County, South Carolina",50294,3285
0500000US45007,45007,"Anderson County, South Carolina",45963,2826
0500000US45013,45013,"Beaufort County, South Carolina",61798,5115
0500000US45015,45015,"Berkeley County, South Carolina",54290,2477
0500000US45019,45019,"Charleston County, South Carolina",58738,4232
0500000US45031,45031,"Darlington County, South Carolina",45500,6601
0500000US45035,45035,"Dorchester County, South Carolina",61001,6382
0500000US45041,45041,"Florence County, South Carolina",49863,3728
0500000US45045,45045,"Greenville County, South Carolina",52425,2331
0500000US45047,45047,"Greenwood County, South Carolina",48680,4929
0500000US45051,45051,"Horry County, South Carolina",44771,2203
0500000US45057,45057,"Lancaster County, South Carolina",45916,3718
0500000US45059,45059,"Laurens County, South Carolina",42116,3943
0500000US45063,45063,"Lexington County, South Carolina",55649,2642
0500000US45073,45073,"Oconee County, South Carolina",39078,6018
0500000US45075,45075,"Orangeburg County, South Carolina",44564,7487
0500000US45077,45077,"Pickens County, South Carolina",40148,3686
0500000US45079,45079,"Richland County, South Carolina",58636,3748
0500000US45083,45083,"Spartanburg County, South Carolina",43633,3145
0500000US45085,45085,"Sumter County, South Carolina",46417,5963
0500000US45091,45091,"York County, South Carolina",54612,5000
0500000US46099,46099,"Minnehaha County, South Dakota",49752,3338
0500000US46103,46103,"Pennington County, South Dakota",50183,2848
0500000US47001,47001,"Anderson County, Tennessee",45252,3286
0500000US47009,47009,"Blount County, Tennessee",46454,3930
0500000US47011,47011,"Bradley County, Tennessee",40046,2988
0500000US47037,47037,"Davidson County, Tennessee",52142,1614
0500000US47059,47059,"Greene County, Tennessee",33062,2757
0500000US47065,47065,"Hamilton County, Tennessee",50034,2697
0500000US47093,47093,"Knox County, Tennessee",48366,1428
0500000US47113,47113,"Madison County, Tennessee",46684,4917
0500000US47119,47119,"Maury County, Tennessee",46529,4082
0500000US47125,47125,"Montgomery County, Tennessee",50849,4035
0500000US47141,47141,"Putnam County, Tennessee",31035,2828
0500000US47147,47147,"Robertson County, Tennessee",54137,4545
0500000US47149,47149,"Rutherford County, Tennessee",55706,2265
0500000US47155,47155,"Sevier County, Tennessee",42337,2840
0500000US47157,47157,"Shelby County, Tennessee",60044,1823
0500000US47163,47163,"Sullivan County, Tennessee",37306,2398
0500000US47165,47165,"Sumner County, Tennessee",54060,4823
0500000US47179,47179,"Washington County, Tennessee",41306,3432
0500000US47187,47187,"Williamson County, Tennessee",87930,6258
0500000US47189,47189,"Wilson County, Tennessee",62778,5117
0500000US48005,48005,"Angelina County, Texas",39259,3997
0500000US48021,48021,"Bastrop County, Texas",50040,7349
0500000US48027,48027,"Bell County, Texas",52501,2559
0500000US48029,48029,"Bexar County, Texas",59047,2211
0500000US48037,48037,"Bowie County, Texas",44955,4559
0500000US48039,48039,"Brazoria County, Texas",67807,5744
0500000US48041,48041,"Brazos County, Texas",39087,6262
0500000US48061,48061,"Cameron County, Texas",43035,6888
0500000US48085,48085,"Collin County, Texas",82765,2817
0500000US48091,48091,"Comal County, Texas",71996,9833
0500000US48099,48099,"Coryell County, Texas",39831,4766
0500000US48113,48113,"Dallas County, Texas",63090,1556
0500000US48121,48121,"Denton County, Texas",79147,2664
0500000US48135,48135,"Ector County, Texas",47251,3744
0500000US48139,48139,"Ellis County, Texas",62127,4114
0500000US48141,48141,"El Paso County, Texas",57206,5113
0500000US48157,48157,"Fort Bend County, Texas",99443,4974
0500000US48167,48167,"Galveston County, Texas",68154,4592
0500000US48181,48181,"Grayson County, Texas",46979,4075
0500000US48183,48183,"Gregg County, Texas",50776,6161
0500000US48187,48187,"Guadalupe County, Texas",64263,5410
0500000US48201,48201,"Harris County, Texas",72503,1682
0500000US48209,48209,"Hays County, Texas",58497,4359
0500000US48213,48213,"Henderson County, Texas",45830,5408
0500000US48215,48215,"Hidalgo County, Texas",40791,3970
0500000US48231,48231,"Hunt County, Texas",45065,5101
0500000US48245,48245,"Jefferson County, Texas",51710,2433
0500000US48251,48251,"Johnson County, Texas",59869,3646
0500000US48257,48257,"Kaufman County, Texas",62515,6530
0500000US48291,48291,"Liberty County, Texas",46116,3308
0500000US48303,48303,"Lubbock County, Texas",45921,3319
0500000US48309,48309,"McLennan County, Texas",46147,4652
0500000US48329,48329,"Midland County, Texas",69022,5455
0500000US48339,48339,"Montgomery County, Texas",70334,3607
0500000US48355,48355,"Nueces County, Texas",52321,3782
0500000US48361,48361,"Orange County, Texas",48331,8704
0500000US48367,48367,"Parker County, Texas",66865,6601
0500000US48375,48375,"Potter County, Texas",42000,2957
0500000US48381,48381,"Randall County, Texas",56093,5363
0500000US48397,48397,"Rockwall County, Texas",80305,7803
0500000US48409,48409,"San Patricio County, Texas",57139,12850
0500000US48423,48423,"Smith County, Texas",52668,4602
0500000US48439,48439,"Tarrant County, Texas",65653,1953
0500000US48441,48441,"Taylor County, Texas",46117,5882
0500000US48451,48451,"Tom Green County, Texas",46874,4713
0500000US48453,48453,"Travis County, Texas",67395,1756
0500000US48469,48469,"Victoria County, Texas",55930,3176
0500000US48479,48479,"Webb County, Texas",53656,11077
0500000US48485,48485,"Wichita County, Texas",46722,3783
0500000US48491,48491,"Williamson County, Texas",71875,1981
0500000US49005,49005,"Cache County, Utah",47998,3096
0500000US49011,49011,"Davis County, Utah",68208,2045
0500000US49035,49035,"Salt Lake County, Utah",60944,1549
0500000US49049,49049,"Utah County, Utah",60578,2095
0500000US49053,49053,"Washington County, Utah",46388,2055
0500000US49057,49057,"Weber County, Utah",58060,2689
0500000US50007,50007,"Chittenden County, Vermont",61516,2909
0500000US51003,51003,"Albemarle County, Virginia",67118,6535
0500000US51013,51013,"Arlington County, Virginia",102830,7451
0500000US51015,51015,"Augusta County, Virginia",50594,3072
0500000US51019,51019,"Bedford County, Virginia",55686,4800
0500000US51041,51041,"Chesterfield County, Virginia",74522,2980
0500000US51059,51059,"Fairfax County, Virginia",118771,3237
0500000US51061,51061,"Fauquier County, Virginia",90373,10854
0500000US51069,51069,"Frederick County, Virginia",60377,7762
0500000US51085,51085,"Hanover County, Virginia",74697,8479
0500000US51087,51087,"Henrico County, Virginia",62943,3358
0500000US51107,51107,"Loudoun County, Virginia",123507,5386
0500000US51121,51121,"Montgomery County, Virginia",45269,4268
0500000US51153,51153,"Prince William County, Virginia",99704,3202
0500000US51161,51161,"Roanoke County, Virginia",57457,6370
0500000US51165,51165,"Rockingham County, Virginia",47091,4387
0500000US51177,51177,"Spotsylvania County, Virginia",79311,5415
0500000US51179,51179,"Stafford County, Virginia",92330,8378
0500000US51510,51510,"Alexandria city, Virginia",95007,4921
0500000US51550,51550,"Chesapeake city, Virginia",72237,6759
0500000US51650,51650,"Hampton city, Virginia",53121,6756
0500000US51680,51680,"Lynchburg city, Virginia",44490,6535
0500000US51700,51700,"Newport News city, Virginia",58520,3594
0500000US51710,51710,"Norfolk city, Virginia",53211,3830
0500000US51740,51740,"Portsmouth city, Virginia",52406,6350
0500000US51760,51760,"Richmond city, Virginia",52109,2226
0500000US51770,51770,"Roanoke city, Virginia",39164,2787
0500000US51800,51800,"Suffolk city, Virginia",74786,9468
0500000US51810,51810,"Virginia Beach city, Virginia",65023,2741
0500000US53005,53005,"Benton County, Washington",58908,4316
0500000US53007,53007,"Chelan County, Washington",52083,3604
0500000US53009,53009,"Clallam County, Washington",44698,4489
0500000US53011,53011,"Clark County, Washington",56763,2567
0500000US53015,53015,"Cowlitz County, Washington",46505,3498
0500000US53021,53021,"Franklin County, Washington",54482,11019
0500000US53025,53025,"Grant County, Washington",51795,5167
0500000US53027,53027,"Grays Harbor County, Washington",36636,3220
0500000US53029,53029,"Island County, Washington",56705,5160
0500000US53033,53033,"King County, Washington",72617,1393
0500000US53035,53035,"Kitsap County, Washington",61575,2746
0500000US53041,53041,"Lewis County, Washington",43089,4126
0500000US53053,53053,"Pierce County, Washington",58141,1275
0500000US53057,53057,"Skagit County, Washington",57120,2466
0500000US53061,53061,"Snohomish County, Washington",67076,2033
0500000US53063,53063,"Spokane County, Washington",45811,2519
0500000US53067,53067,"Thurston County, Washington",57375,2375
0500000US53073,53073,"Whatcom County, Washington",46896,3226
0500000US53077,53077,"Yakima County, Washington",47904,3806
0500000US54003,54003,"Berkeley County, West Virginia",53839,3448
0500000US54011,54011,"Cabell County, West Virginia",37097,3177
0500000US54033,54033,"Harrison County, West Virginia",41157,3203
0500000US54039,54039,"Kanawha County, West Virginia",42737,1959
0500000US54061,54061,"Monongalia County, West Virginia",32324,3157
0500000US54081,54081,"Raleigh County, West Virginia",34896,6648
0500000US54107,54107,"Wood County, West Virginia",39938,3301
0500000US55009,55009,"Brown County, Wisconsin",51587,2446
0500000US55025,55025,"Dane County, Wisconsin",61483,1895
0500000US55027,55027,"Dodge County, Wisconsin",49693,2498
0500000US55035,55035,"Eau Claire County, Wisconsin",43844,3701
0500000US55039,55039,"Fond du Lac County, Wisconsin",50661,1827
0500000US55055,55055,"Jefferson County, Wisconsin",53107,2964
0500000US55059,55059,"Kenosha County, Wisconsin",55972,3486
0500000US55063,55063,"La Crosse County, Wisconsin",50313,2798
0500000US55071,55071,"Manitowoc County, Wisconsin",48591,3125
0500000US55073,55073,"Marathon County, Wisconsin",49919,2786
0500000US55079,55079,"Milwaukee County, Wisconsin",50551,1537
0500000US55087,55087,"Outagamie County, Wisconsin",55529,1788
0500000US55089,55089,"Ozaukee County, Wisconsin",72361,4011
0500000US55097,55097,"Portage County, Wisconsin",50829,2322
0500000US55101,55101,"Racine County, Wisconsin",57102,2907
0500000US55105,55105,"Rock County, Wisconsin",52088,2465
0500000US55109,55109,"St. Croix County, Wisconsin",64938,4161
0500000US55117,55117,"Sheboygan County, Wisconsin",53044,3548
0500000US55127,55127,"Walworth County, Wisconsin",50067,3216
0500000US55131,55131,"Washington County, Wisconsin",60816,2527
0500000US55133,55133,"Waukesha County, Wisconsin",72350,2266
0500000US55139,55139,"Winnebago County, Wisconsin",46801,2380
0500000US55141,55141,"Wood County, Wisconsin",45255,1893
0500000US56021,56021,"Laramie County, Wyoming",53294,5138
0500000US56025,56025,"Natrona County, Wyoming",57175,3707
