GEO.id,GEO.id2,GEO.display-label,HD01_VD01,HD02_VD01
Id,Id2,Geography,Estimate; Median household income in the past 12 months (in 2011 inflation-adjusted dollars),Margin of Error; Median household income in the past 12 months (in 2011 inflation-adjusted dollars)
0500000US01003,01003,"Baldwin County, Alabama",53639,6302
0500000US01015,01015,"Calhoun County, Alabama",40730,3878
0500000US01043,01043,"Cullman County, Alabama",40318,5908
0500000US01049,01049,"DeKalb County, Alabama",37034,2741
0500000US01051,01051,"Elmore County, Alabama",60542,4706
0500000US01055,01055,"Etowah County, Alabama",37695,4827
0500000US01069,01069,"Houston County, Alabama",49606,2703
0500000US01073,01073,"Jefferson County, Alabama",56181,1658
0500000US01077,01077,"Lauderdale County, Alabama",42339,3694
0500000US01081,01081,"Lee County, Alabama",44497,2640
0500000US01083,01083,"Limestone County, Alabama",50347,4869
0500000US01089,01089,"Madison County, Alabama",63899,4016
0500000US01095,01095,"Marshall County, Alabama",41345,3523
0500000US01097,01097,"Mobile County, Alabama",52187,2228
0500000US01101,01101,"Montgomery County, Alabama",59499,4460
0500000US01103,01103,"Morgan County, Alabama",46533,3979
0500000US01115,01115,"St. Clair County, Alabama",46488,8421
0500000US01117,01117,"Shelby County, Alabama",71988,4824
0500000US01121,01121,"Talladega County, Alabama",34438,5583
0500000US01125,01125,"Tuscaloosa County, Alabama",51092,4034
0500000US01127,01127,"Walker County, Alabama",34884,3041
0500000US02020,02020,"Anchorage Municipality, Alaska",81564,4502
0500000US02090,02090,"Fairbanks North Star Borough, Alaska",67589,6491
0500000US02170,02170,"Matanuska-Susitna Borough, Alaska",67497,4898
0500000US04001,04001,"Apache County, Arizona",37531,11596
0500000US04003,04003,"Cochise County, Arizona",44601,3985
0500000US04005,04005,"Coconino County, Arizona",51633,4469
0500000US04013,04013,"Maricopa County, Arizona",58321,1400
0500000US04015,04015,"Mohave County, Arizona",36526,3258
0500000US04017,04017,"Navajo County, Arizona",40442,7703
0500000US04019,04019,"Pima County, Arizona",49790,1710
0500000US04021,04021,"Pinal County, Arizona",46287,2770
0500000US04025,04025,"Yavapai County, Arizona",42429,6740
0500000US04027,04027,"Yuma County, Arizona",46052,7857
0500000US05007,05007,"Benton County, Arkansas",53403,3303
0500000US05031,05031,"Craighead County, Arkansas",44281,6011
0500000US05045,05045,"Faulkner County, Arkansas",52664,4277
0500000US05051,05051,"Garland County, Arkansas",36585,4940
0500000US05069,05069,"Jefferson County, Arkansas",48727,6097
0500000US05085,05085,"Lonoke County, Arkansas",52045,7105
0500000US05119,05119,"Pulaski County, Arkansas",56768,2995
0500000US05125,05125,"Saline County, Arkansas",56442,4207
0500000US05131,05131,"Sebastian County, Arkansas",40266,4093
0500000US05143,05143,"Washington County, Arkansas",39549,4174
0500000US05145,05145,"White County, Arkansas",45682,4365
0500000US06001,06001,"Alameda County, California",81710,2699
0500000US06007,06007,"Butte County, California",42549,4365
0500000US06013,06013,"Contra Costa County, California",86358,4407
0500000US06017,06017,"El Dorado County, California",63266,4421
0500000US06019,06019,"Fresno County, California",56751,2856
0500000US06023,06023,"Humboldt County, California",42985,3670
0500000US06025,06025,"Imperial County, California",64581,6173
0500000US06029,06029,"Kern County, California",53142,3314
0500000US06031,06031,"Kings County, California",69087,9847
0500000US06033,06033,"Lake County, California",39710,6399
0500000US06037,06037,"Los Angeles County, California",69112,1481
0500000US06039,06039,"Madera County, California",51256,3013
0500000US06041,06041,"Marin County, California",84757,5515
0500000US06045,06045,"Mendocino County, California",47817,5890
0500000US06047,06047,"Merced County, California",47454,6558
0500000US06053,06053,"Monterey County, California",66125,3589
0500000US06055,06055,"Napa County, California",71261,4998
0500000US06057,06057,"Nevada County, California",54409,4755
0500000US06059,06059,"Orange County, California",80715,1491
0500000US06061,06061,"Placer County, California",70252,3709
0500000US06065,06065,"Riverside County, California",60078,2341
0500000US06067,06067,"Sacramento County, California",58586,2787
0500000US06071,06071,"San Bernardino County, California",55422,2305
0500000US06073,06073,"San Diego County, California",67742,1621
0500000US06075,06075,"San Francisco County, California",91468,4347
0500000US06077,06077,"San Joaquin County, California",60269,3451
0500000US06079,06079,"San Luis Obispo County, California",58153,3758
0500000US06081,06081,"San Mateo County, California",93239,5332
0500000US06083,06083,"Santa Barbara County, California",69286,5091
0500000US06085,06085,"Santa Clara County, California",94084,2922
0500000US06087,06087,"Santa Cruz County, California",70859,5338
0500000US06089,06089,"Shasta County, California",43911,4087
0500000US06095,06095,"Solano County, California",70439,3730
0500000US06097,06097,"Sonoma County, California",63290,3932
0500000US06099,06099,"Stanislaus County, California",51384,3373
0500000US06101,06101,"Sutter County, California",54781,5372
0500000US06107,06107,"Tulare County, California",53725,6520
0500000US06111,06111,"Ventura County, California",85054,2544
0500000US06113,06113,"Yolo County, California",60715,6056
0500000US06115,06115,"Yuba County, California",44520,2020
0500000US08001,08001,"Adams County, Colorado",57223,4439
0500000US08005,08005,"Arapahoe County, Colorado",62741,2929
0500000US08013,08013,"Boulder County, Colorado",73247,3779
0500000US08031,08031,"Denver County, Colorado",56970,2129
0500000US08035,08035,"Douglas County, Colorado",95005,3909
0500000US08041,08041,"El Paso County, Colorado",59245,2583
0500000US08059,08059,"Jefferson County, Colorado",69098,2434
0500000US08069,08069,"Larimer County, Colorado",57127,2382
0500000US08077,08077,"Mesa County, Colorado",47806,3442
0500000US08101,08101,"Pueblo County, Colorado",47815,3766
0500000US08123,08123,"Weld County, Colorado",55121,3959
0500000US09001,09001,"Fairfield County, Connecticut",93479,3649
0500000US09003,09003,"Hartford County, Connecticut",70700,1965
0500000US09005,09005,"Litchfield County, Connecticut",68845,3801
0500000US09007,09007,"Middlesex County, Connecticut",79092,6020
0500000US09009,09009,"New Haven County, Connecticut",67894,2269
0500000US09011,09011,"New London County, Connecticut",68693,5127
0500000US09013,09013,"Tolland County, Connecticut",79083,4300
0500000US09015,09015,"Windham County, Connecticut",58883,4882
0500000US10001,10001,"Kent County, Delaware",56920,4763
0500000US10003,10003,"New Castle County, Delaware",72484,2612
0500000US10005,10005,"Sussex County, Delaware",55872,2621
0500000US11001,11001,"District of Columbia, District of Columbia",107679,4592
0500000US12001,12001,"Alachua County, Florida",49763,4668
0500000US12005,12005,"Bay County, Florida",47409,4609
0500000US12009,12009,"Brevard County, Florida",48794,2740
0500000US12011,12011,"Broward County, Florida",54349,2375
0500000US12015,12015,"Charlotte County, Florida",43000,4386
0500000US12017,12017,"Citrus County, Florida",34667,3201
0500000US12019,12019,"Clay County, Florida",55556,3985
0500000US12021,12021,"Collier County, Florida",56967,4179
0500000US12023,12023,"Columbia County, Florida",38917,5634
0500000US12031,12031,"Duval County, Florida",53985,2821
0500000US12033,12033,"Escambia County, Florida",45700,4012
0500000US12035,12035,"Flagler County, Florida",53287,7246
0500000US12053,12053,"Hernando County, Florida",41572,3140
0500000US12055,12055,"Highlands County, Florida",34198,2824
0500000US12057,12057,"Hillsborough County, Florida",55521,1654
0500000US12061,12061,"Indian River County, Florida",43095,4785
0500000US12069,12069,"Lake County, Florida",46478,2678
0500000US12071,12071,"Lee County, Florida",48322,2242
0500000US12073,12073,"Leon County, Florida",59187,5475
0500000US12081,12081,"Manatee County, Florida",45676,1843
0500000US12083,12083,"Marion County, Florida",38490,2165
0500000US12085,12085,"Martin County, Florida",54382,3414
0500000US12086,12086,"Miami-Dade County, Florida",61639,1635
0500000US12087,12087,"Monroe County, Florida",56351,5339
0500000US12089,12089,"Nassau County, Florida",54831,4338
0500000US12091,12091,"Okaloosa County, Florida",54985,3565
0500000US12095,12095,"Orange County, Florida",53320,2668
0500000US12097,12097,"Osceola County, Florida",49439,5638
0500000US12099,12099,"Palm Beach County, Florida",54622,1509
0500000US12101,12101,"Pasco County, Florida",39564,2063
0500000US12103,12103,"Pinellas County, Florida",45500,1350
0500000US12105,12105,"Polk County, Florida",42769,2559
0500000US12107,12107,"Putnam County, Florida",31469,2537
0500000US12109,12109,"St. Johns County, Florida",64126,4532
0500000US12111,12111,"St. Lucie County, Florida",45046,2826
0500000US12113,12113,"Santa Rosa County, Florida",55071,5356
0500000US12115,12115,"Sarasota County, Florida",48894,3351
0500000US12117,12117,"Seminole County, Florida",58620,2920
0500000US12119,12119,"Sumter County, Florida",44351,5512
0500000US12127,12127,"Volusia County, Florida",41022,1208
0500000US13013,13013,"Barrow County, Georgia",54931,8678
0500000US13015,13015,"Bartow County, Georgia",46458,5136
0500000US13021,13021,"Bibb County, Georgia",47962,6316
0500000US13031,13031,"Bulloch County, Georgia",40338,4937
0500000US13045,13045,"Carroll County, Georgia",47824,6101
0500000US13051,13051,"Chatham County, Georgia",51000,2801
0500000US13057,13057,"Cherokee County, Georgia",66500,5912
0500000US13059,13059,"Clarke County, Georgia",39404,5419
0500000US13063,13063,"Clayton County, Georgia",35575,6276
0500000US13067,13067,"Cobb County, Georgia",71589,3720
0500000US13073,13073,"Columbia County, Georgia",66043,5673
0500000US13077,13077,"Coweta County, Georgia",63550,6569
0500000US13089,13089,"DeKalb County, Georgia",71573,5239
0500000US13095,13095,"Dougherty County, Georgia",41814,8203
0500000US13097,13097,"Douglas County, Georgia",54015,4769
0500000US13113,13113,"Fayette County, Georgia",74036,3885
0500000US13115,13115,"Floyd County, Georgia",45308,3680
0500000US13117,13117,"Forsyth County, Georgia",82422,8434
0500000US13121,13121,"Fulton County, Georgia",82873,5562
0500000US13127,13127,"Glynn County, Georgia",54332,8891
0500000US13135,13135,"Gwinnett County, Georgia",69136,4288
0500000US13139,13139,"Hall County, Georgia",55540,3777
0500000US13151,13151,"Henry County, Georgia",58882,5046
0500000US13153,13153,"Houston County, Georgia",54717,5202
0500000US13179,13179,"Liberty County, Georgia",50752,4976
0500000US13185,13185,"Lowndes County, Georgia",44063,4161
0500000US13215,13215,"Muscogee County, Georgia",48598,3834
0500000US13217,13217,"Newton County, Georgia",52428,8144
0500000US13223,13223,"Paulding County, Georgia",58896,3094
0500000US13245,13245,"Richmond County, Georgia",44555,5752
0500000US13247,13247,"Rockdale County, Georgia",50355,2701
0500000US13285,13285,"Troup County, Georgia",50074,6406
0500000US13295,13295,"Walker County, Georgia",38225,4716
0500000US13297,13297,"Walton County, Georgia",52881,7349
0500000US13313,13313,"Whitfield County, Georgia",40135,4756
0500000US15001,15001,"Hawaii County, Hawaii",48493,3768
0500000US15003,15003,"Honolulu County, Hawaii",67121,4394
0500000US15007,15007,"Kauai County, Hawaii",60458,12678
0500000US15009,15009,"Maui County, Hawaii",54698,5187
0500000US16001,16001,"Ada County, Idaho",51360,2453
0500000US16005,16005,"Bannock County, Idaho",41239,3177
0500000US16019,16019,"Bonneville County, Idaho",46981,4694
0500000US16027,16027,"Canyon County, Idaho",39608,2119
0500000US16055,16055,"Kootenai County, Idaho",48008,4220
0500000US16083,16083,"Twin Falls County, Idaho",44580,3672
0500000US17001,17001,"Adams County, Illinois",43913,3174
0500000US17019,17019,"Champaign County, Illinois",48780,5475
0500000US17031,17031,"Cook County, Illinois",64027,1366
0500000US17037,17037,"DeKalb County, Illinois",55397,2725
0500000US17043,17043,"DuPage County, Illinois",78251,2475
0500000US17089,17089,"Kane County, Illinois",77943,4456
0500000US17091,17091,"Kankakee County, Illinois",47358,5031
0500000US17093,17093,"Kendall County, Illinois",83582,8589
0500000US17097,17097,"Lake County, Illinois",83652,2847
0500000US17099,17099,"LaSalle County, Illinois",50180,3642
0500000US17111,17111,"McHenry County, Illinois",71472,3107
0500000US17113,17113,"McLean County, Illinois",61596,4198
0500000US17115,17115,"Macon County, Illinois",48648,3148
0500000US17119,17119,"Madison County, Illinois",52262,2872
0500000US17143,17143,"Peoria County, Illinois",53822,4111
0500000US17161,17161,"Rock Island County, Illinois",45656,2448
0500000US17163,17163,"St. Clair County, Illinois",59732,4372
0500000US17167,17167,"Sangamon County, Illinois",54694,3089
0500000US17179,17179,"Tazewell County, Illinois",50064,2250
0500000US17183,17183,"Vermilion County, Illinois",44558,3592
0500000US17197,17197,"Will County, Illinois",76722,2657
0500000US17199,17199,"Williamson County, Illinois",40977,4713
0500000US17201,17201,"Winnebago County, Illinois",48164,2716
0500000US18003,18003,"Allen County, Indiana",51025,1703
0500000US18005,18005,"Bartholomew County, Indiana",52389,5974
0500000US18019,18019,"Clark County, Indiana",54368,5363
0500000US18035,18035,"Delaware County, Indiana",40457,2424
0500000US18039,18039,"Elkhart County, Indiana",49790,5089
0500000US18043,18043,"Floyd County, Indiana",51497,3640
0500000US18053,18053,"Grant County, Indiana",40819,2826
0500000US18057,18057,"Hamilton County, Indiana",81663,7074
0500000US18059,18059,"Hancock County, Indiana",58734,6351
0500000US18063,18063,"Hendricks County, Indiana",61420,4997
0500000US18067,18067,"Howard County, Indiana",38787,4030
0500000US18081,18081,"Johnson County, Indiana",62122,5890
0500000US18085,18085,"Kosciusko County, Indiana",51343,2006
0500000US18089,18089,"Lake County, Indiana",57468,3201
0500000US18091,18091,"LaPorte County, Indiana",51089,4084
0500000US18095,18095,"Madison County, Indiana",44608,2856
0500000US18097,18097,"Marion County, Indiana",47577,1684
0500000US18105,18105,"Monroe County, Indiana",41041,3434
0500000US18109,18109,"Morgan County, Indiana",52763,7068
0500000US18127,18127,"Porter County, Indiana",63851,5411
0500000US18141,18141,"St. Joseph County, Indiana",48419,2200
0500000US18157,18157,"Tippecanoe County, Indiana",45263,2990
0500000US18163,18163,"Vanderburgh County, Indiana",45985,2501
0500000US18167,18167,"Vigo County, Indiana",41412,5037
0500000US18177,18177,"Wayne County, Indiana",37728,3085
0500000US19013,19013,"Black Hawk County, Iowa",45119,2873
0500000US19049,19049,"Dallas County, Iowa",68465,8234
0500000US19061,19061,"Dubuque County, Iowa",53717,3771
0500000US19103,19103,"Johnson County, Iowa",55658,3170
0500000US19113,19113,"Linn County, Iowa",57252,2579
0500000US19153,19153,"Polk County, Iowa",60051,3148
0500000US19155,19155,"Pottawattamie County, Iowa",49521,5140
0500000US19163,19163,"Scott County, Iowa",51912,1871
0500000US19169,19169,"Story County, Iowa",48020,3498
0500000US19193,19193,"Woodbury County, Iowa",44810,5001
0500000US20015,20015,"Butler County, Kansas",53353,3311
0500000US20045,20045,"Douglas County, Kansas",50464,4886
0500000US20091,20091,"Johnson County, Kansas",72360,2684
0500000US20103,20103,"Leavenworth County, Kansas",60925,5542
0500000US20161,20161,"Riley County, Kansas",43256,4922
0500000US20173,20173,"Sedgwick County, Kansas",52796,2541
0500000US20177,20177,"Shawnee County, Kansas",46848,3394
0500000US20209,20209,"Wyandotte County, Kansas",46791,2657
0500000US21015,21015,"Boone County, Kentucky",64047,4674
0500000US21029,21029,"Bullitt County, Kentucky",49359,5334
0500000US21037,21037,"Campbell County, Kentucky",55133,2467
0500000US21047,21047,"Christian County, Kentucky",39483,4880
0500000US21059,21059,"Daviess County, Kentucky",45690,5888
0500000US21067,21067,"Fayette County, Kentucky",52887,3166
0500000US21093,21093,"Hardin County, Kentucky",48190,3301
0500000US21111,21111,"Jefferson County, Kentucky",51265,1667
0500000US21117,21117,"Kenton County, Kentucky",50800,3246
0500000US21145,21145,"McCracken County, Kentucky",47262,2948
0500000US21151,21151,"Madison County, Kentucky",40334,3740
0500000US21195,21195,"Pike County, Kentucky",32883,3731
0500000US21227,21227,"Warren County, Kentucky",39551,4235
0500000US22005,22005,"Ascension Parish, Louisiana",69797,6780
0500000US22015,22015,"Bossier Parish, Louisiana",60301,6774
0500000US22017,22017,"Caddo Parish, Louisiana",56200,2481
0500000US22019,22019,"Calcasieu Parish, Louisiana",46105,6078
0500000US22033,22033,"East Baton Rouge Parish, Louisiana",64113,3516
0500000US22045,22045,"Iberia Parish, Louisiana",52731,6899
0500000US22051,22051,"Jefferson Parish, Louisiana",50366,2421
0500000US22055,22055,"Lafayette Parish, Louisiana",53537,3916
0500000US22057,22057,"Lafourche Parish, Louisiana",50484,3100
0500000US22063,22063,"Livingston Parish, Louisiana",56476,6611
0500000US22071,22071,"Orleans Parish, Louisiana",61556,3130
0500000US22073,22073,"Ouachita Parish, Louisiana",48455,7526
0500000US22079,22079,"Rapides Parish, Louisiana",39577,5279
0500000US22097,22097,"St. Landry Parish, Louisiana",45938,7755
0500000US22103,22103,"St. Tammany Parish, Louisiana",60907,5434
0500000US22105,22105,"Tangipahoa Parish, Louisiana",45822,5180
0500000US22109,22109,"Terrebonne Parish, Louisiana",49350,4848
0500000US23001,23001,"Androscoggin County, Maine",45840,3966
0500000US23003,23003,"Aroostook County, Maine",35630,2465
0500000US23005,23005,"Cumberland County, Maine",57097,3590
0500000US23011,23011,"Kennebec County, Maine",45604,5030
0500000US23019,23019,"Penobscot County, Maine",41275,3214
0500000US23031,23031,"York County, Maine",57277,3544
0500000US24001,24001,"Allegany County, Maryland",39845,3198
0500000US24003,24003,"Anne Arundel County, Maryland",90922,3625
0500000US24005,24005,"Baltimore County, Maryland",67357,1900
0500000US24009,24009,"Calvert County, Maryland",94665,11782
0500000US24013,24013,"Carroll County, Maryland",84552,4140
0500000US24015,24015,"Cecil County, Maryland",66352,9042
0500000US24017,24017,"Charles County, Maryland",98849,6406
0500000US24021,24021,"Frederick County, Maryland",80830,3023
0500000US24025,24025,"Harford County, Maryland",80334,3821
0500000US24027,24027,"Howard County, Maryland",113259,7846
0500000US24031,24031,"Montgomery County, Maryland",113040,2668
0500000US24033,24033,"Prince George's County, Maryland",75739,5353
0500000US24037,24037,"St. Mary's County, Maryland",85705,6292
0500000US24043,24043,"Washington County, Maryland",55197,3401
0500000US24045,24045,"Wicomico County, Maryland",54998,7173
0500000US24510,24510,"Baltimore city, Maryland",55575,3509
0500000US25001,25001,"Barnstable County, Massachusetts",57953,4122
0500000US25003,25003,"Berkshire County, Massachusetts",42756,2636
0500000US25005,25005,"Bristol County, Massachusetts",56335,2917
0500000US25009,25009,"Essex County, Massachusetts",71963,2473
0500000US25011,25011,"Franklin County, Massachusetts",50872,3104
0500000US25013,25013,"Hampden County, Massachusetts",58707,2888
0500000US25015,25015,"Hampshire County, Massachusetts",56846,4073
0500000US25017,25017,"Middlesex County, Massachusetts",80788,1618
0500000US25021,25021,"Norfolk County, Massachusetts",82271,2754
0500000US25023,25023,"Plymouth County, Massachusetts",72925,3926
0500000US25025,25025,"Suffolk County, Massachusetts",64284,3303
0500000US25027,25027,"Worcester County, Massachusetts",64786,2237
0500000US26005,26005,"Allegan County, Michigan",51692,2632
0500000US26017,26017,"Bay County, Michigan",45179,3705
0500000US26021,26021,"Berrien County, Michigan",46862,3204
0500000US26025,26025,"Calhoun County, Michigan",40980,2365
0500000US26037,26037,"Clinton County, Michigan",58307,3488
0500000US26045,26045,"Eaton County, Michigan",50992,2823
0500000US26049,26049,"Genesee County, Michigan",44969,2440
0500000US26055,26055,"Grand Traverse County, Michigan",46131,3445
0500000US26065,26065,"Ingham County, Michigan",45473,2827
0500000US26073,26073,"Isabella County, Michigan",36525,1714
0500000US26075,26075,"Jackson County, Michigan",45190,3880
0500000US26077,26077,"Kalamazoo County, Michigan",49325,2777
0500000US26081,26081,"Kent County, Michigan",55398,2205
0500000US26087,26087,"Lapeer County, Michigan",50536,3425
0500000US26091,26091,"Lenawee County, Michigan",46517,2696
0500000US26093,26093,"Livingston County, Michigan",68071,4016
0500000US26099,26099,"Macomb County, Michigan",53817,1730
0500000US26103,26103,"Marquette County, Michigan",41404,2150
0500000US26111,26111,"Midland County, Michigan",51421,5122
0500000US26115,26115,"Monroe County, Michigan",53311,3151
0500000US26121,26121,"Muskegon County, Michigan",41590,2896
0500000US26125,26125,"Oakland County, Michigan",65414,1793
0500000US26139,26139,"Ottawa County, Michigan",55302,2669
0500000US26145,26145,"Saginaw County, Michigan",44649,2069
0500000US26147,26147,"St. Clair County, Michigan",47148,2722
0500000US26155,26155,"Shiawassee County, Michigan",48274,3175
0500000US26159,26159,"Van Buren County, Michigan",45066,4379
0500000US26161,26161,"Washtenaw County, Michigan",63532,2943
0500000US26163,26163,"Wayne County, Michigan",51424,930
0500000US27003,27003,"Anoka County, Minnesota",64603,2217
0500000US27019,27019,"Carver County, Minnesota",84673,7001
0500000US27037,27037,"Dakota County, Minnesota",72845,2406
0500000US27053,27053,"Hennepin County, Minnesota",67478,1682
0500000US27109,27109,"Olmsted County, Minnesota",70950,2888
0500000US27123,27123,"Ramsey County, Minnesota",59172,2465
0500000US27137,27137,"St. Louis County, Minnesota",45603,2352
0500000US27139,27139,"Scott County, Minnesota",81808,3921
0500000US27141,27141,"Sherburne County, Minnesota",68699,7073
0500000US27145,27145,"Stearns County, Minnesota",53972,3778
0500000US27163,27163,"Washington County, Minnesota",77684,3024
0500000US27171,27171,"Wright County, Minnesota",68452,4515
0500000US28033,28033,"DeSoto County, Mississippi",59002,4137
0500000US28035,28035,"Forrest County, Mississippi",42320,4612
0500000US28047,28047,"Harrison County, Mississippi",46084,7246
0500000US28049,28049,"Hinds County, Mississippi",54801,6677
0500000US28059,28059,"Jackson County, Mississippi",52462,3340
0500000US28067,28067,"Jones County, Mississippi",43921,4288
0500000US28075,28075,"Lauderdale County, Mississippi",55796,11520
0500000US28081,28081,"Lee County, Mississippi",49546,5891
0500000US28089,28089,"Madison County, Mississippi",69113,13864
0500000US28121,28121,"Rankin County, Mississippi",66076,4341
0500000US29019,29019,"Boone County, Missouri",47679,3636
0500000US29021,29021,"Buchanan County, Missouri",46104,3179
0500000US29031,29031,"Cape Girardeau County, Missouri",43291,4411
0500000US29037,29037,"Cass County, Missouri",53864,2837
0500000US29043,29043,"Christian County, Missouri",50000,6675
0500000US29047,29047,"Clay County, Missouri",60799,4424
0500000US29051,29051,"Cole County, Missouri",59514,6361
0500000US29071,29071,"Franklin County, Missouri",46044,4363
0500000US29077,29077,"Greene County, Missouri",41521,2279
0500000US29095,29095,"Jackson County, Missouri",51855,1562
0500000US29097,29097,"Jasper County, Missouri",40721,2873
0500000US29099,29099,"Jefferson County, Missouri",50624,1885
0500000US29165,29165,"Platte County, Missouri",64664,5981
0500000US29183,29183,"St. Charles County, Missouri",66590,3060
0500000US29187,29187,"St. Francois County, Missouri",34816,3095
0500000US29189,29189,"St. Louis County, Missouri",63271,2655
0500000US29510,29510,"St. Louis city, Missouri",45994,2292
0500000US30013,30013,"Cascade County, Montana",43676,3326
0500000US30029,30029,"Flathead County, Montana",44328,3612
0500000US30031,30031,"Gallatin County, Montana",53152,6539
0500000US30063,30063,"Missoula County, Montana",44445,3494
0500000US30111,30111,"Yellowstone County, Montana",47523,2465
0500000US31055,31055,"Douglas County, Nebraska",59583,2301
0500000US31109,31109,"Lancaster County, Nebraska",51481,2142
0500000US31153,31153,"Sarpy County, Nebraska",66823,4021
0500000US32003,32003,"Clark County, Nevada",53768,1593
0500000US32031,32031,"Washoe County, Nevada",54600,2861
0500000US33005,33005,"Cheshire County, New Hampshire",54075,4380
0500000US33009,33009,"Grafton County, New Hampshire",52385,4781
0500000US33011,33011,"Hillsborough County, New Hampshire",68195,3134
0500000US33013,33013,"Merrimack County, New Hampshire",65502,4130
0500000US33015,33015,"Rockingham County, New Hampshire",76050,3642
0500000US33017,33017,"Strafford County, New Hampshire",54737,3925
0500000US34001,34001,"Atlantic County, New Jersey",56804,3824
0500000US34003,34003,"Bergen County, New Jersey",83577,3069
0500000US34005,34005,"Burlington County, New Jersey",76493,2611
0500000US34007,34007,"Camden County, New Jersey",70182,3411
0500000US34009,34009,"Cape May County, New Jersey",53805,2885
0500000US34011,34011,"Cumberland County, New Jersey",60997,8154
0500000US34013,34013,"Essex County, New Jersey",86489,5980
0500000US34015,34015,"Gloucester County, New Jersey",75578,5387
0500000US34017,34017,"Hudson County, New Jersey",74575,4413
0500000US34019,34019,"Hunterdon County, New Jersey",100819,5606
0500000US34021,34021,"Mercer County, New Jersey",87880,6643
0500000US34023,34023,"Middlesex County, New Jersey",74357,2979
0500000US34025,34025,"Monmouth County, New Jersey",83772,3529
0500000US34027,34027,"Morris County, New Jersey",92437,2699
0500000US34029,34029,"Ocean County, New Jersey",57217,2137
0500000US34031,34031,"Passaic County, New Jersey",73441,5234
0500000US34033,34033,"Salem County, New Jersey",59928,6214
0500000US34035,34035,"Somerset County, New Jersey",98273,5221
0500000US34037,34037,"Sussex County, New Jersey",82141,3534
0500000US34039,34039,"Union County, New Jersey",84657,3052
0500000US34041,34041,"Warren County, New Jersey",67836,5463
0500000US35001,35001,"Bernalillo County, New Mexico",54332,2548
0500000US35005,35005,"Chaves County, New Mexico",47046,7172
0500000US35013,35013,"Doña Ana County, New Mexico",54531,4984
0500000US35025,35025,"Lea County, New Mexico",61855,4007
0500000US35031,35031,"McKinley County, New Mexico",46875,18258
0500000US35035,35035,"Otero County, New Mexico",42301,8132
0500000US35043,35043,"Sandoval County, New Mexico",56778,8644
0500000US35045,35045,"San Juan County, New Mexico",62745,5610
0500000US35049,35049,"Santa Fe County, New Mexico",64004,8693
0500000US35061,35061,"Valencia County, New Mexico",45287,6936
0500000US36001,36001,"Albany County, New York",63041,2715
0500000US36005,36005,"Bronx County, New York",50717,3575
0500000US36007,36007,"Broome County, New York",46779,3373
0500000US36009,36009,"Cattaraugus County, New York",40320,2213
0500000US36011,36011,"Cayuga County, New York",48870,3519
0500000US36013,36013,"Chautauqua County, New York",41432,1309
0500000US36015,36015,"Chemung County, New York",50592,3288
0500000US36019,36019,"Clinton County, New York",51471,3945
0500000US36027,36027,"Dutchess County, New York",69706,3614
0500000US36029,36029,"Erie County, New York",53622,1743
0500000US36045,36045,"Jefferson County, New York",45547,2801
0500000US36047,36047,"Kings County, New York",54090,2059
0500000US36051,36051,"Livingston County, New York",51383,2696
0500000US36053,36053,"Madison County, New York",50325,3473
0500000US36055,36055,"Monroe County, New York",57973,2172
0500000US36059,36059,"Nassau County, New York",95792,2281
0500000US36061,36061,"New York County, New York",100162,3653
0500000US36063,36063,"Niagara County, New York",48295,3228
0500000US36065,36065,"Oneida County, New York",49458,2724
0500000US36067,36067,"Onondaga County, New York",59935,1911
0500000US36069,36069,"Ontario County, New York",53286,3055
0500000US36071,36071,"Orange County, New York",66186,3820
0500000US36075,36075,"Oswego County, New York",43469,3448
0500000US36079,36079,"Putnam County, New York",93778,9767
0500000US36081,36081,"Queens County, New York",60802,1358
0500000US36083,36083,"Rensselaer County, New York",61038,2759
0500000US36085,36085,"Richmond County, New York",75379,4048
0500000US36087,36087,"Rockland County, New York",84748,4472
0500000US36089,36089,"St. Lawrence County, New York",43534,2772
0500000US36091,36091,"Saratoga County, New York",64871,3416
0500000US36093,36093,"Schenectady County, New York",58342,3696
0500000US36101,36101,"Steuben County, New York",44017,2677
0500000US36103,36103,"Suffolk County, New York",87943,2222
0500000US36105,36105,"Sullivan County, New York",48430,4401
0500000US36109,36109,"Tompkins County, New York",59415,6468
0500000US36111,36111,"Ulster County, New York",56929,3932
0500000US36113,36113,"Warren County, New York",53801,4555
0500000US36117,36117,"Wayne County, New York",53580,4096
0500000US36119,36119,"Westchester County, New York",97096,4263
0500000US37001,37001,"Alamance County, North Carolina",46456,3991
0500000US37019,37019,"Brunswick County, North Carolina",42012,5542
0500000US37021,37021,"Buncombe County, North Carolina",42426,2149
0500000US37023,37023,"Burke County, North Carolina",39003,3507
0500000US37025,37025,"Cabarrus County, North Carolina",54565,5358
0500000US37027,37027,"Caldwell County, North Carolina",33959,2720
0500000US37031,37031,"Carteret County, North Carolina",45005,4863
0500000US37035,37035,"Catawba County, North Carolina",45431,2627
0500000US37045,37045,"Cleveland County, North Carolina",37722,3426
0500000US37049,37049,"Craven County, North Carolina",57469,5907
0500000US37051,37051,"Cumberland County, North Carolina",50759,2294
0500000US37057,37057,"Davidson County, North Carolina",42134,5942
0500000US37063,37063,"Durham County, North Carolina",60962,5475
0500000US37067,37067,"Forsyth County, North Carolina",55335,3401
0500000US37071,37071,"Gaston County, North Carolina",42926,3054
0500000US37081,37081,"Guilford County, North Carolina",55091,2758
0500000US37085,37085,"Harnett County, North Carolina",40578,5407
0500000US37089,37089,"Henderson County, North Carolina",48756,4456
0500000US37097,37097,"Iredell County, North Carolina",53842,5358
0500000US37101,37101,"Johnston County, North Carolina",54842,6225
0500000US37109,37109,"Lincoln County, North Carolina",54804,7119
0500000US37119,37119,"Mecklenburg County, North Carolina",70401,2372
0500000US37125,37125,"Moore County, North Carolina",48512,2916
0500000US37127,37127,"Nash County, North Carolina",55977,6513
0500000US37129,37129,"New Hanover County, North Carolina",52275,5053
0500000US37133,37133,"Onslow County, North Carolina",46543,3513
0500000US37135,37135,"Orange County, North Carolina",69741,7285
0500000US37147,37147,"Pitt County, North Carolina",49094,7107
0500000US37151,37151,"Randolph County, North Carolina",43315,4254
0500000US37155,37155,"Robeson County, North Carolina",36754,4682
0500000US37157,37157,"Rockingham County, North Carolina",36824,2647
0500000US37159,37159,"Rowan County, North Carolina",45112,2557
0500000US37161,37161,"Rutherford County, North Carolina",40317,7062
0500000US37171,37171,"Surry County, North Carolina",33442,4681
0500000US37179,37179,"Union County, North Carolina",62720,3430
0500000US37183,37183,"Wake County, North Carolina",74150,3215
0500000US37191,37191,"Wayne County, North Carolina",42065,5380
0500000US37193,37193,"Wilkes County, North Carolina",31428,6616
0500000US37195,37195,"Wilson County, North Carolina",47473,6324
0500000US38015,38015,"Burleigh County, North Dakota",59652,4733
0500000US38017,38017,"Cass County, North Dakota",53342,3309
0500000US38035,38035,"Grand Forks County, North Dakota",46499,4395
0500000US39003,39003,"Allen County, Ohio",44039,3151
0500000US39007,39007,"Ashtabula County, Ohio",39356,3076
0500000US39013,39013,"Belmont County, Ohio",41079,2064
0500000US39017,39017,"Butler County, Ohio",54741,2205
0500000US39023,39023,"Clark County, Ohio",43162,2382
0500000US39025,39025,"Clermont County, Ohio",55580,4954
0500000US39029,39029,"Columbiana County, Ohio",44697,3745
0500000US39035,39035,"Cuyahoga County, Ohio",51474,1168
0500000US39041,39041,"Delaware County, Ohio",83565,5856
0500000US39043,39043,"Erie County, Ohio",49799,4445
0500000US39045,39045,"Fairfield County, Ohio",59134,3335
0500000US39049,39049,"Franklin County, Ohio",55809,1679
0500000US39055,39055,"Geauga County, Ohio",65611,7573
0500000US39057,39057,"Greene County, Ohio",57923,3446
0500000US39061,39061,"Hamilton County, Ohio",58028,2115
0500000US39063,39063,"Hancock County, Ohio",47397,3749
0500000US39081,39081,"Jefferson County, Ohio",42129,2572
0500000US39085,39085,"Lake County, Ohio",54592,2504
0500000US39089,39089,"Licking County, Ohio",54938,3504
0500000US39093,39093,"Lorain County, Ohio",52140,2665
0500000US39095,39095,"Lucas County, Ohio",44585,1921
0500000US39099,39099,"Mahoning County, Ohio",42828,1606
0500000US39101,39101,"Marion County, Ohio",41569,4859
0500000US39103,39103,"Medina County, Ohio",59934,2809
0500000US39109,39109,"Miami County, Ohio",46978,4152
0500000US39113,39113,"Montgomery County, Ohio",47192,2177
0500000US39119,39119,"Muskingum County, Ohio",39143,2674
0500000US39133,39133,"Portage County, Ohio",50763,1977
0500000US39139,39139,"Richland County, Ohio",40413,1997
0500000US39141,39141,"Ross County, Ohio",45525,5040
0500000US39145,39145,"Scioto County, Ohio",29449,2533
0500000US39151,39151,"Stark County, Ohio",43759,2222
0500000US39153,39153,"Summit County, Ohio",50712,1570
0500000US39155,39155,"Trumbull County, Ohio",42452,1709
0500000US39157,39157,"Tuscarawas County, Ohio",43018,3983
0500000US39165,39165,"Warren County, Ohio",67648,3976
0500000US39169,39169,"Wayne County, Ohio",46711,3018
0500000US39173,39173,"Wood County, Ohio",48744,3098
0500000US40017,40017,"Canadian County, Oklahoma",58388,4963
0500000US40027,40027,"Cleveland County, Oklahoma",52414,2306
0500000US40031,40031,"Comanche County, Oklahoma",49444,4274
0500000US40037,40037,"Creek County, Oklahoma",41140,5435
0500000US40101,40101,"Muskogee County, Oklahoma",35539,3345
0500000US40109,40109,"Oklahoma County, Oklahoma",49917,1751
0500000US40119,40119,"Payne County, Oklahoma",38883,4292
0500000US40125,40125,"Pottawatomie County, Oklahoma",48244,2967
0500000US40131,40131,"Rogers County, Oklahoma",57350,4861
0500000US40143,40143,"Tulsa County, Oklahoma",50849,1255
0500000US40145,40145,"Wagoner County, Oklahoma",49776,7332
0500000US41003,41003,"Benton County, Oregon",45718,3747
0500000US41005,41005,"Clackamas County, Oregon",59684,2894
0500000US41017,41017,"Deschutes County, Oregon",47245,4872
0500000US41019,41019,"Douglas County, Oregon",39542,3471
0500000US41029,41029,"Jackson County, Oregon",40551,2571
0500000US41033,41033,"Josephine County, Oregon",37989,3332
0500000US41035,41035,"Klamath County, Oregon",38441,4021
0500000US41039,41039,"Lane County, Oregon",41167,1074
0500000US41043,41043,"Linn County, Oregon",43431,3745
0500000US41047,41047,"Marion County, Oregon",48102,2628
0500000US41051,41051,"Multnomah County, Oregon",50403,1652
0500000US41053,41053,"Polk County, Oregon",53817,6263
0500000US41059,41059,"Umatilla County, Oregon",50047,7340
0500000US41067,41067,"Washington County, Oregon",64588,2810
0500000US41071,41071,"Yamhill County, Oregon",54964,6324
0500000US42001,42001,"Adams County, Pennsylvania",55905,2069
0500000US42003,42003,"Allegheny County, Pennsylvania",53685,1090
0500000US42005,42005,"Armstrong County, Pennsylvania",42292,2926
0500000US42007,42007,"Beaver County, Pennsylvania",50773,2231
0500000US42011,42011,"Berks County, Pennsylvania",57114,2100
0500000US42013,42013,"Blair County, Pennsylvania",43223,2256
0500000US42017,42017,"Bucks County, Pennsylvania",71678,2276
0500000US42019,42019,"Butler County, Pennsylvania",55006,2426
0500000US42021,42021,"Cambria County, Pennsylvania",41301,2080
0500000US42025,42025,"Carbon County, Pennsylvania",45349,3925
0500000US42027,42027,"Centre County, Pennsylvania",49015,3983
0500000US42029,42029,"Chester County, Pennsylvania",82304,2395
0500000US42033,42033,"Clearfield County, Pennsylvania",42371,3301
0500000US42037,42037,"Columbia County, Pennsylvania",40573,3436
0500000US42039,42039,"Crawford County, Pennsylvania",41837,2306
0500000US42041,42041,"Cumberland County, Pennsylvania",60089,2211
0500000US42043,42043,"Dauphin County, Pennsylvania",58350,3051
0500000US42045,42045,"Delaware County, Pennsylvania",68040,3032
0500000US42049,42049,"Erie County, Pennsylvania",43878,1883
0500000US42051,42051,"Fayette County, Pennsylvania",37633,3336
0500000US42055,42055,"Franklin County, Pennsylvania",50584,3716
0500000US42063,42063,"Indiana County, Pennsylvania",43263,2848
0500000US42069,42069,"Lackawanna County, Pennsylvania",44794,1993
0500000US42071,42071,"Lancaster County, Pennsylvania",55972,1562
0500000US42073,42073,"Lawrence County, Pennsylvania",42282,2979
0500000US42075,42075,"Lebanon County, Pennsylvania",55200,3078
0500000US42077,42077,"Lehigh County, Pennsylvania",55768,2876
0500000US42079,42079,"Luzerne County, Pennsylvania",45023,1918
0500000US42081,42081,"Lycoming County, Pennsylvania",43836,3565
0500000US42085,42085,"Mercer County, Pennsylvania",42810,2240
0500000US42089,42089,"Monroe County, Pennsylvania",51946,4616
0500000US42091,42091,"Montgomery County, Pennsylvania",79947,2138
0500000US42095,42095,"Northampton County, Pennsylvania",60258,2748
0500000US42097,42097,"Northumberland County, Pennsylvania",40121,2408
0500000US42101,42101,"Philadelphia County, Pennsylvania",46731,1976
0500000US42107,42107,"Schuylkill County, Pennsylvania",47654,3167
0500000US42111,42111,"Somerset County, Pennsylvania",38568,3654
0500000US42125,42125,"Washington County, Pennsylvania",53512,2079
0500000US42129,42129,"Westmoreland County, Pennsylvania",47463,1987
0500000US42133,42133,"York County, Pennsylvania",57326,1692
0500000US44003,44003,"Kent County, Rhode Island",61245,3331
0500000US44005,44005,"Newport County, Rhode Island",70864,3033
0500000US44007,44007,"Providence County, Rhode Island",52898,2379
0500000US44009,44009,"Washington County, Rhode Island",70948,4272
0500000US45003,45003,"Aiken County, South Carolina",49850,4048
0500000US45007,45007,"Anderson County, South Carolina",42715,4490
0500000US45013,45013,"Beaufort County, South Carolina",66103,7769
0500000US45015,45015,"Berkeley County, South Carolina",58732,4639
0500000US45019,45019,"Charleston County, South Carolina",60915,3397
0500000US45031,45031,"Darlington County, South Carolina",49925,6711
0500000US45035,45035,"Dorchester County, South Carolina",56496,4419
0500000US45041,45041,"Florence County, South Carolina",48006,3398
0500000US45045,45045,"Greenville County, South Carolina",54719,2701
0500000US45047,45047,"Greenwood County, South Carolina",44742,6704
0500000US45051,45051,"Horry County, South Carolina",41592,2830
0500000US45057,45057,"Lancaster County, South Carolina",48172,4037
0500000US45059,45059,"Laurens County, South Carolina",36908,5219
0500000US45063,45063,"Lexington County, South Carolina",53025,3690
0500000US45073,45073,"Oconee County, South Carolina",43082,4518
0500000US45075,45075,"Orangeburg County, South Carolina",40248,6857
0500000US45077,45077,"Pickens County, South Carolina",41131,2919
0500000US45079,45079,"Richland County, South Carolina",54665,2914
0500000US45083,45083,"Spartanburg County, South Carolina",46202,3004
0500000US45085,45085,"Sumter County, South Carolina",50378,3798
0500000US45091,45091,"York County, South Carolina",58093,6014
0500000US46099,46099,"Minnehaha County, South Dakota",54762,4010
0500000US46103,46103,"Pennington County, South Dakota",52271,3173
0500000US47001,47001,"Anderson County, Tennessee",40188,2820
0500000US47009,47009,"Blount County, Tennessee",46252,2680
0500000US47011,47011,"Bradley County, Tennessee",38327,3326
0500000US47037,47037,"Davidson County, Tennessee",50917,1246
0500000US47059,47059,"Greene County, Tennessee",32189,2824
0500000US47065,47065,"Hamilton County, Tennessee",49785,2981
0500000US47093,47093,"Knox County, Tennessee",48875,2508
0500000US47113,47113,"Madison County, Tennessee",50308,7251
0500000US47119,47119,"Maury County, Tennessee",47740,7164
0500000US47125,47125,"Montgomery County, Tennessee",51814,6010
0500000US47141,47141,"Putnam County, Tennessee",32749,4576
0500000US47147,47147,"Robertson County, Tennessee",49480,2847
0500000US47149,47149,"Rutherford County, Tennessee",51801,3076
0500000US47155,47155,"Sevier County, Tennessee",42948,4833
0500000US47157,47157,"Shelby County, Tennessee",64819,3765
0500000US47163,47163,"Sullivan County, Tennessee",40154,3058
0500000US47165,47165,"Sumner County, Tennessee",53457,3782
0500000US47179,47179,"Washington County, Tennessee",41465,5264
0500000US47187,47187,"Williamson County, Tennessee",90682,7104
0500000US47189,47189,"Wilson County, Tennessee",62394,4987
0500000US48005,48005,"Angelina County, Texas",44228,5007
0500000US48021,48021,"Bastrop County, Texas",57482,8511
0500000US48027,48027,"Bell County, Texas",50500,5967
0500000US48029,48029,"Bexar County, Texas",61553,1850
0500000US48037,48037,"Bowie County, Texas",49557,5324
0500000US48039,48039,"Brazoria County, Texas",66063,5810
0500000US48041,48041,"Brazos County, Texas",37228,3297
0500000US48061,48061,"Cameron County, Texas",37457,6883
0500000US48085,48085,"Collin County, Texas",92721,3835
0500000US48091,48091,"Comal County, Texas",61570,8183
0500000US48099,48099,"Coryell County, Texas",51227,7915
0500000US48113,48113,"Dallas County, Texas",64120,1858
0500000US48121,48121,"Denton County, Texas",80355,4063
0500000US48135,48135,"Ector County, Texas",52159,7145
0500000US48139,48139,"Ellis County, Texas",71693,5872
0500000US48141,48141,"El Paso County, Texas",61210,2601
0500000US48157,48157,"Fort Bend County, Texas",92499,4350
0500000US48167,48167,"Galveston County, Texas",66655,5096
0500000US48181,48181,"Grayson County, Texas",48527,4861
0500000US48183,48183,"Gregg County, Texas",46250,3237
0500000US48187,48187,"Guadalupe County, Texas",65140,5883
0500000US48201,48201,"Harris County, Texas",75968,1734
0500000US48203,48203,"Harrison County, Texas",53236,5057
0500000US48209,48209,"Hays County, Texas",64938,10683
0500000US48213,48213,"Henderson County, Texas",41024,3820
0500000US48215,48215,"Hidalgo County, Texas",46647,6360
0500000US48231,48231,"Hunt County, Texas",51898,2913
0500000US48245,48245,"Jefferson County, Texas",53895,4062
0500000US48251,48251,"Johnson County, Texas",55011,3375
0500000US48257,48257,"Kaufman County, Texas",66047,3124
0500000US48291,48291,"Liberty County, Texas",50336,5416
0500000US48303,48303,"Lubbock County, Texas",48301,1919
0500000US48309,48309,"McLennan County, Texas",47621,2990
0500000US48329,48329,"Midland County, Texas",62581,5752
0500000US48339,48339,"Montgomery County, Texas",67745,7469
0500000US48347,48347,"Nacogdoches County, Texas",50387,6972
0500000US48355,48355,"Nueces County, Texas",54850,5965
0500000US48361,48361,"Orange County, Texas",46499,5066
0500000US48367,48367,"Parker County, Texas",71468,9286
0500000US48375,48375,"Potter County, Texas",44586,4857
0500000US48381,48381,"Randall County, Texas",59001,2529
0500000US48397,48397,"Rockwall County, Texas",89658,10022
0500000US48409,48409,"San Patricio County, Texas",62819,15027
0500000US48423,48423,"Smith County, Texas",51324,3575
0500000US48439,48439,"Tarrant County, Texas",65624,1470
0500000US48441,48441,"Taylor County, Texas",43251,4834
0500000US48451,48451,"Tom Green County, Texas",51118,4844
0500000US48453,48453,"Travis County, Texas",65117,2535
0500000US48469,48469,"Victoria County, Texas",51953,3033
0500000US48471,48471,"Walker County, Texas",51642,8757
0500000US48479,48479,"Webb County, Texas",53219,26309
0500000US48485,48485,"Wichita County, Texas",46266,1956
0500000US48491,48491,"Williamson County, Texas",75233,5579
0500000US49005,49005,"Cache County, Utah",47717,4871
0500000US49011,49011,"Davis County, Utah",71542,3138
0500000US49035,49035,"Salt Lake County, Utah",60335,1375
0500000US49049,49049,"Utah County, Utah",60608,1785
0500000US49053,49053,"Washington County, Utah",46439,2684
0500000US49057,49057,"Weber County, Utah",54350,3465
0500000US50007,50007,"Chittenden County, Vermont",64399,4579
0500000US51003,51003,"Albemarle County, Virginia",76211,9847
0500000US51013,51013,"Arlington County, Virginia",118480,9111
0500000US51015,51015,"Augusta County, Virginia",50521,8404
0500000US51019,51019,"Bedford County, Virginia",60559,5532
0500000US51041,51041,"Chesterfield County, Virginia",74820,3728
0500000US51059,51059,"Fairfax County, Virginia",123696,2677
0500000US51061,51061,"Fauquier County, Virginia",95602,14663
0500000US51069,51069,"Frederick County, Virginia",64722,8718
0500000US51085,51085,"Hanover County, Virginia",72802,6342
0500000US51087,51087,"Henrico County, Virginia",64674,3808
0500000US51095,51095,"James City County, Virginia",79646,6173
0500000US51107,51107,"Loudoun County, Virginia",127085,6040
0500000US51121,51121,"Montgomery County, Virginia",44871,8261
0500000US51153,51153,"Prince William County, Virginia",106323,5256
0500000US51161,51161,"Roanoke County, Virginia",62914,6069
0500000US51165,51165,"Rockingham County, Virginia",51181,3152
0500000US51177,51177,"Spotsylvania County, Virginia",86443,7455
0500000US51179,51179,"Stafford County, Virginia",94396,7638
0500000US51199,51199,"York County, Virginia",86576,8741
0500000US51510,51510,"Alexandria city, Virginia",108143,9367
0500000US51550,51550,"Chesapeake city, Virginia",75293,4403
0500000US51650,51650,"Hampton city, Virginia",57328,4164
0500000US51680,51680,"Lynchburg city, Virginia",43083,5736
0500000US51700,51700,"Newport News city, Virginia",58586,4463
0500000US51710,51710,"Norfolk city, Virginia",52126,2213
0500000US51740,51740,"Portsmouth city, Virginia",52638,5309
0500000US51760,51760,"Richmond city, Virginia",54139,5137
0500000US51770,51770,"Roanoke city, Virginia",42895,3907
0500000US51800,51800,"Suffolk city, Virginia",76266,15791
0500000US51810,51810,"Virginia Beach city, Virginia",69968,3357
0500000US53005,53005,"Benton County, Washington",65316,4098
0500000US53007,53007,"Chelan County, Washington",55406,5714
0500000US53009,53009,"Clallam County, Washington",50807,4041
0500000US53011,53011,"Clark County, Washington",58630,2106
0500000US53015,53015,"Cowlitz County, Washington",43115,3075
0500000US53021,53021,"Franklin County, Washington",71266,5633
0500000US53025,53025,"Grant County, Washington",51487,4319
0500000US53027,53027,"Grays Harbor County, Washington",42518,3625
0500000US53029,53029,"Island County, Washington",60198,6077
0500000US53033,53033,"King County, Washington",74401,1552
0500000US53035,53035,"Kitsap County, Washington",61877,1741
0500000US53041,53041,"Lewis County, Washington",42340,2827
0500000US53053,53053,"Pierce County, Washington",58623,1833
0500000US53057,53057,"Skagit County, Washington",56236,6077
0500000US53061,53061,"Snohomish County, Washington",65226,1945
0500000US53063,53063,"Spokane County, Washington",50767,1551
0500000US53067,53067,"Thurston County, Washington",61831,3757
0500000US53073,53073,"Whatcom County, Washington",52390,4040
0500000US53077,53077,"Yakima County, Washington",51819,3531
0500000US54003,54003,"Berkeley County, West Virginia",49562,5765
0500000US54011,54011,"Cabell County, West Virginia",37992,3698
0500000US54033,54033,"Harrison County, West Virginia",39598,4721
0500000US54039,54039,"Kanawha County, West Virginia",41212,3341
0500000US54061,54061,"Monongalia County, West Virginia",43950,4498
0500000US54081,54081,"Raleigh County, West Virginia",40577,2956
0500000US54107,54107,"Wood County, West Virginia",37210,3526
0500000US55009,55009,"Brown County, Wisconsin",53474,2234
0500000US55025,55025,"Dane County, Wisconsin",63673,2682
0500000US55027,55027,"Dodge County, Wisconsin",52262,2270
0500000US55035,55035,"Eau Claire County, Wisconsin",48995,4410
0500000US55039,55039,"Fond du Lac County, Wisconsin",53605,2126
0500000US55055,55055,"Jefferson County, Wisconsin",54634,4851
0500000US55059,55059,"Kenosha County, Wisconsin",54101,3723
0500000US55063,55063,"La Crosse County, Wisconsin",50888,2544
0500000US55071,55071,"Manitowoc County, Wisconsin",48763,2584
0500000US55073,55073,"Marathon County, Wisconsin",52582,2887
0500000US55079,55079,"Milwaukee County, Wisconsin",50768,993
0500000US55087,55087,"Outagamie County, Wisconsin",57363,3054
0500000US55089,55089,"Ozaukee County, Wisconsin",73359,4801
0500000US55097,55097,"Portage County, Wisconsin",51854,4227
0500000US55101,55101,"Racine County, Wisconsin",58103,3173
0500000US55105,55105,"Rock County, Wisconsin",49781,2300
0500000US55109,55109,"St. Croix County, Wisconsin",62668,4996
0500000US55117,55117,"Sheboygan County, Wisconsin",52034,2698
0500000US55127,55127,"Walworth County, Wisconsin",51473,5075
0500000US55131,55131,"Washington County, Wisconsin",67426,4206
0500000US55133,55133,"Waukesha County, Wisconsin",73094,2709
0500000US55139,55139,"Winnebago County, Wisconsin",48032,3404
0500000US55141,55141,"Wood County, Wisconsin",46480,2671
0500000US56021,56021,"Laramie County, Wyoming",58658,8303
0500000US56025,56025,"Natrona County, Wyoming",57659,6373
