GEO.id,GEO.id2,GEO.display-label,HD01_VD01,HD02_VD01
Id,Id2,Geography,Estimate; Median household income in the past 12 months (in 2014 Inflation-adjusted dollars),Margin of Error; Median household income in the past 12 months (in 2014 Inflation-adjusted dollars)
0500000US01003,01003,"Baldwin County, Alabama",51594,4834
0500000US01015,01015,"Calhoun County, Alabama",48662,4288
0500000US01043,01043,"Cullman County, Alabama",39248,3814
0500000US01049,01049,"DeKalb County, Alabama",38216,6707
0500000US01051,01051,"Elmore County, Alabama",58060,6139
0500000US01055,01055,"Etowah County, Alabama",42797,4717
0500000US01069,01069,"Houston County, Alabama",47076,2988
0500000US01073,01073,"Jefferson County, Alabama",60165,2005
0500000US01077,01077,"Lauderdale County, Alabama",41446,3648
0500000US01081,01081,"Lee County, Alabama",45971,4367
0500000US01083,01083,"Limestone County, Alabama",57409,7975
0500000US01089,01089,"Madison County, Alabama",68571,4962
0500000US01095,01095,"Marshall County, Alabama",34497,4683
0500000US01097,01097,"Mobile County, Alabama",54690,3443
0500000US01101,01101,"Montgomery County, Alabama",61376,5563
0500000US01103,01103,"Morgan County, Alabama",45942,3546
0500000US01115,01115,"St. Clair County, Alabama",51613,5510
0500000US01117,01117,"Shelby County, Alabama",71545,2243
0500000US01121,01121,"Talladega County, Alabama",45419,4631
0500000US01125,01125,"Tuscaloosa County, Alabama",58819,5189
0500000US01127,01127,"Walker County, Alabama",37815,4183
0500000US02020,02020,"Anchorage Municipality, Alaska",91267,5096
0500000US02090,02090,"Fairbanks North Star Borough, Alaska",74711,5632
0500000US02170,02170,"Matanuska-Susitna Borough, Alaska",74671,3580
0500000US04001,04001,"Apache County, Arizona",54106,12352
0500000US04003,04003,"Cochise County, Arizona",49128,5621
0500000US04005,04005,"Coconino County, Arizona",59316,7419
0500000US04013,04013,"Maricopa County, Arizona",60740,718
0500000US04015,04015,"Mohave County, Arizona",39085,2501
0500000US04017,04017,"Navajo County, Arizona",43895,5766
0500000US04019,04019,"Pima County, Arizona",51459,1596
0500000US04021,04021,"Pinal County, Arizona",54040,3722
0500000US04025,04025,"Yavapai County, Arizona",44474,2056
0500000US04027,04027,"Yuma County, Arizona",49078,4024
0500000US05007,05007,"Benton County, Arkansas",60059,4799
0500000US05031,05031,"Craighead County, Arkansas",46314,4316
0500000US05045,05045,"Faulkner County, Arkansas",54957,4605
0500000US05051,05051,"Garland County, Arkansas",42470,4703
0500000US05069,05069,"Jefferson County, Arkansas",50240,12571
0500000US05085,05085,"Lonoke County, Arkansas",55270,3757
0500000US05119,05119,"Pulaski County, Arkansas",56667,4964
0500000US05125,05125,"Saline County, Arkansas",55698,4525
0500000US05131,05131,"Sebastian County, Arkansas",40852,7037
0500000US05143,05143,"Washington County, Arkansas",50468,2997
0500000US05145,05145,"White County, Arkansas",42519,7090
0500000US06001,06001,"Alameda County, California",92542,3462
0500000US06007,06007,"Butte County, California",45774,4260
0500000US06013,06013,"Contra Costa County, California",92480,3146
0500000US06017,06017,"El Dorado County, California",71780,6907
0500000US06019,06019,"Fresno County, California",59808,2731
0500000US06023,06023,"Humboldt County, California",43141,2510
0500000US06025,06025,"Imperial County, California",49695,8554
0500000US06029,06029,"Kern County, California",60552,2523
0500000US06031,06031,"Kings County, California",58719,7077
0500000US06033,06033,"Lake County, California",35912,4748
0500000US06037,06037,"Los Angeles County, California",74048,1346
0500000US06039,06039,"Madera County, California",58309,7845
0500000US06041,06041,"Marin County, California",102931,8560
0500000US06045,06045,"Mendocino County, California",43725,5361
0500000US06047,06047,"Merced County, California",55974,5417
0500000US06053,06053,"Monterey County, California",71538,2995
0500000US06055,06055,"Napa County, California",84027,5886
0500000US06057,06057,"Nevada County, California",60371,6245
0500000US06059,06059,"Orange County, California",88778,2497
0500000US06061,06061,"Placer County, California",77094,4153
0500000US06065,06065,"Riverside County, California",63154,1927
0500000US06067,06067,"Sacramento County, California",61783,1363
0500000US06071,06071,"San Bernardino County, California",57448,2024
0500000US06073,06073,"San Diego County, California",75368,1385
0500000US06075,06075,"San Francisco County, California",104364,4044
0500000US06077,06077,"San Joaquin County, California",62487,3466
0500000US06079,06079,"San Luis Obispo County, California",67117,4060
0500000US06081,06081,"San Mateo County, California",111660,3527
0500000US06083,06083,"Santa Barbara County, California",71842,3681
0500000US06085,06085,"Santa Clara County, California",105587,3660
0500000US06087,06087,"Santa Cruz County, California",78300,5901
0500000US06089,06089,"Shasta County, California",44456,2417
0500000US06095,06095,"Solano County, California",75457,4674
0500000US06097,06097,"Sonoma County, California",73530,3190
0500000US06099,06099,"Stanislaus County, California",58590,3578
0500000US06101,06101,"Sutter County, California",61895,5954
0500000US06107,06107,"Tulare County, California",58414,4210
0500000US06111,06111,"Ventura County, California",82036,2813
0500000US06113,06113,"Yolo County, California",62224,7452
0500000US06115,06115,"Yuba County, California",45062,5236
0500000US08001,08001,"Adams County, Colorado",65769,2728
0500000US08005,08005,"Arapahoe County, Colorado",73210,2087
0500000US08013,08013,"Boulder County, Colorado",77901,4329
0500000US08031,08031,"Denver County, Colorado",68806,3651
0500000US08035,08035,"Douglas County, Colorado",104068,5682
0500000US08041,08041,"El Paso County, Colorado",63283,2382
0500000US08059,08059,"Jefferson County, Colorado",73193,2706
0500000US08069,08069,"Larimer County, Colorado",58634,3152
0500000US08077,08077,"Mesa County, Colorado",51298,2761
0500000US08101,08101,"Pueblo County, Colorado",47150,3447
0500000US08123,08123,"Weld County, Colorado",68920,1827
0500000US09001,09001,"Fairfield County, Connecticut",102941,3956
0500000US09003,09003,"Hartford County, Connecticut",76986,2221
0500000US09005,09005,"Litchfield County, Connecticut",75144,3362
0500000US09007,09007,"Middlesex County, Connecticut",77869,5988
0500000US09009,09009,"New Haven County, Connecticut",70093,2780
0500000US09011,09011,"New London County, Connecticut",70709,3575
0500000US09013,09013,"Tolland County, Connecticut",79693,4380
0500000US09015,09015,"Windham County, Connecticut",61658,5016
0500000US10001,10001,"Kent County, Delaware",58463,4530
0500000US10003,10003,"New Castle County, Delaware",71157,2414
0500000US10005,10005,"Sussex County, Delaware",58680,3361
0500000US11001,11001,"District of Columbia, District of Columbia",117134,4932
0500000US12001,12001,"Alachua County, Florida",51169,2383
0500000US12005,12005,"Bay County, Florida",47600,4194
0500000US12009,12009,"Brevard County, Florida",50505,1820
0500000US12011,12011,"Broward County, Florida",57086,1915
0500000US12015,12015,"Charlotte County, Florida",43637,2247
0500000US12017,12017,"Citrus County, Florida",36076,2736
0500000US12019,12019,"Clay County, Florida",62417,5989
0500000US12021,12021,"Collier County, Florida",67295,3503
0500000US12023,12023,"Columbia County, Florida",39929,4159
0500000US12031,12031,"Duval County, Florida",53376,2903
0500000US12033,12033,"Escambia County, Florida",52309,2044
0500000US12035,12035,"Flagler County, Florida",52786,3330
0500000US12053,12053,"Hernando County, Florida",40497,2791
0500000US12055,12055,"Highlands County, Florida",37747,2935
0500000US12057,12057,"Hillsborough County, Florida",59419,2032
0500000US12061,12061,"Indian River County, Florida",48989,4113
0500000US12069,12069,"Lake County, Florida",50148,2874
0500000US12071,12071,"Lee County, Florida",51629,1324
0500000US12073,12073,"Leon County, Florida",55578,3771
0500000US12081,12081,"Manatee County, Florida",56449,1731
0500000US12083,12083,"Marion County, Florida",42391,2744
0500000US12085,12085,"Martin County, Florida",58898,4031
0500000US12086,12086,"Miami-Dade County, Florida",70581,3060
0500000US12087,12087,"Monroe County, Florida",61935,4094
0500000US12089,12089,"Nassau County, Florida",53931,7669
0500000US12091,12091,"Okaloosa County, Florida",61074,2699
0500000US12095,12095,"Orange County, Florida",56259,1326
0500000US12097,12097,"Osceola County, Florida",51291,3973
0500000US12099,12099,"Palm Beach County, Florida",60332,1725
0500000US12101,12101,"Pasco County, Florida",45100,1569
0500000US12103,12103,"Pinellas County, Florida",47329,1272
0500000US12105,12105,"Polk County, Florida",47208,1879
0500000US12107,12107,"Putnam County, Florida",34498,3463
0500000US12109,12109,"St. Johns County, Florida",67419,4515
0500000US12111,12111,"St. Lucie County, Florida",47988,4640
0500000US12113,12113,"Santa Rosa County, Florida",62140,3614
0500000US12115,12115,"Sarasota County, Florida",53415,1944
0500000US12117,12117,"Seminole County, Florida",60607,1836
0500000US12119,12119,"Sumter County, Florida",50447,4005
0500000US12127,12127,"Volusia County, Florida",43684,1881
0500000US13013,13013,"Barrow County, Georgia",50462,2929
0500000US13015,13015,"Bartow County, Georgia",55955,7402
0500000US13021,13021,"Bibb County, Georgia",53971,5357
0500000US13031,13031,"Bulloch County, Georgia",40452,6169
0500000US13045,13045,"Carroll County, Georgia",41856,4225
0500000US13047,13047,"Catoosa County, Georgia",52719,5785
0500000US13051,13051,"Chatham County, Georgia",61736,4453
0500000US13057,13057,"Cherokee County, Georgia",70511,4521
0500000US13059,13059,"Clarke County, Georgia",38440,3841
0500000US13063,13063,"Clayton County, Georgia",41186,5628
0500000US13067,13067,"Cobb County, Georgia",79802,3412
0500000US13073,13073,"Columbia County, Georgia",71727,5404
0500000US13077,13077,"Coweta County, Georgia",63108,4085
0500000US13089,13089,"DeKalb County, Georgia",80745,3434
0500000US13095,13095,"Dougherty County, Georgia",55214,7892
0500000US13097,13097,"Douglas County, Georgia",54109,5110
0500000US13113,13113,"Fayette County, Georgia",80790,8274
0500000US13115,13115,"Floyd County, Georgia",45500,8123
0500000US13117,13117,"Forsyth County, Georgia",86253,3229
0500000US13121,13121,"Fulton County, Georgia",87514,4088
0500000US13127,13127,"Glynn County, Georgia",60674,6314
0500000US13135,13135,"Gwinnett County, Georgia",76282,3944
0500000US13139,13139,"Hall County, Georgia",60249,3514
0500000US13151,13151,"Henry County, Georgia",60002,6220
0500000US13153,13153,"Houston County, Georgia",56349,4735
0500000US13179,13179,"Liberty County, Georgia",42027,5779
0500000US13185,13185,"Lowndes County, Georgia",44361,4211
0500000US13215,13215,"Muscogee County, Georgia",52749,3221
0500000US13217,13217,"Newton County, Georgia",53399,11361
0500000US13223,13223,"Paulding County, Georgia",65806,4475
0500000US13245,13245,"Richmond County, Georgia",44579,4743
0500000US13247,13247,"Rockdale County, Georgia",51868,8025
0500000US13285,13285,"Troup County, Georgia",46241,5923
0500000US13295,13295,"Walker County, Georgia",38702,6478
0500000US13297,13297,"Walton County, Georgia",54218,4309
0500000US13313,13313,"Whitfield County, Georgia",45880,7198
0500000US15001,15001,"Hawaii County, Hawaii",54273,5338
0500000US15003,15003,"Honolulu County, Hawaii",79299,3749
0500000US15007,15007,"Kauai County, Hawaii",70021,13567
0500000US15009,15009,"Maui County, Hawaii",63088,5069
0500000US16001,16001,"Ada County, Idaho",59070,2804
0500000US16005,16005,"Bannock County, Idaho",45341,4494
0500000US16019,16019,"Bonneville County, Idaho",52629,4420
0500000US16027,16027,"Canyon County, Idaho",44608,2904
0500000US16055,16055,"Kootenai County, Idaho",48628,3140
0500000US16083,16083,"Twin Falls County, Idaho",45355,5248
0500000US17001,17001,"Adams County, Illinois",46075,2580
0500000US17019,17019,"Champaign County, Illinois",55531,2860
0500000US17031,17031,"Cook County, Illinois",71496,923
0500000US17037,17037,"DeKalb County, Illinois",57411,6494
0500000US17043,17043,"DuPage County, Illinois",84326,1916
0500000US17089,17089,"Kane County, Illinois",82085,3135
0500000US17091,17091,"Kankakee County, Illinois",64653,5339
0500000US17093,17093,"Kendall County, Illinois",95136,7856
0500000US17097,17097,"Lake County, Illinois",90171,2668
0500000US17099,17099,"LaSalle County, Illinois",51258,4262
0500000US17111,17111,"McHenry County, Illinois",80081,4254
0500000US17113,17113,"McLean County, Illinois",61480,3458
0500000US17115,17115,"Macon County, Illinois",52992,6344
0500000US17119,17119,"Madison County, Illinois",58501,3121
0500000US17143,17143,"Peoria County, Illinois",56164,2678
0500000US17161,17161,"Rock Island County, Illinois",49746,3388
0500000US17163,17163,"St. Clair County, Illinois",64510,3926
0500000US17167,17167,"Sangamon County, Illinois",61157,3165
0500000US17179,17179,"Tazewell County, Illinois",60967,3129
0500000US17183,17183,"Vermilion County, Illinois",47780,5262
0500000US17197,17197,"Will County, Illinois",80840,1798
0500000US17199,17199,"Williamson County, Illinois",48731,6157
0500000US17201,17201,"Winnebago County, Illinois",51457,2096
0500000US18003,18003,"Allen County, Indiana",53796,2395
0500000US18005,18005,"Bartholomew County, Indiana",53085,3386
0500000US18019,18019,"Clark County, Indiana",52898,3020
0500000US18035,18035,"Delaware County, Indiana",41498,2916
0500000US18039,18039,"Elkhart County, Indiana",51993,2534
0500000US18043,18043,"Floyd County, Indiana",54033,3498
0500000US18053,18053,"Grant County, Indiana",40887,3450
0500000US18057,18057,"Hamilton County, Indiana",89271,3920
0500000US18059,18059,"Hancock County, Indiana",67976,4837
0500000US18063,18063,"Hendricks County, Indiana",68237,7095
0500000US18067,18067,"Howard County, Indiana",49107,4759
0500000US18081,18081,"Johnson County, Indiana",55641,4301
0500000US18085,18085,"Kosciusko County, Indiana",53491,2835
0500000US18089,18089,"Lake County, Indiana",60018,2999
0500000US18091,18091,"LaPorte County, Indiana",49268,4029
0500000US18095,18095,"Madison County, Indiana",47686,2768
0500000US18097,18097,"Marion County, Indiana",50566,1464
0500000US18105,18105,"Monroe County, Indiana",47110,2461
0500000US18109,18109,"Morgan County, Indiana",53299,5213
0500000US18127,18127,"Porter County, Indiana",62640,4864
0500000US18141,18141,"St. Joseph County, Indiana",52694,2062
0500000US18157,18157,"Tippecanoe County, Indiana",50417,2231
0500000US18163,18163,"Vanderburgh County, Indiana",44828,3810
0500000US18167,18167,"Vigo County, Indiana",41410,2307
0500000US18177,18177,"Wayne County, Indiana",42066,3201
0500000US19013,19013,"Black Hawk County, Iowa",54275,4153
0500000US19049,19049,"Dallas County, Iowa",77476,8773
0500000US19061,19061,"Dubuque County, Iowa",58492,3500
0500000US19103,19103,"Johnson County, Iowa",64886,5442
0500000US19113,19113,"Linn County, Iowa",64824,3618
0500000US19153,19153,"Polk County, Iowa",64301,2282
0500000US19155,19155,"Pottawattamie County, Iowa",52795,6021
0500000US19163,19163,"Scott County, Iowa",55509,2809
0500000US19169,19169,"Story County, Iowa",53007,5131
0500000US19193,19193,"Woodbury County, Iowa",45566,4410
0500000US20015,20015,"Butler County, Kansas",57801,6037
0500000US20045,20045,"Douglas County, Kansas",50469,2166
0500000US20091,20091,"Johnson County, Kansas",78829,2770
0500000US20103,20103,"Leavenworth County, Kansas",71565,4931
0500000US20161,20161,"Riley County, Kansas",45451,5706
0500000US20173,20173,"Sedgwick County, Kansas",56494,1420
0500000US20177,20177,"Shawnee County, Kansas",55155,4360
0500000US20209,20209,"Wyandotte County, Kansas",45648,3436
0500000US21015,21015,"Boone County, Kentucky",67124,3805
0500000US21029,21029,"Bullitt County, Kentucky",55314,3981
0500000US21037,21037,"Campbell County, Kentucky",53903,4925
0500000US21047,21047,"Christian County, Kentucky",41128,1712
0500000US21059,21059,"Daviess County, Kentucky",45497,3467
0500000US21067,21067,"Fayette County, Kentucky",53220,3219
0500000US21093,21093,"Hardin County, Kentucky",51540,5183
0500000US21111,21111,"Jefferson County, Kentucky",54231,2315
0500000US21117,21117,"Kenton County, Kentucky",57723,4095
0500000US21145,21145,"McCracken County, Kentucky",40799,5438
0500000US21151,21151,"Madison County, Kentucky",46366,7500
0500000US21195,21195,"Pike County, Kentucky",31400,2534
0500000US21227,21227,"Warren County, Kentucky",53401,2652
0500000US22005,22005,"Ascension Parish, Louisiana",77544,7612
0500000US22015,22015,"Bossier Parish, Louisiana",56742,7878
0500000US22017,22017,"Caddo Parish, Louisiana",52219,4934
0500000US22019,22019,"Calcasieu Parish, Louisiana",50053,4917
0500000US22033,22033,"East Baton Rouge Parish, Louisiana",65349,4479
0500000US22045,22045,"Iberia Parish, Louisiana",48934,3945
0500000US22051,22051,"Jefferson Parish, Louisiana",53716,2745
0500000US22055,22055,"Lafayette Parish, Louisiana",61083,3817
0500000US22057,22057,"Lafourche Parish, Louisiana",48465,5438
0500000US22063,22063,"Livingston Parish, Louisiana",61212,4431
0500000US22071,22071,"Orleans Parish, Louisiana",67824,3598
0500000US22073,22073,"Ouachita Parish, Louisiana",51686,4548
0500000US22079,22079,"Rapides Parish, Louisiana",50738,6811
0500000US22097,22097,"St. Landry Parish, Louisiana",35064,4856
0500000US22103,22103,"St. Tammany Parish, Louisiana",68223,3064
0500000US22105,22105,"Tangipahoa Parish, Louisiana",52172,6114
0500000US22109,22109,"Terrebonne Parish, Louisiana",53926,5207
0500000US23001,23001,"Androscoggin County, Maine",48931,3905
0500000US23003,23003,"Aroostook County, Maine",35998,1893
0500000US23005,23005,"Cumberland County, Maine",63428,2833
0500000US23011,23011,"Kennebec County, Maine",44161,4923
0500000US23019,23019,"Penobscot County, Maine",42404,2904
0500000US23031,23031,"York County, Maine",55847,3087
0500000US24001,24001,"Allegany County, Maryland",40281,2895
0500000US24003,24003,"Anne Arundel County, Maryland",91377,2906
0500000US24005,24005,"Baltimore County, Maryland",73700,2457
0500000US24009,24009,"Calvert County, Maryland",101298,10953
0500000US24013,24013,"Carroll County, Maryland",85401,4039
0500000US24015,24015,"Cecil County, Maryland",62869,4768
0500000US24017,24017,"Charles County, Maryland",98187,4590
0500000US24021,24021,"Frederick County, Maryland",86108,2330
0500000US24025,24025,"Harford County, Maryland",81846,4444
0500000US24027,24027,"Howard County, Maryland",120872,6971
0500000US24031,24031,"Montgomery County, Maryland",115128,4548
0500000US24033,24033,"Prince George's County, Maryland",84621,4862
0500000US24037,24037,"St. Mary's County, Maryland",90660,5562
0500000US24043,24043,"Washington County, Maryland",55220,4481
0500000US24045,24045,"Wicomico County, Maryland",57052,5825
0500000US24510,24510,"Baltimore city, Maryland",67682,4757
0500000US25001,25001,"Barnstable County, Massachusetts",66252,2795
0500000US25003,25003,"Berkshire County, Massachusetts",51010,3130
0500000US25005,25005,"Bristol County, Massachusetts",62176,2478
0500000US25009,25009,"Essex County, Massachusetts",76666,2718
0500000US25011,25011,"Franklin County, Massachusetts",56689,4659
0500000US25013,25013,"Hampden County, Massachusetts",60405,2552
0500000US25015,25015,"Hampshire County, Massachusetts",59362,4494
0500000US25017,25017,"Middlesex County, Massachusetts",89694,2495
0500000US25021,25021,"Norfolk County, Massachusetts",92205,2344
0500000US25023,25023,"Plymouth County, Massachusetts",80365,3613
0500000US25025,25025,"Suffolk County, Massachusetts",75563,3299
0500000US25027,25027,"Worcester County, Massachusetts",70114,2698
0500000US26005,26005,"Allegan County, Michigan",54015,4358
0500000US26017,26017,"Bay County, Michigan",47500,2618
0500000US26021,26021,"Berrien County, Michigan",50636,2746
0500000US26025,26025,"Calhoun County, Michigan",49348,2255
0500000US26037,26037,"Clinton County, Michigan",60321,3833
0500000US26045,26045,"Eaton County, Michigan",59535,2511
0500000US26049,26049,"Genesee County, Michigan",46901,2035
0500000US26055,26055,"Grand Traverse County, Michigan",57009,4385
0500000US26065,26065,"Ingham County, Michigan",48024,2073
0500000US26073,26073,"Isabella County, Michigan",43537,4246
0500000US26075,26075,"Jackson County, Michigan",47926,3355
0500000US26077,26077,"Kalamazoo County, Michigan",50494,3322
0500000US26081,26081,"Kent County, Michigan",59117,2143
0500000US26087,26087,"Lapeer County, Michigan",50956,2119
0500000US26091,26091,"Lenawee County, Michigan",48444,3609
0500000US26093,26093,"Livingston County, Michigan",73268,2626
0500000US26099,26099,"Macomb County, Michigan",57706,1458
0500000US26103,26103,"Marquette County, Michigan",44734,2834
0500000US26111,26111,"Midland County, Michigan",49544,3682
0500000US26115,26115,"Monroe County, Michigan",57928,3072
0500000US26121,26121,"Muskegon County, Michigan",45007,1807
0500000US26125,26125,"Oakland County, Michigan",73016,1453
0500000US26139,26139,"Ottawa County, Michigan",62012,2171
0500000US26145,26145,"Saginaw County, Michigan",50359,3067
0500000US26147,26147,"St. Clair County, Michigan",50913,2134
0500000US26155,26155,"Shiawassee County, Michigan",49155,3571
0500000US26159,26159,"Van Buren County, Michigan",51921,3143
0500000US26161,26161,"Washtenaw County, Michigan",68535,2666
0500000US26163,26163,"Wayne County, Michigan",54607,1548
0500000US27003,27003,"Anoka County, Minnesota",72772,2411
0500000US27013,27013,"Blue Earth County, Minnesota",49620,5372
0500000US27019,27019,"Carver County, Minnesota",83301,7687
0500000US27037,27037,"Dakota County, Minnesota",80166,2221
0500000US27053,27053,"Hennepin County, Minnesota",73800,2023
0500000US27109,27109,"Olmsted County, Minnesota",75370,3912
0500000US27123,27123,"Ramsey County, Minnesota",63251,2990
0500000US27131,27131,"Rice County, Minnesota",61279,3697
0500000US27137,27137,"St. Louis County, Minnesota",51214,2004
0500000US27139,27139,"Scott County, Minnesota",93152,5970
0500000US27141,27141,"Sherburne County, Minnesota",80170,8010
0500000US27145,27145,"Stearns County, Minnesota",58465,4175
0500000US27163,27163,"Washington County, Minnesota",85455,4090
0500000US27171,27171,"Wright County, Minnesota",76703,4552
0500000US28033,28033,"DeSoto County, Mississippi",62642,4152
0500000US28035,28035,"Forrest County, Mississippi",51103,4399
0500000US28047,28047,"Harrison County, Mississippi",46765,3669
0500000US28049,28049,"Hinds County, Mississippi",64286,5083
0500000US28059,28059,"Jackson County, Mississippi",50880,2708
0500000US28067,28067,"Jones County, Mississippi",52380,8063
0500000US28075,28075,"Lauderdale County, Mississippi",52153,6413
0500000US28081,28081,"Lee County, Mississippi",49270,6307
0500000US28089,28089,"Madison County, Mississippi",82208,7066
0500000US28121,28121,"Rankin County, Mississippi",60964,4458
0500000US29019,29019,"Boone County, Missouri",52754,2910
0500000US29021,29021,"Buchanan County, Missouri",46525,4549
0500000US29031,29031,"Cape Girardeau County, Missouri",50418,3437
0500000US29037,29037,"Cass County, Missouri",61221,2017
0500000US29043,29043,"Christian County, Missouri",51581,2323
0500000US29047,29047,"Clay County, Missouri",64786,3721
0500000US29051,29051,"Cole County, Missouri",52489,4879
0500000US29071,29071,"Franklin County, Missouri",51212,3542
0500000US29077,29077,"Greene County, Missouri",39806,2228
0500000US29095,29095,"Jackson County, Missouri",55926,1575
0500000US29097,29097,"Jasper County, Missouri",41454,4507
0500000US29099,29099,"Jefferson County, Missouri",60020,2869
0500000US29165,29165,"Platte County, Missouri",70785,4731
0500000US29183,29183,"St. Charles County, Missouri",74554,2961
0500000US29187,29187,"St. Francois County, Missouri",41599,4072
0500000US29189,29189,"St. Louis County, Missouri",69389,1960
0500000US29510,29510,"St. Louis city, Missouri",50334,3421
0500000US30013,30013,"Cascade County, Montana",43596,4096
0500000US30029,30029,"Flathead County, Montana",48896,3917
0500000US30031,30031,"Gallatin County, Montana",51172,3193
0500000US30049,30049,"Lewis and Clark County, Montana",54560,3284
0500000US30063,30063,"Missoula County, Montana",45745,5253
0500000US30111,30111,"Yellowstone County, Montana",52989,2944
0500000US31055,31055,"Douglas County, Nebraska",60958,2000
0500000US31109,31109,"Lancaster County, Nebraska",54847,2041
0500000US31153,31153,"Sarpy County, Nebraska",76427,3118
0500000US32003,32003,"Clark County, Nevada",57510,1537
0500000US32031,32031,"Washoe County, Nevada",56152,2497
0500000US33005,33005,"Cheshire County, New Hampshire",57672,5451
0500000US33009,33009,"Grafton County, New Hampshire",57818,6206
0500000US33011,33011,"Hillsborough County, New Hampshire",73022,3249
0500000US33013,33013,"Merrimack County, New Hampshire",63211,3666
0500000US33015,33015,"Rockingham County, New Hampshire",80521,2657
0500000US33017,33017,"Strafford County, New Hampshire",59319,5922
0500000US34001,34001,"Atlantic County, New Jersey",67822,3405
0500000US34003,34003,"Bergen County, New Jersey",91189,1958
0500000US34005,34005,"Burlington County, New Jersey",82307,2732
0500000US34007,34007,"Camden County, New Jersey",72733,3152
0500000US34009,34009,"Cape May County, New Jersey",58039,4001
0500000US34011,34011,"Cumberland County, New Jersey",55137,4931
0500000US34013,34013,"Essex County, New Jersey",90722,5554
0500000US34015,34015,"Gloucester County, New Jersey",82816,2794
0500000US34017,34017,"Hudson County, New Jersey",75340,4735
0500000US34019,34019,"Hunterdon County, New Jersey",103835,5486
0500000US34021,34021,"Mercer County, New Jersey",93583,7250
0500000US34023,34023,"Middlesex County, New Jersey",78015,4225
0500000US34025,34025,"Monmouth County, New Jersey",93000,3278
0500000US34027,34027,"Morris County, New Jersey",102464,2654
0500000US34029,34029,"Ocean County, New Jersey",64359,2703
0500000US34031,34031,"Passaic County, New Jersey",82517,3506
0500000US34033,34033,"Salem County, New Jersey",67188,5896
0500000US34035,34035,"Somerset County, New Jersey",104992,5411
0500000US34037,34037,"Sussex County, New Jersey",81083,4680
0500000US34039,34039,"Union County, New Jersey",93912,5448
0500000US34041,34041,"Warren County, New Jersey",72971,4768
0500000US35001,35001,"Bernalillo County, New Mexico",56177,3238
0500000US35005,35005,"Chaves County, New Mexico",47482,6033
0500000US35013,35013,"Doña Ana County, New Mexico",48582,5397
0500000US35025,35025,"Lea County, New Mexico",74053,9628
0500000US35031,35031,"McKinley County, New Mexico",64078,27364
0500000US35035,35035,"Otero County, New Mexico",45311,3198
0500000US35043,35043,"Sandoval County, New Mexico",59678,7062
0500000US35045,35045,"San Juan County, New Mexico",64770,9194
0500000US35049,35049,"Santa Fe County, New Mexico",61632,2629
0500000US35061,35061,"Valencia County, New Mexico",47157,5529
0500000US36001,36001,"Albany County, New York",67682,3090
0500000US36005,36005,"Bronx County, New York",57129,7783
0500000US36007,36007,"Broome County, New York",50125,2937
0500000US36009,36009,"Cattaraugus County, New York",44612,3650
0500000US36011,36011,"Cayuga County, New York",53949,2506
0500000US36013,36013,"Chautauqua County, New York",42722,2487
0500000US36015,36015,"Chemung County, New York",51426,3533
0500000US36019,36019,"Clinton County, New York",54402,5263
0500000US36027,36027,"Dutchess County, New York",73744,4109
0500000US36029,36029,"Erie County, New York",56523,1442
0500000US36045,36045,"Jefferson County, New York",54038,3457
0500000US36047,36047,"Kings County, New York",65618,1882
0500000US36051,36051,"Livingston County, New York",50489,3360
0500000US36053,36053,"Madison County, New York",52475,4047
0500000US36055,36055,"Monroe County, New York",58775,1794
0500000US36059,36059,"Nassau County, New York",103119,2614
0500000US36061,36061,"New York County, New York",111967,4098
0500000US36063,36063,"Niagara County, New York",52629,2904
0500000US36065,36065,"Oneida County, New York",51520,2414
0500000US36067,36067,"Onondaga County, New York",57409,1855
0500000US36069,36069,"Ontario County, New York",60432,4038
0500000US36071,36071,"Orange County, New York",75977,3136
0500000US36075,36075,"Oswego County, New York",48761,4455
0500000US36079,36079,"Putnam County, New York",103474,6678
0500000US36081,36081,"Queens County, New York",66125,1848
0500000US36083,36083,"Rensselaer County, New York",64600,2764
0500000US36085,36085,"Richmond County, New York",80346,3838
0500000US36087,36087,"Rockland County, New York",90759,3598
0500000US36089,36089,"St. Lawrence County, New York",43802,3079
0500000US36091,36091,"Saratoga County, New York",71607,3435
0500000US36093,36093,"Schenectady County, New York",61573,2546
0500000US36101,36101,"Steuben County, New York",46902,2237
0500000US36103,36103,"Suffolk County, New York",91298,1955
0500000US36105,36105,"Sullivan County, New York",54415,6853
0500000US36109,36109,"Tompkins County, New York",59921,4892
0500000US36111,36111,"Ulster County, New York",61595,3588
0500000US36113,36113,"Warren County, New York",57947,4574
0500000US36117,36117,"Wayne County, New York",46596,4706
0500000US36119,36119,"Westchester County, New York",103378,2726
0500000US37001,37001,"Alamance County, North Carolina",42641,4128
0500000US37019,37019,"Brunswick County, North Carolina",49149,3794
0500000US37021,37021,"Buncombe County, North Carolina",49051,2299
0500000US37023,37023,"Burke County, North Carolina",40726,5390
0500000US37025,37025,"Cabarrus County, North Carolina",63347,5455
0500000US37027,37027,"Caldwell County, North Carolina",40351,4893
0500000US37031,37031,"Carteret County, North Carolina",50591,3261
0500000US37035,37035,"Catawba County, North Carolina",47693,4510
0500000US37037,37037,"Chatham County, North Carolina",65417,5829
0500000US37045,37045,"Cleveland County, North Carolina",44628,3968
0500000US37049,37049,"Craven County, North Carolina",47011,4351
0500000US37051,37051,"Cumberland County, North Carolina",47019,2296
0500000US37057,37057,"Davidson County, North Carolina",45486,4565
0500000US37063,37063,"Durham County, North Carolina",67266,5568
0500000US37067,37067,"Forsyth County, North Carolina",54325,2269
0500000US37071,37071,"Gaston County, North Carolina",45152,3345
0500000US37081,37081,"Guilford County, North Carolina",56762,2242
0500000US37085,37085,"Harnett County, North Carolina",49509,4588
0500000US37089,37089,"Henderson County, North Carolina",49681,3024
0500000US37097,37097,"Iredell County, North Carolina",56746,3655
0500000US37101,37101,"Johnston County, North Carolina",58092,6911
0500000US37109,37109,"Lincoln County, North Carolina",51322,2640
0500000US37119,37119,"Mecklenburg County, North Carolina",76834,2284
0500000US37125,37125,"Moore County, North Carolina",59664,5532
0500000US37127,37127,"Nash County, North Carolina",47720,5110
0500000US37129,37129,"New Hanover County, North Carolina",54046,3425
0500000US37133,37133,"Onslow County, North Carolina",50391,3183
0500000US37135,37135,"Orange County, North Carolina",64924,6595
0500000US37147,37147,"Pitt County, North Carolina",52404,4994
0500000US37151,37151,"Randolph County, North Carolina",44105,3576
0500000US37155,37155,"Robeson County, North Carolina",38410,2771
0500000US37157,37157,"Rockingham County, North Carolina",42903,4935
0500000US37159,37159,"Rowan County, North Carolina",49909,2933
0500000US37161,37161,"Rutherford County, North Carolina",34646,4114
0500000US37171,37171,"Surry County, North Carolina",36955,5205
0500000US37179,37179,"Union County, North Carolina",68089,3679
0500000US37183,37183,"Wake County, North Carolina",80119,2097
0500000US37191,37191,"Wayne County, North Carolina",42103,5789
0500000US37193,37193,"Wilkes County, North Carolina",30358,3042
0500000US37195,37195,"Wilson County, North Carolina",51246,8498
0500000US38015,38015,"Burleigh County, North Dakota",71445,4489
0500000US38017,38017,"Cass County, North Dakota",56681,4434
0500000US38035,38035,"Grand Forks County, North Dakota",51389,3385
0500000US38101,38101,"Ward County, North Dakota",69759,6682
0500000US39003,39003,"Allen County, Ohio",49566,5008
0500000US39007,39007,"Ashtabula County, Ohio",40463,2710
0500000US39013,39013,"Belmont County, Ohio",44402,3985
0500000US39017,39017,"Butler County, Ohio",60453,1973
0500000US39023,39023,"Clark County, Ohio",43894,2708
0500000US39025,39025,"Clermont County, Ohio",62585,2653
0500000US39029,39029,"Columbiana County, Ohio",42687,3380
0500000US39035,39035,"Cuyahoga County, Ohio",55251,1236
0500000US39041,39041,"Delaware County, Ohio",96189,4612
0500000US39043,39043,"Erie County, Ohio",51846,4742
0500000US39045,39045,"Fairfield County, Ohio",59879,3302
0500000US39049,39049,"Franklin County, Ohio",62479,1682
0500000US39055,39055,"Geauga County, Ohio",72310,2587
0500000US39057,39057,"Greene County, Ohio",61647,4461
0500000US39061,39061,"Hamilton County, Ohio",61398,1449
0500000US39063,39063,"Hancock County, Ohio",51111,2180
0500000US39081,39081,"Jefferson County, Ohio",41691,3947
0500000US39085,39085,"Lake County, Ohio",59955,2569
0500000US39089,39089,"Licking County, Ohio",56707,3741
0500000US39093,39093,"Lorain County, Ohio",55570,2873
0500000US39095,39095,"Lucas County, Ohio",48751,2356
0500000US39099,39099,"Mahoning County, Ohio",45164,2040
0500000US39101,39101,"Marion County, Ohio",39429,5002
0500000US39103,39103,"Medina County, Ohio",68657,3271
0500000US39109,39109,"Miami County, Ohio",51778,3555
0500000US39113,39113,"Montgomery County, Ohio",48491,1903
0500000US39119,39119,"Muskingum County, Ohio",42547,4669
0500000US39133,39133,"Portage County, Ohio",53167,2960
0500000US39139,39139,"Richland County, Ohio",41816,2922
0500000US39141,39141,"Ross County, Ohio",40981,3891
0500000US39145,39145,"Scioto County, Ohio",38289,3602
0500000US39151,39151,"Stark County, Ohio",49928,1727
0500000US39153,39153,"Summit County, Ohio",54793,2040
0500000US39155,39155,"Trumbull County, Ohio",44957,2266
0500000US39157,39157,"Tuscarawas County, Ohio",46513,2865
0500000US39165,39165,"Warren County, Ohio",70879,3238
0500000US39169,39169,"Wayne County, Ohio",50096,3083
0500000US39173,39173,"Wood County, Ohio",55045,3176
0500000US40017,40017,"Canadian County, Oklahoma",70145,3328
0500000US40027,40027,"Cleveland County, Oklahoma",61274,2292
0500000US40031,40031,"Comanche County, Oklahoma",47792,4271
0500000US40037,40037,"Creek County, Oklahoma",47862,5063
0500000US40101,40101,"Muskogee County, Oklahoma",44626,6534
0500000US40109,40109,"Oklahoma County, Oklahoma",56970,2046
0500000US40119,40119,"Payne County, Oklahoma",41573,3129
0500000US40125,40125,"Pottawatomie County, Oklahoma",48924,4390
0500000US40131,40131,"Rogers County, Oklahoma",56059,3055
0500000US40143,40143,"Tulsa County, Oklahoma",56877,1623
0500000US40145,40145,"Wagoner County, Oklahoma",60171,4144
0500000US41003,41003,"Benton County, Oregon",57234,4569
0500000US41005,41005,"Clackamas County, Oregon",66511,2493
0500000US41017,41017,"Deschutes County, Oregon",53474,3530
0500000US41019,41019,"Douglas County, Oregon",43186,3864
0500000US41029,41029,"Jackson County, Oregon",47286,2665
0500000US41033,41033,"Josephine County, Oregon",36489,5115
0500000US41035,41035,"Klamath County, Oregon",38721,4107
0500000US41039,41039,"Lane County, Oregon",45876,1804
0500000US41043,41043,"Linn County, Oregon",44287,4044
0500000US41047,41047,"Marion County, Oregon",52948,2327
0500000US41051,41051,"Multnomah County, Oregon",59118,2234
0500000US41053,41053,"Polk County, Oregon",56100,7561
0500000US41059,41059,"Umatilla County, Oregon",46407,4851
0500000US41067,41067,"Washington County, Oregon",69803,3160
0500000US41071,41071,"Yamhill County, Oregon",53966,3527
0500000US42001,42001,"Adams County, Pennsylvania",63040,3146
0500000US42003,42003,"Allegheny County, Pennsylvania",57452,1372
0500000US42005,42005,"Armstrong County, Pennsylvania",45998,4442
0500000US42007,42007,"Beaver County, Pennsylvania",53746,3306
0500000US42011,42011,"Berks County, Pennsylvania",61746,1177
0500000US42013,42013,"Blair County, Pennsylvania",44327,3829
0500000US42017,42017,"Bucks County, Pennsylvania",80287,2146
0500000US42019,42019,"Butler County, Pennsylvania",60228,2846
0500000US42021,42021,"Cambria County, Pennsylvania",44078,2443
0500000US42025,42025,"Carbon County, Pennsylvania",50141,3253
0500000US42027,42027,"Centre County, Pennsylvania",53596,4046
0500000US42029,42029,"Chester County, Pennsylvania",89675,3517
0500000US42033,42033,"Clearfield County, Pennsylvania",39650,2827
0500000US42037,42037,"Columbia County, Pennsylvania",48775,4331
0500000US42039,42039,"Crawford County, Pennsylvania",45288,2914
0500000US42041,42041,"Cumberland County, Pennsylvania",64553,3080
0500000US42043,42043,"Dauphin County, Pennsylvania",62061,2546
0500000US42045,42045,"Delaware County, Pennsylvania",73380,3016
0500000US42049,42049,"Erie County, Pennsylvania",48039,2503
0500000US42051,42051,"Fayette County, Pennsylvania",37703,2828
0500000US42055,42055,"Franklin County, Pennsylvania",51184,2558
0500000US42063,42063,"Indiana County, Pennsylvania",42921,3528
0500000US42069,42069,"Lackawanna County, Pennsylvania",46587,2805
0500000US42071,42071,"Lancaster County, Pennsylvania",60621,1900
0500000US42073,42073,"Lawrence County, Pennsylvania",47054,2996
0500000US42075,42075,"Lebanon County, Pennsylvania",57554,4933
0500000US42077,42077,"Lehigh County, Pennsylvania",65553,3073
0500000US42079,42079,"Luzerne County, Pennsylvania",45385,1713
0500000US42081,42081,"Lycoming County, Pennsylvania",45857,2846
0500000US42085,42085,"Mercer County, Pennsylvania",44449,3201
0500000US42089,42089,"Monroe County, Pennsylvania",59791,5881
0500000US42091,42091,"Montgomery County, Pennsylvania",82778,1939
0500000US42095,42095,"Northampton County, Pennsylvania",64101,2325
0500000US42097,42097,"Northumberland County, Pennsylvania",39820,2698
0500000US42101,42101,"Philadelphia County, Pennsylvania",54422,1868
0500000US42107,42107,"Schuylkill County, Pennsylvania",42636,2513
0500000US42111,42111,"Somerset County, Pennsylvania",46434,1864
0500000US42125,42125,"Washington County, Pennsylvania",56955,2969
0500000US42129,42129,"Westmoreland County, Pennsylvania",54916,2113
0500000US42133,42133,"York County, Pennsylvania",61322,1277
0500000US44003,44003,"Kent County, Rhode Island",63727,4874
0500000US44005,44005,"Newport County, Rhode Island",75402,6356
0500000US44007,44007,"Providence County, Rhode Island",55356,2863
0500000US44009,44009,"Washington County, Rhode Island",71834,5209
0500000US45003,45003,"Aiken County, South Carolina",56961,4326
0500000US45007,45007,"Anderson County, South Carolina",46150,2340
0500000US45013,45013,"Beaufort County, South Carolina",64365,5521
0500000US45015,45015,"Berkeley County, South Carolina",58734,3362
0500000US45019,45019,"Charleston County, South Carolina",69723,2967
0500000US45031,45031,"Darlington County, South Carolina",43696,7223
0500000US45035,45035,"Dorchester County, South Carolina",65118,3376
0500000US45041,45041,"Florence County, South Carolina",62048,5306
0500000US45045,45045,"Greenville County, South Carolina",57196,2883
0500000US45047,45047,"Greenwood County, South Carolina",45455,5490
0500000US45051,45051,"Horry County, South Carolina",45305,1574
0500000US45057,45057,"Lancaster County, South Carolina",53772,6804
0500000US45059,45059,"Laurens County, South Carolina",40596,3884
0500000US45063,45063,"Lexington County, South Carolina",58832,2482
0500000US45073,45073,"Oconee County, South Carolina",35540,3552
0500000US45075,45075,"Orangeburg County, South Carolina",35036,4350
0500000US45077,45077,"Pickens County, South Carolina",42163,3079
0500000US45079,45079,"Richland County, South Carolina",61063,2455
0500000US45083,45083,"Spartanburg County, South Carolina",48467,2144
0500000US45085,45085,"Sumter County, South Carolina",45379,5949
0500000US45091,45091,"York County, South Carolina",61560,2685
0500000US46099,46099,"Minnehaha County, South Dakota",57427,2392
0500000US46103,46103,"Pennington County, South Dakota",49025,3039
0500000US47001,47001,"Anderson County, Tennessee",48625,7080
0500000US47009,47009,"Blount County, Tennessee",48044,4654
0500000US47011,47011,"Bradley County, Tennessee",45524,3004
0500000US47037,47037,"Davidson County, Tennessee",58274,2962
0500000US47059,47059,"Greene County, Tennessee",36065,3316
0500000US47065,47065,"Hamilton County, Tennessee",55627,2718
0500000US47093,47093,"Knox County, Tennessee",51378,1579
0500000US47113,47113,"Madison County, Tennessee",55675,4646
0500000US47119,47119,"Maury County, Tennessee",56329,8074
0500000US47125,47125,"Montgomery County, Tennessee",53099,4880
0500000US47141,47141,"Putnam County, Tennessee",35073,3976
0500000US47147,47147,"Robertson County, Tennessee",55151,6301
0500000US47149,47149,"Rutherford County, Tennessee",55653,2504
0500000US47155,47155,"Sevier County, Tennessee",38572,3283
0500000US47157,47157,"Shelby County, Tennessee",68003,2514
0500000US47163,47163,"Sullivan County, Tennessee",38783,2091
0500000US47165,47165,"Sumner County, Tennessee",60128,4213
0500000US47179,47179,"Washington County, Tennessee",43824,2919
0500000US47187,47187,"Williamson County, Tennessee",96417,7154
0500000US47189,47189,"Wilson County, Tennessee",60473,4684
0500000US48005,48005,"Angelina County, Texas",44555,5794
0500000US48021,48021,"Bastrop County, Texas",60834,8191
0500000US48027,48027,"Bell County, Texas",57401,3661
0500000US48029,48029,"Bexar County, Texas",66597,2027
0500000US48037,48037,"Bowie County, Texas",51220,3521
0500000US48039,48039,"Brazoria County, Texas",79419,6400
0500000US48041,48041,"Brazos County, Texas",50542,3703
0500000US48061,48061,"Cameron County, Texas",50256,5821
0500000US48085,48085,"Collin County, Texas",93823,4240
0500000US48091,48091,"Comal County, Texas",70283,7902
0500000US48099,48099,"Coryell County, Texas",49974,3623
0500000US48113,48113,"Dallas County, Texas",68604,2565
0500000US48121,48121,"Denton County, Texas",85418,3846
0500000US48135,48135,"Ector County, Texas",71989,6605
0500000US48139,48139,"Ellis County, Texas",67379,6165
0500000US48141,48141,"El Paso County, Texas",55982,6249
0500000US48157,48157,"Fort Bend County, Texas",102995,8206
0500000US48167,48167,"Galveston County, Texas",70429,5013
0500000US48181,48181,"Grayson County, Texas",54886,4688
0500000US48183,48183,"Gregg County, Texas",62603,4451
0500000US48187,48187,"Guadalupe County, Texas",65684,7622
0500000US48201,48201,"Harris County, Texas",80861,1529
0500000US48203,48203,"Harrison County, Texas",61071,6485
0500000US48209,48209,"Hays County, Texas",69832,5289
0500000US48213,48213,"Henderson County, Texas",44713,4112
0500000US48215,48215,"Hidalgo County, Texas",49049,3884
0500000US48231,48231,"Hunt County, Texas",48435,8688
0500000US48245,48245,"Jefferson County, Texas",51007,5707
0500000US48251,48251,"Johnson County, Texas",58980,4928
0500000US48257,48257,"Kaufman County, Texas",62069,6963
0500000US48291,48291,"Liberty County, Texas",46571,9220
0500000US48303,48303,"Lubbock County, Texas",51887,3367
0500000US48309,48309,"McLennan County, Texas",52736,4111
0500000US48329,48329,"Midland County, Texas",89305,11989
0500000US48339,48339,"Montgomery County, Texas",76543,3707
0500000US48347,48347,"Nacogdoches County, Texas",48287,4759
0500000US48355,48355,"Nueces County, Texas",62155,4222
0500000US48361,48361,"Orange County, Texas",51956,6603
0500000US48367,48367,"Parker County, Texas",70508,5236
0500000US48375,48375,"Potter County, Texas",43119,4330
0500000US48381,48381,"Randall County, Texas",69069,5362
0500000US48397,48397,"Rockwall County, Texas",86285,9174
0500000US48409,48409,"San Patricio County, Texas",65519,10136
0500000US48423,48423,"Smith County, Texas",52014,3668
0500000US48439,48439,"Tarrant County, Texas",70775,1794
0500000US48441,48441,"Taylor County, Texas",49546,3144
0500000US48451,48451,"Tom Green County, Texas",51259,5463
0500000US48453,48453,"Travis County, Texas",73557,2612
0500000US48469,48469,"Victoria County, Texas",68619,8630
0500000US48471,48471,"Walker County, Texas",40907,3399
0500000US48479,48479,"Webb County, Texas",69556,17334
0500000US48485,48485,"Wichita County, Texas",47680,4156
0500000US48491,48491,"Williamson County, Texas",75098,2752
0500000US49005,49005,"Cache County, Utah",52934,2367
0500000US49011,49011,"Davis County, Utah",71838,2468
0500000US49035,49035,"Salt Lake County, Utah",68035,1976
0500000US49049,49049,"Utah County, Utah",62494,1639
0500000US49053,49053,"Washington County, Utah",52940,4133
0500000US49057,49057,"Weber County, Utah",62704,2196
0500000US50007,50007,"Chittenden County, Vermont",62438,4299
0500000US51003,51003,"Albemarle County, Virginia",66862,6615
0500000US51013,51013,"Arlington County, Virginia",129426,8557
0500000US51015,51015,"Augusta County, Virginia",58573,2558
0500000US51019,51019,"Bedford County, Virginia",59399,6257
0500000US51041,51041,"Chesterfield County, Virginia",82050,3325
0500000US51059,51059,"Fairfax County, Virginia",128685,3611
0500000US51061,51061,"Fauquier County, Virginia",99636,7845
0500000US51069,51069,"Frederick County, Virginia",68143,5917
0500000US51085,51085,"Hanover County, Virginia",85136,8810
0500000US51087,51087,"Henrico County, Virginia",68482,5128
0500000US51095,51095,"James City County, Virginia",78175,6595
0500000US51107,51107,"Loudoun County, Virginia",130601,3514
0500000US51121,51121,"Montgomery County, Virginia",44638,5677
0500000US51153,51153,"Prince William County, Virginia",106281,4077
0500000US51161,51161,"Roanoke County, Virginia",61233,4218
0500000US51165,51165,"Rockingham County, Virginia",58999,4711
0500000US51177,51177,"Spotsylvania County, Virginia",78258,4605
0500000US51179,51179,"Stafford County, Virginia",96887,7479
0500000US51199,51199,"York County, Virginia",86025,11241
0500000US51510,51510,"Alexandria city, Virginia",110581,4255
0500000US51550,51550,"Chesapeake city, Virginia",72827,4373
0500000US51650,51650,"Hampton city, Virginia",52188,3399
0500000US51680,51680,"Lynchburg city, Virginia",48077,5396
0500000US51700,51700,"Newport News city, Virginia",60794,2672
0500000US51710,51710,"Norfolk city, Virginia",60038,3569
0500000US51740,51740,"Portsmouth city, Virginia",52968,7055
0500000US51760,51760,"Richmond city, Virginia",59661,4685
0500000US51770,51770,"Roanoke city, Virginia",44485,5806
0500000US51800,51800,"Suffolk city, Virginia",78916,5506
0500000US51810,51810,"Virginia Beach city, Virginia",74591,2616
0500000US53005,53005,"Benton County, Washington",61236,2979
0500000US53007,53007,"Chelan County, Washington",51511,5808
0500000US53009,53009,"Clallam County, Washington",48433,5321
0500000US53011,53011,"Clark County, Washington",63572,1849
0500000US53015,53015,"Cowlitz County, Washington",44503,3768
0500000US53021,53021,"Franklin County, Washington",64852,14743
0500000US53025,53025,"Grant County, Washington",51964,5229
0500000US53027,53027,"Grays Harbor County, Washington",43595,2573
0500000US53029,53029,"Island County, Washington",61695,5014
0500000US53033,53033,"King County, Washington",82286,1671
0500000US53035,53035,"Kitsap County, Washington",63449,3558
0500000US53041,53041,"Lewis County, Washington",45073,5520
0500000US53053,53053,"Pierce County, Washington",63991,2700
0500000US53057,53057,"Skagit County, Washington",52430,5294
0500000US53061,53061,"Snohomish County, Washington",73597,2326
0500000US53063,53063,"Spokane County, Washington",51363,1749
0500000US53067,53067,"Thurston County, Washington",61182,2734
0500000US53073,53073,"Whatcom County, Washington",55053,3251
0500000US53077,53077,"Yakima County, Washington",51209,3165
0500000US54003,54003,"Berkeley County, West Virginia",60115,4026
0500000US54011,54011,"Cabell County, West Virginia",34470,2527
0500000US54033,54033,"Harrison County, West Virginia",40900,2537
0500000US54039,54039,"Kanawha County, West Virginia",46030,2519
0500000US54061,54061,"Monongalia County, West Virginia",44242,5267
0500000US54081,54081,"Raleigh County, West Virginia",41640,3741
0500000US54107,54107,"Wood County, West Virginia",43178,3194
0500000US55009,55009,"Brown County, Wisconsin",56607,3095
0500000US55025,55025,"Dane County, Wisconsin",65514,2256
0500000US55027,55027,"Dodge County, Wisconsin",54099,4005
0500000US55035,55035,"Eau Claire County, Wisconsin",48046,2819
0500000US55039,55039,"Fond du Lac County, Wisconsin",52780,4063
0500000US55055,55055,"Jefferson County, Wisconsin",56996,4732
0500000US55059,55059,"Kenosha County, Wisconsin",58044,4865
0500000US55063,55063,"La Crosse County, Wisconsin",50860,2776
0500000US55071,55071,"Manitowoc County, Wisconsin",46660,4351
0500000US55073,55073,"Marathon County, Wisconsin",55162,3977
0500000US55079,55079,"Milwaukee County, Wisconsin",55077,1418
0500000US55087,55087,"Outagamie County, Wisconsin",59636,3623
0500000US55089,55089,"Ozaukee County, Wisconsin",73308,8981
0500000US55097,55097,"Portage County, Wisconsin",52004,2931
0500000US55101,55101,"Racine County, Wisconsin",59728,4413
0500000US55105,55105,"Rock County, Wisconsin",54000,2646
0500000US55109,55109,"St. Croix County, Wisconsin",75568,4748
0500000US55117,55117,"Sheboygan County, Wisconsin",53520,3628
0500000US55127,55127,"Walworth County, Wisconsin",52563,3183
0500000US55131,55131,"Washington County, Wisconsin",68951,3344
0500000US55133,55133,"Waukesha County, Wisconsin",76382,2450
0500000US55139,55139,"Winnebago County, Wisconsin",53215,1733
0500000US55141,55141,"Wood County, Wisconsin",51483,2450
0500000US56021,56021,"Laramie County, Wyoming",62020,4252
0500000US56025,56025,"Natrona County, Wyoming",59299,5024
