GEO.id,GEO.id2,GEO.display-label,HD01_VD01,HD02_VD01
Id,Id2,Geography,Estimate; Median household income in the past 12 months (in 2012 inflation-adjusted dollars),Margin of Error; Median household income in the past 12 months (in 2012 inflation-adjusted dollars)
0500000US01003,01003,"Baldwin County, Alabama",50660,2069
0500000US01015,01015,"Calhoun County, Alabama",43580,3320
0500000US01043,01043,"Cullman County, Alabama",38204,2717
0500000US01049,01049,"DeKalb County, Alabama",39187,1893
0500000US01051,01051,"Elmore County, Alabama",56749,7125
0500000US01055,01055,"Etowah County, Alabama",34963,3677
0500000US01069,01069,"Houston County, Alabama",48077,3083
0500000US01073,01073,"Jefferson County, Alabama",60494,2976
0500000US01077,01077,"Lauderdale County, Alabama",43806,5710
0500000US01081,01081,"Lee County, Alabama",53972,4835
0500000US01083,01083,"Limestone County, Alabama",49505,4753
0500000US01089,01089,"Madison County, Alabama",66614,2844
0500000US01095,01095,"Marshall County, Alabama",39378,3174
0500000US01097,01097,"Mobile County, Alabama",50549,1672
0500000US01101,01101,"Montgomery County, Alabama",59385,4161
0500000US01103,01103,"Morgan County, Alabama",50277,2297
0500000US01115,01115,"St. Clair County, Alabama",52893,3397
0500000US01117,01117,"Shelby County, Alabama",67073,4060
0500000US01121,01121,"Talladega County, Alabama",43318,5084
0500000US01125,01125,"Tuscaloosa County, Alabama",49856,5773
0500000US01127,01127,"Walker County, Alabama",35879,4982
0500000US02020,02020,"Anchorage Municipality, Alaska",83359,4966
0500000US02090,02090,"Fairbanks North Star Borough, Alaska",71293,4592
0500000US02170,02170,"Matanuska-Susitna Borough, Alaska",69409,3762
0500000US04001,04001,"Apache County, Arizona",44884,13355
0500000US04003,04003,"Cochise County, Arizona",47603,3887
0500000US04005,04005,"Coconino County, Arizona",51601,4646
0500000US04013,04013,"Maricopa County, Arizona",58638,1224
0500000US04015,04015,"Mohave County, Arizona",35502,2440
0500000US04017,04017,"Navajo County, Arizona",43648,4238
0500000US04019,04019,"Pima County, Arizona",51546,1224
0500000US04021,04021,"Pinal County, Arizona",52642,3098
0500000US04025,04025,"Yavapai County, Arizona",45678,3064
0500000US04027,04027,"Yuma County, Arizona",48289,3766
0500000US05007,05007,"Benton County, Arkansas",52421,3069
0500000US05031,05031,"Craighead County, Arkansas",47246,6566
0500000US05045,05045,"Faulkner County, Arkansas",52379,3732
0500000US05051,05051,"Garland County, Arkansas",43702,3516
0500000US05069,05069,"Jefferson County, Arkansas",48537,6418
0500000US05085,05085,"Lonoke County, Arkansas",51575,1839
0500000US05119,05119,"Pulaski County, Arkansas",57737,2652
0500000US05125,05125,"Saline County, Arkansas",58254,4238
0500000US05131,05131,"Sebastian County, Arkansas",39768,3672
0500000US05143,05143,"Washington County, Arkansas",43157,3047
0500000US05145,05145,"White County, Arkansas",41512,3513
0500000US06001,06001,"Alameda County, California",85216,2639
0500000US06007,06007,"Butte County, California",42445,5342
0500000US06013,06013,"Contra Costa County, California",86928,2612
0500000US06017,06017,"El Dorado County, California",70848,3468
0500000US06019,06019,"Fresno County, California",54974,3038
0500000US06023,06023,"Humboldt County, California",42392,3870
0500000US06025,06025,"Imperial County, California",51864,7913
0500000US06029,06029,"Kern County, California",57186,2989
0500000US06031,06031,"Kings County, California",58038,8116
0500000US06033,06033,"Lake County, California",36269,5612
0500000US06037,06037,"Los Angeles County, California",70698,880
0500000US06039,06039,"Madera County, California",47713,5741
0500000US06041,06041,"Marin County, California",99014,6397
0500000US06045,06045,"Mendocino County, California",44796,7364
0500000US06047,06047,"Merced County, California",49528,3692
0500000US06053,06053,"Monterey County, California",70988,3818
0500000US06055,06055,"Napa County, California",66941,6302
0500000US06057,06057,"Nevada County, California",56077,7383
0500000US06059,06059,"Orange County, California",81292,1267
0500000US06061,06061,"Placer County, California",70622,3131
0500000US06065,06065,"Riverside County, California",60065,1802
0500000US06067,06067,"Sacramento County, California",61058,1556
0500000US06071,06071,"San Bernardino County, California",54633,1979
0500000US06073,06073,"San Diego County, California",66416,1531
0500000US06075,06075,"San Francisco County, California",97531,5942
0500000US06077,06077,"San Joaquin County, California",58281,3027
0500000US06079,06079,"San Luis Obispo County, California",65412,4635
0500000US06081,06081,"San Mateo County, California",95711,4061
0500000US06083,06083,"Santa Barbara County, California",70411,2612
0500000US06085,06085,"Santa Clara County, California",100480,2534
0500000US06087,06087,"Santa Cruz County, California",73141,5712
0500000US06089,06089,"Shasta County, California",46395,3043
0500000US06095,06095,"Solano County, California",70203,2966
0500000US06097,06097,"Sonoma County, California",64654,2784
0500000US06099,06099,"Stanislaus County, California",52907,2712
0500000US06101,06101,"Sutter County, California",54221,7503
0500000US06107,06107,"Tulare County, California",51202,4165
0500000US06111,06111,"Ventura County, California",78457,2686
0500000US06113,06113,"Yolo County, California",65544,4004
0500000US06115,06115,"Yuba County, California",45256,7707
0500000US08001,08001,"Adams County, Colorado",61577,1600
0500000US08005,08005,"Arapahoe County, Colorado",67671,2346
0500000US08013,08013,"Boulder County, Colorado",71257,3220
0500000US08031,08031,"Denver County, Colorado",59983,2548
0500000US08035,08035,"Douglas County, Colorado",96537,4380
0500000US08041,08041,"El Paso County, Colorado",59618,3034
0500000US08059,08059,"Jefferson County, Colorado",70699,1908
0500000US08069,08069,"Larimer County, Colorado",57122,2397
0500000US08077,08077,"Mesa County, Colorado",47436,3900
0500000US08101,08101,"Pueblo County, Colorado",46539,1994
0500000US08123,08123,"Weld County, Colorado",62726,4561
0500000US09001,09001,"Fairfield County, Connecticut",97654,3759
0500000US09003,09003,"Hartford County, Connecticut",74519,2026
0500000US09005,09005,"Litchfield County, Connecticut",68426,3291
0500000US09007,09007,"Middlesex County, Connecticut",76506,4789
0500000US09009,09009,"New Haven County, Connecticut",69617,2225
0500000US09011,09011,"New London County, Connecticut",71484,2999
0500000US09013,09013,"Tolland County, Connecticut",78908,6707
0500000US09015,09015,"Windham County, Connecticut",57819,6433
0500000US10001,10001,"Kent County, Delaware",57754,4591
0500000US10003,10003,"New Castle County, Delaware",69279,3271
0500000US10005,10005,"Sussex County, Delaware",53496,2947
0500000US11001,11001,"District of Columbia, District of Columbia",110619,4981
0500000US12001,12001,"Alachua County, Florida",51354,4106
0500000US12005,12005,"Bay County, Florida",48263,4232
0500000US12009,12009,"Brevard County, Florida",47601,1961
0500000US12011,12011,"Broward County, Florida",55830,1914
0500000US12015,12015,"Charlotte County, Florida",46442,2605
0500000US12017,12017,"Citrus County, Florida",39300,2313
0500000US12019,12019,"Clay County, Florida",56296,4178
0500000US12021,12021,"Collier County, Florida",58507,3984
0500000US12023,12023,"Columbia County, Florida",37852,5473
0500000US12031,12031,"Duval County, Florida",51661,1516
0500000US12033,12033,"Escambia County, Florida",50550,2709
0500000US12035,12035,"Flagler County, Florida",43893,2216
0500000US12053,12053,"Hernando County, Florida",36830,2205
0500000US12055,12055,"Highlands County, Florida",36423,3248
0500000US12057,12057,"Hillsborough County, Florida",56498,1827
0500000US12061,12061,"Indian River County, Florida",43353,2929
0500000US12069,12069,"Lake County, Florida",41598,1933
0500000US12071,12071,"Lee County, Florida",51340,1440
0500000US12073,12073,"Leon County, Florida",56396,3634
0500000US12081,12081,"Manatee County, Florida",51298,1820
0500000US12083,12083,"Marion County, Florida",39428,2306
0500000US12085,12085,"Martin County, Florida",46837,2804
0500000US12086,12086,"Miami-Dade County, Florida",66384,3801
0500000US12087,12087,"Monroe County, Florida",62250,8048
0500000US12089,12089,"Nassau County, Florida",52245,4625
0500000US12091,12091,"Okaloosa County, Florida",55296,3204
0500000US12095,12095,"Orange County, Florida",56806,2137
0500000US12097,12097,"Osceola County, Florida",51102,3955
0500000US12099,12099,"Palm Beach County, Florida",58623,1735
0500000US12101,12101,"Pasco County, Florida",42602,1312
0500000US12103,12103,"Pinellas County, Florida",47872,1191
0500000US12105,12105,"Polk County, Florida",44014,1674
0500000US12107,12107,"Putnam County, Florida",36826,3104
0500000US12109,12109,"St. Johns County, Florida",62270,4520
0500000US12111,12111,"St. Lucie County, Florida",46944,3498
0500000US12113,12113,"Santa Rosa County, Florida",62993,3250
0500000US12115,12115,"Sarasota County, Florida",49322,2285
0500000US12117,12117,"Seminole County, Florida",60910,2141
0500000US12119,12119,"Sumter County, Florida",46928,4712
0500000US12127,12127,"Volusia County, Florida",42091,1261
0500000US13013,13013,"Barrow County, Georgia",49608,4870
0500000US13015,13015,"Bartow County, Georgia",52639,7197
0500000US13021,13021,"Bibb County, Georgia",52430,6426
0500000US13031,13031,"Bulloch County, Georgia",39714,6403
0500000US13045,13045,"Carroll County, Georgia",47419,6622
0500000US13047,13047,"Catoosa County, Georgia",42500,8710
0500000US13051,13051,"Chatham County, Georgia",52121,2822
0500000US13057,13057,"Cherokee County, Georgia",69121,7394
0500000US13059,13059,"Clarke County, Georgia",40684,5936
0500000US13063,13063,"Clayton County, Georgia",37642,5012
0500000US13067,13067,"Cobb County, Georgia",75936,2773
0500000US13073,13073,"Columbia County, Georgia",71243,4000
0500000US13077,13077,"Coweta County, Georgia",64613,4462
0500000US13089,13089,"DeKalb County, Georgia",75575,4195
0500000US13095,13095,"Dougherty County, Georgia",53903,7378
0500000US13097,13097,"Douglas County, Georgia",57346,7907
0500000US13113,13113,"Fayette County, Georgia",78457,7599
0500000US13115,13115,"Floyd County, Georgia",42172,5999
0500000US13117,13117,"Forsyth County, Georgia",85775,5857
0500000US13121,13121,"Fulton County, Georgia",87776,5268
0500000US13127,13127,"Glynn County, Georgia",55855,4564
0500000US13135,13135,"Gwinnett County, Georgia",72877,2827
0500000US13139,13139,"Hall County, Georgia",57625,5130
0500000US13151,13151,"Henry County, Georgia",56741,4334
0500000US13153,13153,"Houston County, Georgia",60135,7189
0500000US13179,13179,"Liberty County, Georgia",38025,5582
0500000US13185,13185,"Lowndes County, Georgia",47299,5969
0500000US13215,13215,"Muscogee County, Georgia",55610,3995
0500000US13217,13217,"Newton County, Georgia",50524,4109
0500000US13223,13223,"Paulding County, Georgia",56789,3453
0500000US13245,13245,"Richmond County, Georgia",45685,3845
0500000US13247,13247,"Rockdale County, Georgia",53039,7823
0500000US13285,13285,"Troup County, Georgia",45245,9667
0500000US13295,13295,"Walker County, Georgia",36526,3407
0500000US13297,13297,"Walton County, Georgia",52385,5661
0500000US13313,13313,"Whitfield County, Georgia",40154,4365
0500000US15001,15001,"Hawaii County, Hawaii",56917,6304
0500000US15003,15003,"Honolulu County, Hawaii",73519,3001
0500000US15007,15007,"Kauai County, Hawaii",56529,9863
0500000US15009,15009,"Maui County, Hawaii",64210,6508
0500000US16001,16001,"Ada County, Idaho",55405,2421
0500000US16005,16005,"Bannock County, Idaho",43395,3275
0500000US16019,16019,"Bonneville County, Idaho",51437,3918
0500000US16027,16027,"Canyon County, Idaho",43878,2166
0500000US16055,16055,"Kootenai County, Idaho",47239,3757
0500000US16083,16083,"Twin Falls County, Idaho",41302,3568
0500000US17001,17001,"Adams County, Illinois",46403,4834
0500000US17019,17019,"Champaign County, Illinois",50674,3636
0500000US17031,17031,"Cook County, Illinois",66942,990
0500000US17037,17037,"DeKalb County, Illinois",52130,3854
0500000US17043,17043,"DuPage County, Illinois",81895,1568
0500000US17089,17089,"Kane County, Illinois",77078,3220
0500000US17091,17091,"Kankakee County, Illinois",56860,5711
0500000US17093,17093,"Kendall County, Illinois",81890,6308
0500000US17097,17097,"Lake County, Illinois",86159,3375
0500000US17099,17099,"LaSalle County, Illinois",50062,2128
0500000US17111,17111,"McHenry County, Illinois",79426,3235
0500000US17113,17113,"McLean County, Illinois",64678,3325
0500000US17115,17115,"Macon County, Illinois",47750,2908
0500000US17119,17119,"Madison County, Illinois",54431,3383
0500000US17143,17143,"Peoria County, Illinois",51994,2329
0500000US17161,17161,"Rock Island County, Illinois",52111,1711
0500000US17163,17163,"St. Clair County, Illinois",60154,5434
0500000US17167,17167,"Sangamon County, Illinois",60845,1847
0500000US17179,17179,"Tazewell County, Illinois",61435,3566
0500000US17183,17183,"Vermilion County, Illinois",41315,2541
0500000US17197,17197,"Will County, Illinois",75855,1997
0500000US17199,17199,"Williamson County, Illinois",41404,2478
0500000US17201,17201,"Winnebago County, Illinois",54525,2896
0500000US18003,18003,"Allen County, Indiana",52704,1528
0500000US18005,18005,"Bartholomew County, Indiana",50586,6039
0500000US18019,18019,"Clark County, Indiana",51031,2743
0500000US18035,18035,"Delaware County, Indiana",38598,2201
0500000US18039,18039,"Elkhart County, Indiana",46169,2096
0500000US18043,18043,"Floyd County, Indiana",56064,2834
0500000US18053,18053,"Grant County, Indiana",41567,2532
0500000US18057,18057,"Hamilton County, Indiana",82209,4856
0500000US18059,18059,"Hancock County, Indiana",63912,7490
0500000US18063,18063,"Hendricks County, Indiana",71933,1858
0500000US18067,18067,"Howard County, Indiana",40527,3653
0500000US18081,18081,"Johnson County, Indiana",61943,3739
0500000US18085,18085,"Kosciusko County, Indiana",50782,3783
0500000US18089,18089,"Lake County, Indiana",59020,3513
0500000US18091,18091,"LaPorte County, Indiana",47235,3378
0500000US18095,18095,"Madison County, Indiana",44038,2494
0500000US18097,18097,"Marion County, Indiana",50561,1490
0500000US18105,18105,"Monroe County, Indiana",39322,2299
0500000US18109,18109,"Morgan County, Indiana",50418,4129
0500000US18127,18127,"Porter County, Indiana",63885,4203
0500000US18141,18141,"St. Joseph County, Indiana",49568,1660
0500000US18157,18157,"Tippecanoe County, Indiana",46105,3732
0500000US18163,18163,"Vanderburgh County, Indiana",44270,3205
0500000US18167,18167,"Vigo County, Indiana",42011,2919
0500000US18177,18177,"Wayne County, Indiana",34334,3205
0500000US19013,19013,"Black Hawk County, Iowa",51478,1763
0500000US19049,19049,"Dallas County, Iowa",70782,5455
0500000US19061,19061,"Dubuque County, Iowa",50478,2822
0500000US19103,19103,"Johnson County, Iowa",55040,5679
0500000US19113,19113,"Linn County, Iowa",59165,3340
0500000US19153,19153,"Polk County, Iowa",60760,1558
0500000US19155,19155,"Pottawattamie County, Iowa",51481,2666
0500000US19163,19163,"Scott County, Iowa",55507,4483
0500000US19169,19169,"Story County, Iowa",51551,3127
0500000US19193,19193,"Woodbury County, Iowa",44452,3208
0500000US20015,20015,"Butler County, Kansas",60112,7544
0500000US20045,20045,"Douglas County, Kansas",50929,3405
0500000US20091,20091,"Johnson County, Kansas",76394,2212
0500000US20103,20103,"Leavenworth County, Kansas",60697,5214
0500000US20161,20161,"Riley County, Kansas",42914,2645
0500000US20173,20173,"Sedgwick County, Kansas",52469,1679
0500000US20177,20177,"Shawnee County, Kansas",52578,1993
0500000US20209,20209,"Wyandotte County, Kansas",46901,2883
0500000US21015,21015,"Boone County, Kentucky",65268,5416
0500000US21029,21029,"Bullitt County, Kentucky",57895,4077
0500000US21037,21037,"Campbell County, Kentucky",57227,3285
0500000US21047,21047,"Christian County, Kentucky",44294,3421
0500000US21059,21059,"Daviess County, Kentucky",46127,4626
0500000US21067,21067,"Fayette County, Kentucky",53070,2892
0500000US21093,21093,"Hardin County, Kentucky",46673,1743
0500000US21111,21111,"Jefferson County, Kentucky",52006,1322
0500000US21117,21117,"Kenton County, Kentucky",55935,3655
0500000US21145,21145,"McCracken County, Kentucky",45491,4410
0500000US21151,21151,"Madison County, Kentucky",40463,5641
0500000US21195,21195,"Pike County, Kentucky",32482,3712
0500000US21227,21227,"Warren County, Kentucky",44815,4236
0500000US22005,22005,"Ascension Parish, Louisiana",70106,4012
0500000US22015,22015,"Bossier Parish, Louisiana",60124,4713
0500000US22017,22017,"Caddo Parish, Louisiana",54289,4281
0500000US22019,22019,"Calcasieu Parish, Louisiana",51162,2912
0500000US22033,22033,"East Baton Rouge Parish, Louisiana",64450,5091
0500000US22045,22045,"Iberia Parish, Louisiana",57904,7496
0500000US22051,22051,"Jefferson Parish, Louisiana",53341,2348
0500000US22055,22055,"Lafayette Parish, Louisiana",57140,6209
0500000US22057,22057,"Lafourche Parish, Louisiana",52837,3611
0500000US22063,22063,"Livingston Parish, Louisiana",53554,6079
0500000US22071,22071,"Orleans Parish, Louisiana",61796,2818
0500000US22073,22073,"Ouachita Parish, Louisiana",46584,3771
0500000US22079,22079,"Rapides Parish, Louisiana",50300,3592
0500000US22097,22097,"St. Landry Parish, Louisiana",47674,7294
0500000US22103,22103,"St. Tammany Parish, Louisiana",62170,4968
0500000US22105,22105,"Tangipahoa Parish, Louisiana",43374,3550
0500000US22109,22109,"Terrebonne Parish, Louisiana",53098,4803
0500000US23001,23001,"Androscoggin County, Maine",46492,7380
0500000US23003,23003,"Aroostook County, Maine",38409,2588
0500000US23005,23005,"Cumberland County, Maine",57207,2660
0500000US23011,23011,"Kennebec County, Maine",46563,2440
0500000US23019,23019,"Penobscot County, Maine",41756,1910
0500000US23031,23031,"York County, Maine",53075,2561
0500000US24001,24001,"Allegany County, Maryland",39375,3021
0500000US24003,24003,"Anne Arundel County, Maryland",94635,2661
0500000US24005,24005,"Baltimore County, Maryland",67026,1841
0500000US24009,24009,"Calvert County, Maryland",94561,6194
0500000US24013,24013,"Carroll County, Maryland",80991,3537
0500000US24015,24015,"Cecil County, Maryland",66133,6698
0500000US24017,24017,"Charles County, Maryland",91661,6694
0500000US24021,24021,"Frederick County, Maryland",83900,5244
0500000US24025,24025,"Harford County, Maryland",79411,4000
0500000US24027,24027,"Howard County, Maryland",118968,4460
0500000US24031,24031,"Montgomery County, Maryland",117207,3504
0500000US24033,24033,"Prince George's County, Maryland",78665,4588
0500000US24037,24037,"St. Mary's County, Maryland",91697,2535
0500000US24043,24043,"Washington County, Maryland",53284,3616
0500000US24045,24045,"Wicomico County, Maryland",57618,6528
0500000US24510,24510,"Baltimore city, Maryland",58046,3238
0500000US25001,25001,"Barnstable County, Massachusetts",60812,3764
0500000US25003,25003,"Berkshire County, Massachusetts",47047,3022
0500000US25005,25005,"Bristol County, Massachusetts",56902,2257
0500000US25009,25009,"Essex County, Massachusetts",74739,2158
0500000US25011,25011,"Franklin County, Massachusetts",55733,2474
0500000US25013,25013,"Hampden County, Massachusetts",59140,2226
0500000US25015,25015,"Hampshire County, Massachusetts",59593,3899
0500000US25017,25017,"Middlesex County, Massachusetts",86849,1597
0500000US25021,25021,"Norfolk County, Massachusetts",82757,3716
0500000US25023,25023,"Plymouth County, Massachusetts",76760,2344
0500000US25025,25025,"Suffolk County, Massachusetts",68495,4273
0500000US25027,25027,"Worcester County, Massachusetts",67078,1488
0500000US26005,26005,"Allegan County, Michigan",50807,2723
0500000US26017,26017,"Bay County, Michigan",44640,2851
0500000US26021,26021,"Berrien County, Michigan",49367,3751
0500000US26025,26025,"Calhoun County, Michigan",41579,2179
0500000US26037,26037,"Clinton County, Michigan",59939,4043
0500000US26045,26045,"Eaton County, Michigan",57232,2777
0500000US26049,26049,"Genesee County, Michigan",45905,1440
0500000US26055,26055,"Grand Traverse County, Michigan",52580,3507
0500000US26065,26065,"Ingham County, Michigan",48462,2712
0500000US26073,26073,"Isabella County, Michigan",36021,3086
0500000US26075,26075,"Jackson County, Michigan",43961,3434
0500000US26077,26077,"Kalamazoo County, Michigan",48765,2214
0500000US26081,26081,"Kent County, Michigan",55291,1858
0500000US26087,26087,"Lapeer County, Michigan",51779,1706
0500000US26091,26091,"Lenawee County, Michigan",49185,2919
0500000US26093,26093,"Livingston County, Michigan",75626,2682
0500000US26099,26099,"Macomb County, Michigan",54277,1605
0500000US26103,26103,"Marquette County, Michigan",44868,4496
0500000US26111,26111,"Midland County, Michigan",51730,3171
0500000US26115,26115,"Monroe County, Michigan",50908,2835
0500000US26121,26121,"Muskegon County, Michigan",44775,2116
0500000US26125,26125,"Oakland County, Michigan",67207,1449
0500000US26139,26139,"Ottawa County, Michigan",56388,2516
0500000US26145,26145,"Saginaw County, Michigan",46952,3166
0500000US26147,26147,"St. Clair County, Michigan",45418,2279
0500000US26155,26155,"Shiawassee County, Michigan",42037,3806
0500000US26159,26159,"Van Buren County, Michigan",46203,4210
0500000US26161,26161,"Washtenaw County, Michigan",61108,2067
0500000US26163,26163,"Wayne County, Michigan",52140,1105
0500000US27003,27003,"Anoka County, Minnesota",70520,2842
0500000US27013,27013,"Blue Earth County, Minnesota",49405,3546
0500000US27019,27019,"Carver County, Minnesota",83782,4464
0500000US27037,27037,"Dakota County, Minnesota",75342,2888
0500000US27053,27053,"Hennepin County, Minnesota",71073,1382
0500000US27109,27109,"Olmsted County, Minnesota",65232,3982
0500000US27123,27123,"Ramsey County, Minnesota",62223,1752
0500000US27137,27137,"St. Louis County, Minnesota",47685,2638
0500000US27139,27139,"Scott County, Minnesota",84904,5743
0500000US27141,27141,"Sherburne County, Minnesota",69150,3713
0500000US27145,27145,"Stearns County, Minnesota",56554,2287
0500000US27163,27163,"Washington County, Minnesota",80690,2789
0500000US27171,27171,"Wright County, Minnesota",74004,4493
0500000US28033,28033,"DeSoto County, Mississippi",57022,2479
0500000US28035,28035,"Forrest County, Mississippi",40733,6418
0500000US28047,28047,"Harrison County, Mississippi",48037,2545
0500000US28049,28049,"Hinds County, Mississippi",49627,5372
0500000US28059,28059,"Jackson County, Mississippi",50572,4160
0500000US28067,28067,"Jones County, Mississippi",41326,3387
0500000US28075,28075,"Lauderdale County, Mississippi",45080,6084
0500000US28081,28081,"Lee County, Mississippi",51542,7221
0500000US28089,28089,"Madison County, Mississippi",76520,4449
0500000US28121,28121,"Rankin County, Mississippi",60337,2624
0500000US29019,29019,"Boone County, Missouri",51163,3819
0500000US29021,29021,"Buchanan County, Missouri",43102,3638
0500000US29031,29031,"Cape Girardeau County, Missouri",47190,2998
0500000US29037,29037,"Cass County, Missouri",54299,3312
0500000US29043,29043,"Christian County, Missouri",52998,2582
0500000US29047,29047,"Clay County, Missouri",59702,4475
0500000US29051,29051,"Cole County, Missouri",54460,3948
0500000US29071,29071,"Franklin County, Missouri",43582,5012
0500000US29077,29077,"Greene County, Missouri",40753,2189
0500000US29095,29095,"Jackson County, Missouri",52656,1669
0500000US29097,29097,"Jasper County, Missouri",38111,2630
0500000US29099,29099,"Jefferson County, Missouri",52738,2366
0500000US29165,29165,"Platte County, Missouri",69707,5516
0500000US29183,29183,"St. Charles County, Missouri",71278,1821
0500000US29187,29187,"St. Francois County, Missouri",34819,4098
0500000US29189,29189,"St. Louis County, Missouri",65596,2125
0500000US29510,29510,"St. Louis city, Missouri",50045,2892
0500000US30013,30013,"Cascade County, Montana",46075,7266
0500000US30029,30029,"Flathead County, Montana",46759,3906
0500000US30031,30031,"Gallatin County, Montana",55706,4777
0500000US30063,30063,"Missoula County, Montana",46666,4088
0500000US30111,30111,"Yellowstone County, Montana",51426,2954
0500000US31055,31055,"Douglas County, Nebraska",57070,1721
0500000US31109,31109,"Lancaster County, Nebraska",53825,3559
0500000US31153,31153,"Sarpy County, Nebraska",70414,3706
0500000US32003,32003,"Clark County, Nevada",54517,1876
0500000US32031,32031,"Washoe County, Nevada",53043,2261
0500000US33005,33005,"Cheshire County, New Hampshire",55519,4064
0500000US33009,33009,"Grafton County, New Hampshire",52305,3795
0500000US33011,33011,"Hillsborough County, New Hampshire",70518,3134
0500000US33013,33013,"Merrimack County, New Hampshire",59140,4906
0500000US33015,33015,"Rockingham County, New Hampshire",76447,2411
0500000US33017,33017,"Strafford County, New Hampshire",52862,5506
0500000US34001,34001,"Atlantic County, New Jersey",58836,3815
0500000US34003,34003,"Bergen County, New Jersey",87240,3190
0500000US34005,34005,"Burlington County, New Jersey",79131,2483
0500000US34007,34007,"Camden County, New Jersey",69207,4159
0500000US34009,34009,"Cape May County, New Jersey",58358,3431
0500000US34011,34011,"Cumberland County, New Jersey",50826,4997
0500000US34013,34013,"Essex County, New Jersey",87134,4578
0500000US34015,34015,"Gloucester County, New Jersey",76795,3756
0500000US34017,34017,"Hudson County, New Jersey",76031,2837
0500000US34019,34019,"Hunterdon County, New Jersey",105270,8023
0500000US34021,34021,"Mercer County, New Jersey",86068,6227
0500000US34023,34023,"Middlesex County, New Jersey",76568,2966
0500000US34025,34025,"Monmouth County, New Jersey",88043,3900
0500000US34027,34027,"Morris County, New Jersey",100222,2611
0500000US34029,34029,"Ocean County, New Jersey",59008,2467
0500000US34031,34031,"Passaic County, New Jersey",78601,3644
0500000US34033,34033,"Salem County, New Jersey",67170,5186
0500000US34035,34035,"Somerset County, New Jersey",98623,4925
0500000US34037,34037,"Sussex County, New Jersey",86432,4374
0500000US34039,34039,"Union County, New Jersey",86901,3960
0500000US34041,34041,"Warren County, New Jersey",71674,3514
0500000US35001,35001,"Bernalillo County, New Mexico",56466,3367
0500000US35005,35005,"Chaves County, New Mexico",52853,7633
0500000US35013,35013,"Doña Ana County, New Mexico",55130,4505
0500000US35025,35025,"Lea County, New Mexico",62459,11046
0500000US35031,35031,"McKinley County, New Mexico",50662,9437
0500000US35035,35035,"Otero County, New Mexico",48601,4938
0500000US35043,35043,"Sandoval County, New Mexico",61082,3581
0500000US35045,35045,"San Juan County, New Mexico",56917,5436
0500000US35049,35049,"Santa Fe County, New Mexico",59961,5860
0500000US35061,35061,"Valencia County, New Mexico",48761,6442
0500000US36001,36001,"Albany County, New York",62058,2406
0500000US36005,36005,"Bronx County, New York",52354,3870
0500000US36007,36007,"Broome County, New York",46480,2619
0500000US36009,36009,"Cattaraugus County, New York",43540,2901
0500000US36011,36011,"Cayuga County, New York",50299,2167
0500000US36013,36013,"Chautauqua County, New York",42629,2082
0500000US36015,36015,"Chemung County, New York",47582,5286
0500000US36019,36019,"Clinton County, New York",52868,3977
0500000US36027,36027,"Dutchess County, New York",70985,3285
0500000US36029,36029,"Erie County, New York",57172,1780
0500000US36045,36045,"Jefferson County, New York",46485,2714
0500000US36047,36047,"Kings County, New York",57924,2537
0500000US36051,36051,"Livingston County, New York",53285,3013
0500000US36053,36053,"Madison County, New York",48261,3618
0500000US36055,36055,"Monroe County, New York",57629,1796
0500000US36059,36059,"Nassau County, New York",101995,1918
0500000US36061,36061,"New York County, New York",100669,1985
0500000US36063,36063,"Niagara County, New York",50954,2026
0500000US36065,36065,"Oneida County, New York",49805,2686
0500000US36067,36067,"Onondaga County, New York",56952,1464
0500000US36069,36069,"Ontario County, New York",53070,2599
0500000US36071,36071,"Orange County, New York",71467,4260
0500000US36075,36075,"Oswego County, New York",46948,2733
0500000US36079,36079,"Putnam County, New York",98301,8446
0500000US36081,36081,"Queens County, New York",61839,2011
0500000US36083,36083,"Rensselaer County, New York",62620,2845
0500000US36085,36085,"Richmond County, New York",77447,3449
0500000US36087,36087,"Rockland County, New York",87137,2917
0500000US36089,36089,"St. Lawrence County, New York",42319,3273
0500000US36091,36091,"Saratoga County, New York",66683,3395
0500000US36093,36093,"Schenectady County, New York",62841,4243
0500000US36101,36101,"Steuben County, New York",46593,2810
0500000US36103,36103,"Suffolk County, New York",91438,2139
0500000US36105,36105,"Sullivan County, New York",51848,4273
0500000US36109,36109,"Tompkins County, New York",54447,7374
0500000US36111,36111,"Ulster County, New York",59334,3239
0500000US36113,36113,"Warren County, New York",54269,3199
0500000US36117,36117,"Wayne County, New York",48664,3424
0500000US36119,36119,"Westchester County, New York",99479,3906
0500000US37001,37001,"Alamance County, North Carolina",44901,3250
0500000US37019,37019,"Brunswick County, North Carolina",51389,2976
0500000US37021,37021,"Buncombe County, North Carolina",46450,2785
0500000US37023,37023,"Burke County, North Carolina",41993,4338
0500000US37025,37025,"Cabarrus County, North Carolina",60180,6062
0500000US37027,37027,"Caldwell County, North Carolina",31733,3334
0500000US37031,37031,"Carteret County, North Carolina",51766,3963
0500000US37035,37035,"Catawba County, North Carolina",46200,3168
0500000US37037,37037,"Chatham County, North Carolina",62510,5879
0500000US37045,37045,"Cleveland County, North Carolina",40989,4710
0500000US37049,37049,"Craven County, North Carolina",56034,4553
0500000US37051,37051,"Cumberland County, North Carolina",50850,1351
0500000US37057,37057,"Davidson County, North Carolina",46567,4009
0500000US37063,37063,"Durham County, North Carolina",68233,4338
0500000US37067,37067,"Forsyth County, North Carolina",52952,2625
0500000US37071,37071,"Gaston County, North Carolina",44546,3527
0500000US37081,37081,"Guilford County, North Carolina",53969,3414
0500000US37085,37085,"Harnett County, North Carolina",51110,2776
0500000US37089,37089,"Henderson County, North Carolina",46577,3048
0500000US37097,37097,"Iredell County, North Carolina",54330,2561
0500000US37101,37101,"Johnston County, North Carolina",54717,6108
0500000US37109,37109,"Lincoln County, North Carolina",49367,4616
0500000US37119,37119,"Mecklenburg County, North Carolina",72996,2590
0500000US37125,37125,"Moore County, North Carolina",55023,5413
0500000US37127,37127,"Nash County, North Carolina",50537,5945
0500000US37129,37129,"New Hanover County, North Carolina",55223,3112
0500000US37133,37133,"Onslow County, North Carolina",46192,2656
0500000US37135,37135,"Orange County, North Carolina",60762,4200
0500000US37147,37147,"Pitt County, North Carolina",48866,3940
0500000US37151,37151,"Randolph County, North Carolina",43716,2969
0500000US37155,37155,"Robeson County, North Carolina",44330,5832
0500000US37157,37157,"Rockingham County, North Carolina",38558,4371
0500000US37159,37159,"Rowan County, North Carolina",43950,2797
0500000US37161,37161,"Rutherford County, North Carolina",33785,4268
0500000US37171,37171,"Surry County, North Carolina",40378,4761
0500000US37179,37179,"Union County, North Carolina",64362,4390
0500000US37183,37183,"Wake County, North Carolina",75630,2636
0500000US37191,37191,"Wayne County, North Carolina",51417,6294
0500000US37193,37193,"Wilkes County, North Carolina",34358,4355
0500000US37195,37195,"Wilson County, North Carolina",49838,5031
0500000US38015,38015,"Burleigh County, North Dakota",65246,3386
0500000US38017,38017,"Cass County, North Dakota",53622,3363
0500000US38035,38035,"Grand Forks County, North Dakota",43679,4077
0500000US39003,39003,"Allen County, Ohio",46402,3924
0500000US39007,39007,"Ashtabula County, Ohio",37517,2577
0500000US39013,39013,"Belmont County, Ohio",44661,3156
0500000US39017,39017,"Butler County, Ohio",58090,3188
0500000US39023,39023,"Clark County, Ohio",40587,1499
0500000US39025,39025,"Clermont County, Ohio",53711,3267
0500000US39029,39029,"Columbiana County, Ohio",44384,4048
0500000US39035,39035,"Cuyahoga County, Ohio",52066,942
0500000US39041,39041,"Delaware County, Ohio",85815,4208
0500000US39043,39043,"Erie County, Ohio",48125,5864
0500000US39045,39045,"Fairfield County, Ohio",60090,6215
0500000US39049,39049,"Franklin County, Ohio",56428,1400
0500000US39055,39055,"Geauga County, Ohio",69335,7452
0500000US39057,39057,"Greene County, Ohio",54894,3937
0500000US39061,39061,"Hamilton County, Ohio",57479,1784
0500000US39063,39063,"Hancock County, Ohio",49706,3918
0500000US39081,39081,"Jefferson County, Ohio",41769,2900
0500000US39085,39085,"Lake County, Ohio",56588,2808
0500000US39089,39089,"Licking County, Ohio",53192,3440
0500000US39093,39093,"Lorain County, Ohio",53386,2952
0500000US39095,39095,"Lucas County, Ohio",46900,2214
0500000US39099,39099,"Mahoning County, Ohio",45601,2221
0500000US39101,39101,"Marion County, Ohio",43693,4207
0500000US39103,39103,"Medina County, Ohio",65838,4035
0500000US39109,39109,"Miami County, Ohio",53138,3751
0500000US39113,39113,"Montgomery County, Ohio",46866,1500
0500000US39119,39119,"Muskingum County, Ohio",39682,3846
0500000US39133,39133,"Portage County, Ohio",54074,3468
0500000US39139,39139,"Richland County, Ohio",43105,2769
0500000US39141,39141,"Ross County, Ohio",43277,3380
0500000US39145,39145,"Scioto County, Ohio",38218,3792
0500000US39151,39151,"Stark County, Ohio",47738,1907
0500000US39153,39153,"Summit County, Ohio",53956,1955
0500000US39155,39155,"Trumbull County, Ohio",42667,1633
0500000US39157,39157,"Tuscarawas County, Ohio",43296,2260
0500000US39165,39165,"Warren County, Ohio",71591,3719
0500000US39169,39169,"Wayne County, Ohio",48974,4107
0500000US39173,39173,"Wood County, Ohio",51830,4528
0500000US40017,40017,"Canadian County, Oklahoma",65651,4102
0500000US40027,40027,"Cleveland County, Oklahoma",55467,3628
0500000US40031,40031,"Comanche County, Oklahoma",46589,2237
0500000US40037,40037,"Creek County, Oklahoma",45837,3721
0500000US40101,40101,"Muskogee County, Oklahoma",39402,4144
0500000US40109,40109,"Oklahoma County, Oklahoma",52570,1954
0500000US40119,40119,"Payne County, Oklahoma",37359,3165
0500000US40125,40125,"Pottawatomie County, Oklahoma",44070,2436
0500000US40131,40131,"Rogers County, Oklahoma",56611,4254
0500000US40143,40143,"Tulsa County, Oklahoma",53089,1739
0500000US40145,40145,"Wagoner County, Oklahoma",56085,3032
0500000US41003,41003,"Benton County, Oregon",55786,8068
0500000US41005,41005,"Clackamas County, Oregon",64411,2740
0500000US41017,41017,"Deschutes County, Oregon",49008,3729
0500000US41019,41019,"Douglas County, Oregon",39329,2910
0500000US41029,41029,"Jackson County, Oregon",46381,2858
0500000US41033,41033,"Josephine County, Oregon",34728,2465
0500000US41035,41035,"Klamath County, Oregon",40873,4494
0500000US41039,41039,"Lane County, Oregon",41688,1706
0500000US41043,41043,"Linn County, Oregon",44849,4972
0500000US41047,41047,"Marion County, Oregon",47454,2335
0500000US41051,41051,"Multnomah County, Oregon",56351,1834
0500000US41053,41053,"Polk County, Oregon",48641,5421
0500000US41059,41059,"Umatilla County, Oregon",52370,3442
0500000US41067,41067,"Washington County, Oregon",65973,2116
0500000US41071,41071,"Yamhill County, Oregon",47456,4927
0500000US42001,42001,"Adams County, Pennsylvania",61079,2423
0500000US42003,42003,"Allegheny County, Pennsylvania",55624,1096
0500000US42005,42005,"Armstrong County, Pennsylvania",41782,2037
0500000US42007,42007,"Beaver County, Pennsylvania",49199,3687
0500000US42011,42011,"Berks County, Pennsylvania",58298,2299
0500000US42013,42013,"Blair County, Pennsylvania",41589,1802
0500000US42017,42017,"Bucks County, Pennsylvania",76665,1883
0500000US42019,42019,"Butler County, Pennsylvania",57095,2951
0500000US42021,42021,"Cambria County, Pennsylvania",40944,2084
0500000US42025,42025,"Carbon County, Pennsylvania",50961,4168
0500000US42027,42027,"Centre County, Pennsylvania",52831,3434
0500000US42029,42029,"Chester County, Pennsylvania",86523,3313
0500000US42033,42033,"Clearfield County, Pennsylvania",41887,1889
0500000US42037,42037,"Columbia County, Pennsylvania",48740,4235
0500000US42039,42039,"Crawford County, Pennsylvania",42941,3123
0500000US42041,42041,"Cumberland County, Pennsylvania",58071,2546
0500000US42043,42043,"Dauphin County, Pennsylvania",58180,3797
0500000US42045,42045,"Delaware County, Pennsylvania",70274,2424
0500000US42049,42049,"Erie County, Pennsylvania",48632,1895
0500000US42051,42051,"Fayette County, Pennsylvania",41057,2722
0500000US42055,42055,"Franklin County, Pennsylvania",53483,2705
0500000US42063,42063,"Indiana County, Pennsylvania",45424,3399
0500000US42069,42069,"Lackawanna County, Pennsylvania",44722,2411
0500000US42071,42071,"Lancaster County, Pennsylvania",58138,1863
0500000US42073,42073,"Lawrence County, Pennsylvania",44216,2130
0500000US42075,42075,"Lebanon County, Pennsylvania",53579,3541
0500000US42077,42077,"Lehigh County, Pennsylvania",58820,2709
0500000US42079,42079,"Luzerne County, Pennsylvania",44452,1983
0500000US42081,42081,"Lycoming County, Pennsylvania",46753,2212
0500000US42085,42085,"Mercer County, Pennsylvania",44450,3585
0500000US42089,42089,"Monroe County, Pennsylvania",57395,4541
0500000US42091,42091,"Montgomery County, Pennsylvania",80053,1995
0500000US42095,42095,"Northampton County, Pennsylvania",58534,2498
0500000US42097,42097,"Northumberland County, Pennsylvania",41197,2362
0500000US42101,42101,"Philadelphia County, Pennsylvania",50384,1356
0500000US42107,42107,"Schuylkill County, Pennsylvania",45420,2021
0500000US42111,42111,"Somerset County, Pennsylvania",46052,3570
0500000US42125,42125,"Washington County, Pennsylvania",54455,3024
0500000US42129,42129,"Westmoreland County, Pennsylvania",50528,1285
0500000US42133,42133,"York County, Pennsylvania",57808,2108
0500000US44003,44003,"Kent County, Rhode Island",60502,4954
0500000US44005,44005,"Newport County, Rhode Island",66167,6024
0500000US44007,44007,"Providence County, Rhode Island",55179,2301
0500000US44009,44009,"Washington County, Rhode Island",72467,6867
0500000US45003,45003,"Aiken County, South Carolina",51975,2924
0500000US45007,45007,"Anderson County, South Carolina",43717,2943
0500000US45013,45013,"Beaufort County, South Carolina",63981,4595
0500000US45015,45015,"Berkeley County, South Carolina",57510,3191
0500000US45019,45019,"Charleston County, South Carolina",60565,2816
0500000US45031,45031,"Darlington County, South Carolina",43522,6792
0500000US45035,45035,"Dorchester County, South Carolina",60910,2444
0500000US45041,45041,"Florence County, South Carolina",49512,4281
0500000US45045,45045,"Greenville County, South Carolina",54098,3234
0500000US45047,45047,"Greenwood County, South Carolina",45691,4058
0500000US45051,45051,"Horry County, South Carolina",42025,2246
0500000US45057,45057,"Lancaster County, South Carolina",51750,4071
0500000US45059,45059,"Laurens County, South Carolina",39475,4139
0500000US45063,45063,"Lexington County, South Carolina",57166,2478
0500000US45073,45073,"Oconee County, South Carolina",40875,7286
0500000US45075,45075,"Orangeburg County, South Carolina",45174,5070
0500000US45077,45077,"Pickens County, South Carolina",40003,4001
0500000US45079,45079,"Richland County, South Carolina",59990,3265
0500000US45083,45083,"Spartanburg County, South Carolina",45428,2254
0500000US45085,45085,"Sumter County, South Carolina",43287,4956
0500000US45091,45091,"York County, South Carolina",56764,4443
0500000US46099,46099,"Minnehaha County, South Dakota",50458,2712
0500000US46103,46103,"Pennington County, South Dakota",51837,3385
0500000US47001,47001,"Anderson County, Tennessee",39203,3329
0500000US47009,47009,"Blount County, Tennessee",46822,3889
0500000US47011,47011,"Bradley County, Tennessee",37409,4449
0500000US47037,47037,"Davidson County, Tennessee",52703,2569
0500000US47059,47059,"Greene County, Tennessee",34941,2583
0500000US47065,47065,"Hamilton County, Tennessee",54499,3931
0500000US47093,47093,"Knox County, Tennessee",49190,1718
0500000US47113,47113,"Madison County, Tennessee",58766,8977
0500000US47119,47119,"Maury County, Tennessee",45494,3955
0500000US47125,47125,"Montgomery County, Tennessee",51175,3200
0500000US47141,47141,"Putnam County, Tennessee",33149,3852
0500000US47147,47147,"Robertson County, Tennessee",58319,5163
0500000US47149,47149,"Rutherford County, Tennessee",54871,3640
0500000US47155,47155,"Sevier County, Tennessee",43161,2162
0500000US47157,47157,"Shelby County, Tennessee",62901,3429
0500000US47163,47163,"Sullivan County, Tennessee",38346,2629
0500000US47165,47165,"Sumner County, Tennessee",55922,1885
0500000US47179,47179,"Washington County, Tennessee",43410,2891
0500000US47187,47187,"Williamson County, Tennessee",95602,7274
0500000US47189,47189,"Wilson County, Tennessee",59096,5086
0500000US48005,48005,"Angelina County, Texas",45672,4922
0500000US48021,48021,"Bastrop County, Texas",54436,6807
0500000US48027,48027,"Bell County, Texas",56021,5046
0500000US48029,48029,"Bexar County, Texas",66608,2194
0500000US48037,48037,"Bowie County, Texas",41693,3961
0500000US48039,48039,"Brazoria County, Texas",67128,5450
0500000US48041,48041,"Brazos County, Texas",47752,3868
0500000US48061,48061,"Cameron County, Texas",44767,3204
0500000US48085,48085,"Collin County, Texas",87379,3758
0500000US48091,48091,"Comal County, Texas",60928,6054
0500000US48099,48099,"Coryell County, Texas",48987,4964
0500000US48113,48113,"Dallas County, Texas",66058,1218
0500000US48121,48121,"Denton County, Texas",79876,2888
0500000US48135,48135,"Ector County, Texas",58161,7633
0500000US48139,48139,"Ellis County, Texas",65065,3342
0500000US48141,48141,"El Paso County, Texas",55239,3982
0500000US48157,48157,"Fort Bend County, Texas",107456,6387
0500000US48167,48167,"Galveston County, Texas",71197,3338
0500000US48181,48181,"Grayson County, Texas",50285,3523
0500000US48183,48183,"Gregg County, Texas",48131,8346
0500000US48187,48187,"Guadalupe County, Texas",69902,4942
0500000US48201,48201,"Harris County, Texas",76423,1741
0500000US48203,48203,"Harrison County, Texas",51158,2679
0500000US48209,48209,"Hays County, Texas",57573,6141
0500000US48213,48213,"Henderson County, Texas",39451,5819
0500000US48215,48215,"Hidalgo County, Texas",41797,4452
0500000US48231,48231,"Hunt County, Texas",46963,4206
0500000US48245,48245,"Jefferson County, Texas",52577,4216
0500000US48251,48251,"Johnson County, Texas",60601,2641
0500000US48257,48257,"Kaufman County, Texas",56868,7113
0500000US48291,48291,"Liberty County, Texas",51506,5674
0500000US48303,48303,"Lubbock County, Texas",49790,3722
0500000US48309,48309,"McLennan County, Texas",49326,3539
0500000US48329,48329,"Midland County, Texas",76726,6708
0500000US48339,48339,"Montgomery County, Texas",70967,4423
0500000US48347,48347,"Nacogdoches County, Texas",36024,4666
0500000US48355,48355,"Nueces County, Texas",60790,2729
0500000US48361,48361,"Orange County, Texas",51822,5057
0500000US48367,48367,"Parker County, Texas",66556,6867
0500000US48375,48375,"Potter County, Texas",41050,5344
0500000US48381,48381,"Randall County, Texas",55933,3850
0500000US48397,48397,"Rockwall County, Texas",84854,8991
0500000US48409,48409,"San Patricio County, Texas",56350,5809
0500000US48423,48423,"Smith County, Texas",56958,3647
0500000US48439,48439,"Tarrant County, Texas",68653,2282
0500000US48441,48441,"Taylor County, Texas",50181,3421
0500000US48451,48451,"Tom Green County, Texas",51144,2915
0500000US48453,48453,"Travis County, Texas",70324,2190
0500000US48469,48469,"Victoria County, Texas",56906,5705
0500000US48471,48471,"Walker County, Texas",41680,9720
0500000US48479,48479,"Webb County, Texas",48983,9341
0500000US48485,48485,"Wichita County, Texas",48597,3974
0500000US48491,48491,"Williamson County, Texas",73011,2741
0500000US49005,49005,"Cache County, Utah",47980,3774
0500000US49011,49011,"Davis County, Utah",70098,2507
0500000US49035,49035,"Salt Lake County, Utah",62721,1684
0500000US49049,49049,"Utah County, Utah",61927,1949
0500000US49053,49053,"Washington County, Utah",46199,3149
0500000US49057,49057,"Weber County, Utah",57966,2960
0500000US50007,50007,"Chittenden County, Vermont",66613,3437
0500000US51003,51003,"Albemarle County, Virginia",75178,4414
0500000US51013,51013,"Arlington County, Virginia",112795,6551
0500000US51015,51015,"Augusta County, Virginia",47539,4893
0500000US51019,51019,"Bedford County, Virginia",58181,5367
0500000US51041,51041,"Chesterfield County, Virginia",75860,3098
0500000US51059,51059,"Fairfax County, Virginia",123929,3701
0500000US51061,51061,"Fauquier County, Virginia",90179,6253
0500000US51069,51069,"Frederick County, Virginia",68366,8139
0500000US51085,51085,"Hanover County, Virginia",77814,5600
0500000US51087,51087,"Henrico County, Virginia",67753,4572
0500000US51095,51095,"James City County, Virginia",80340,4725
0500000US51107,51107,"Loudoun County, Virginia",124016,3970
0500000US51121,51121,"Montgomery County, Virginia",44103,4183
0500000US51153,51153,"Prince William County, Virginia",106657,6984
0500000US51161,51161,"Roanoke County, Virginia",57748,5615
0500000US51165,51165,"Rockingham County, Virginia",51763,2773
0500000US51177,51177,"Spotsylvania County, Virginia",82850,5331
0500000US51179,51179,"Stafford County, Virginia",100738,8209
0500000US51199,51199,"York County, Virginia",85307,9196
0500000US51510,51510,"Alexandria city, Virginia",105725,7198
0500000US51550,51550,"Chesapeake city, Virginia",76150,1854
0500000US51650,51650,"Hampton city, Virginia",58270,3122
0500000US51680,51680,"Lynchburg city, Virginia",42850,4241
0500000US51700,51700,"Newport News city, Virginia",55820,2755
0500000US51710,51710,"Norfolk city, Virginia",55936,3492
0500000US51740,51740,"Portsmouth city, Virginia",55950,7216
0500000US51760,51760,"Richmond city, Virginia",54490,2890
0500000US51770,51770,"Roanoke city, Virginia",42948,4770
0500000US51800,51800,"Suffolk city, Virginia",77935,4810
0500000US51810,51810,"Virginia Beach city, Virginia",66348,2417
0500000US53005,53005,"Benton County, Washington",61809,4382
0500000US53007,53007,"Chelan County, Washington",50525,5672
0500000US53009,53009,"Clallam County, Washington",44522,3164
0500000US53011,53011,"Clark County, Washington",57506,2729
0500000US53015,53015,"Cowlitz County, Washington",50358,2273
0500000US53021,53021,"Franklin County, Washington",64435,4148
0500000US53025,53025,"Grant County, Washington",46008,6029
0500000US53027,53027,"Grays Harbor County, Washington",43834,4377
0500000US53029,53029,"Island County, Washington",60935,4928
0500000US53033,53033,"King County, Washington",75648,1629
0500000US53035,53035,"Kitsap County, Washington",61021,2805
0500000US53041,53041,"Lewis County, Washington",43925,2860
0500000US53053,53053,"Pierce County, Washington",60782,1222
0500000US53057,53057,"Skagit County, Washington",57083,4718
0500000US53061,53061,"Snohomish County, Washington",69017,2771
0500000US53063,53063,"Spokane County, Washington",48623,1437
0500000US53067,53067,"Thurston County, Washington",59380,3525
0500000US53073,53073,"Whatcom County, Washington",51942,3295
0500000US53077,53077,"Yakima County, Washington",52258,5176
0500000US54003,54003,"Berkeley County, West Virginia",52238,5306
0500000US54011,54011,"Cabell County, West Virginia",38201,4065
0500000US54033,54033,"Harrison County, West Virginia",40426,4968
0500000US54039,54039,"Kanawha County, West Virginia",47940,2867
0500000US54061,54061,"Monongalia County, West Virginia",41205,4772
0500000US54081,54081,"Raleigh County, West Virginia",42077,3385
0500000US54107,54107,"Wood County, West Virginia",42825,2608
0500000US55009,55009,"Brown County, Wisconsin",51714,2095
0500000US55025,55025,"Dane County, Wisconsin",64670,2084
0500000US55027,55027,"Dodge County, Wisconsin",50820,2428
0500000US55035,55035,"Eau Claire County, Wisconsin",48739,3426
0500000US55039,55039,"Fond du Lac County, Wisconsin",54161,3319
0500000US55055,55055,"Jefferson County, Wisconsin",55510,4027
0500000US55059,55059,"Kenosha County, Wisconsin",57742,4327
0500000US55063,55063,"La Crosse County, Wisconsin",48198,2908
0500000US55071,55071,"Manitowoc County, Wisconsin",45975,4672
0500000US55073,55073,"Marathon County, Wisconsin",52777,2310
0500000US55079,55079,"Milwaukee County, Wisconsin",53501,1810
0500000US55087,55087,"Outagamie County, Wisconsin",58071,4061
0500000US55089,55089,"Ozaukee County, Wisconsin",75483,4632
0500000US55097,55097,"Portage County, Wisconsin",46332,2626
0500000US55101,55101,"Racine County, Wisconsin",58864,2659
0500000US55105,55105,"Rock County, Wisconsin",46779,2529
0500000US55109,55109,"St. Croix County, Wisconsin",69050,4885
0500000US55117,55117,"Sheboygan County, Wisconsin",53708,2301
0500000US55127,55127,"Walworth County, Wisconsin",52145,6796
0500000US55131,55131,"Washington County, Wisconsin",65103,4768
0500000US55133,55133,"Waukesha County, Wisconsin",73264,1911
0500000US55139,55139,"Winnebago County, Wisconsin",52090,2594
0500000US55141,55141,"Wood County, Wisconsin",44622,2729
0500000US56021,56021,"Laramie County, Wyoming",59153,6069
0500000US56025,56025,"Natrona County, Wyoming",59294,7517
