GEO.id,GEO.id2,GEO.display-label,HD01_VD01,HD02_VD01
Id,Id2,Geography,Estimate; Median household income in the past 12 months (in 2015 Inflation-adjusted dollars),Margin of Error; Median household income in the past 12 months (in 2015 Inflation-adjusted dollars)
0500000US01003,01003,"Baldwin County, Alabama",53457,3699
0500000US01015,01015,"Calhoun County, Alabama",50667,5774
0500000US01043,01043,"Cullman County, Alabama",38196,2255
0500000US01049,01049,"DeKalb County, Alabama",38754,5086
0500000US01051,01051,"Elmore County, Alabama",59483,11830
0500000US01055,01055,"Etowah County, Alabama",44447,3594
0500000US01069,01069,"Houston County, Alabama",50696,3221
0500000US01073,01073,"Jefferson County, Alabama",64294,4228
0500000US01077,01077,"Lauderdale County, Alabama",45721,2797
0500000US01081,01081,"Lee County, Alabama",53968,5096
0500000US01083,01083,"Limestone County, Alabama",52497,6056
0500000US01089,01089,"Madison County, Alabama",67464,3785
0500000US01095,01095,"Marshall County, Alabama",44248,5899
0500000US01097,01097,"Mobile County, Alabama",54513,2776
0500000US01101,01101,"Montgomery County, Alabama",61192,4425
0500000US01103,01103,"Morgan County, Alabama",53975,4007
0500000US01115,01115,"St. Clair County, Alabama",54313,4886
0500000US01117,01117,"Shelby County, Alabama",71711,4522
0500000US01121,01121,"Talladega County, Alabama",40521,3927
0500000US01125,01125,"Tuscaloosa County, Alabama",57415,3671
0500000US01127,01127,"Walker County, Alabama",35988,4170
0500000US02020,02020,"Anchorage Municipality, Alaska",89805,5418
0500000US02090,02090,"Fairbanks North Star Borough, Alaska",77181,10875
0500000US02170,02170,"Matanuska-Susitna Borough, Alaska",78650,5986
0500000US04001,04001,"Apache County, Arizona",46403,12369
0500000US04003,04003,"Cochise County, Arizona",47551,5884
0500000US04005,04005,"Coconino County, Arizona",62736,7447
0500000US04013,04013,"Maricopa County, Arizona",62303,669
0500000US04015,04015,"Mohave County, Arizona",41655,2895
0500000US04017,04017,"Navajo County, Arizona",50182,3879
0500000US04019,04019,"Pima County, Arizona",53325,1839
0500000US04021,04021,"Pinal County, Arizona",52193,2960
0500000US04025,04025,"Yavapai County, Arizona",49786,3604
0500000US04027,04027,"Yuma County, Arizona",45171,3578
0500000US05007,05007,"Benton County, Arkansas",60888,2982
0500000US05031,05031,"Craighead County, Arkansas",46239,4251
0500000US05045,05045,"Faulkner County, Arkansas",53878,4478
0500000US05051,05051,"Garland County, Arkansas",37520,2502
0500000US05069,05069,"Jefferson County, Arkansas",46261,6171
0500000US05085,05085,"Lonoke County, Arkansas",58881,7275
0500000US05119,05119,"Pulaski County, Arkansas",56831,2861
0500000US05125,05125,"Saline County, Arkansas",56906,5640
0500000US05131,05131,"Sebastian County, Arkansas",43613,4776
0500000US05143,05143,"Washington County, Arkansas",49999,3256
0500000US05145,05145,"White County, Arkansas",38895,5420
0500000US06001,06001,"Alameda County, California",98439,3209
0500000US06007,06007,"Butte County, California",47045,2415
0500000US06013,06013,"Contra Costa County, California",96359,3414
0500000US06017,06017,"El Dorado County, California",77670,7171
0500000US06019,06019,"Fresno County, California",60886,2295
0500000US06023,06023,"Humboldt County, California",42872,3712
0500000US06025,06025,"Imperial County, California",48668,12362
0500000US06029,06029,"Kern County, California",63627,3326
0500000US06031,06031,"Kings County, California",60191,6794
0500000US06033,06033,"Lake County, California",42172,6286
0500000US06037,06037,"Los Angeles County, California",77427,1350
0500000US06039,06039,"Madera County, California",56298,6335
0500000US06041,06041,"Marin County, California",111532,5264
0500000US06045,06045,"Mendocino County, California",51790,7578
0500000US06047,06047,"Merced County, California",48507,6079
0500000US06053,06053,"Monterey County, California",76776,3703
0500000US06055,06055,"Napa County, California",84480,6818
0500000US06057,06057,"Nevada County, California",53032,7199
0500000US06059,06059,"Orange County, California",89254,2366
0500000US06061,06061,"Placer County, California",76746,2658
0500000US06065,06065,"Riverside County, California",65583,1354
0500000US06067,06067,"Sacramento County, California",66940,2030
0500000US06071,06071,"San Bernardino County, California",58849,2531
0500000US06073,06073,"San Diego County, California",76347,1245
0500000US06075,06075,"San Francisco County, California",120606,4241
0500000US06077,06077,"San Joaquin County, California",61900,3058
0500000US06079,06079,"San Luis Obispo County, California",66908,4156
0500000US06081,06081,"San Mateo County, California",115889,6544
0500000US06083,06083,"Santa Barbara County, California",79840,5246
0500000US06085,06085,"Santa Clara County, California",115890,3725
0500000US06087,06087,"Santa Cruz County, California",74093,3486
0500000US06089,06089,"Shasta County, California",47394,4421
0500000US06095,06095,"Solano County, California",73959,5331
0500000US06097,06097,"Sonoma County, California",71245,3120
0500000US06099,06099,"Stanislaus County, California",56435,4034
0500000US06101,06101,"Sutter County, California",59789,8950
0500000US06107,06107,"Tulare County, California",57843,4412
0500000US06111,06111,"Ventura County, California",91457,3088
0500000US06113,06113,"Yolo County, California",65836,5010
0500000US06115,06115,"Yuba County, California",50824,4583
0500000US08001,08001,"Adams County, Colorado",74544,2911
0500000US08005,08005,"Arapahoe County, Colorado",73330,3171
0500000US08013,08013,"Boulder County, Colorado",75802,4562
0500000US08014,08014,"Broomfield County, Colorado",81627,4157
0500000US08031,08031,"Denver County, Colorado",71474,1416
0500000US08035,08035,"Douglas County, Colorado",110363,4597
0500000US08041,08041,"El Paso County, Colorado",63301,2464
0500000US08059,08059,"Jefferson County, Colorado",76474,2744
0500000US08069,08069,"Larimer County, Colorado",65976,2539
0500000US08077,08077,"Mesa County, Colorado",52060,3364
0500000US08101,08101,"Pueblo County, Colorado",46270,6350
0500000US08123,08123,"Weld County, Colorado",75541,2345
0500000US09001,09001,"Fairfield County, Connecticut",102183,2798
0500000US09003,09003,"Hartford County, Connecticut",81423,2276
0500000US09005,09005,"Litchfield County, Connecticut",71313,3436
0500000US09007,09007,"Middlesex County, Connecticut",86297,5959
0500000US09009,09009,"New Haven County, Connecticut",71863,2007
0500000US09011,09011,"New London County, Connecticut",71042,3624
0500000US09013,09013,"Tolland County, Connecticut",85650,6137
0500000US09015,09015,"Windham County, Connecticut",65292,5797
0500000US10001,10001,"Kent County, Delaware",58398,3953
0500000US10003,10003,"New Castle County, Delaware",72198,2901
0500000US10005,10005,"Sussex County, Delaware",59005,2898
0500000US11001,11001,"District of Columbia, District of Columbia",124801,5111
0500000US12001,12001,"Alachua County, Florida",56755,5088
0500000US12005,12005,"Bay County, Florida",51983,4287
0500000US12009,12009,"Brevard County, Florida",53219,2445
0500000US12011,12011,"Broward County, Florida",59298,1754
0500000US12015,12015,"Charlotte County, Florida",47119,2406
0500000US12017,12017,"Citrus County, Florida",39967,3882
0500000US12019,12019,"Clay County, Florida",59031,3338
0500000US12021,12021,"Collier County, Florida",70645,3606
0500000US12023,12023,"Columbia County, Florida",50066,4709
0500000US12031,12031,"Duval County, Florida",56694,2361
0500000US12033,12033,"Escambia County, Florida",51849,2358
0500000US12035,12035,"Flagler County, Florida",50269,4870
0500000US12053,12053,"Hernando County, Florida",44658,2234
0500000US12055,12055,"Highlands County, Florida",39155,3373
0500000US12057,12057,"Hillsborough County, Florida",61968,1157
0500000US12061,12061,"Indian River County, Florida",50280,2715
0500000US12069,12069,"Lake County, Florida",50332,2987
0500000US12071,12071,"Lee County, Florida",54029,2212
0500000US12073,12073,"Leon County, Florida",53772,4150
0500000US12081,12081,"Manatee County, Florida",53839,2356
0500000US12083,12083,"Marion County, Florida",41925,2494
0500000US12085,12085,"Martin County, Florida",53991,3946
0500000US12086,12086,"Miami-Dade County, Florida",73297,3851
0500000US12087,12087,"Monroe County, Florida",67727,9855
0500000US12089,12089,"Nassau County, Florida",53945,5225
0500000US12091,12091,"Okaloosa County, Florida",60187,3802
0500000US12095,12095,"Orange County, Florida",61261,1719
0500000US12097,12097,"Osceola County, Florida",56988,6946
0500000US12099,12099,"Palm Beach County, Florida",65427,1644
0500000US12101,12101,"Pasco County, Florida",45554,1321
0500000US12103,12103,"Pinellas County, Florida",50551,968
0500000US12105,12105,"Polk County, Florida",48590,2198
0500000US12107,12107,"Putnam County, Florida",34507,3523
0500000US12109,12109,"St. Johns County, Florida",72585,5664
0500000US12111,12111,"St. Lucie County, Florida",50869,4072
0500000US12113,12113,"Santa Rosa County, Florida",61108,2363
0500000US12115,12115,"Sarasota County, Florida",59306,3100
0500000US12117,12117,"Seminole County, Florida",65362,3343
0500000US12119,12119,"Sumter County, Florida",54300,6232
0500000US12127,12127,"Volusia County, Florida",45294,1425
0500000US13013,13013,"Barrow County, Georgia",56298,5218
0500000US13015,13015,"Bartow County, Georgia",54466,5547
0500000US13021,13021,"Bibb County, Georgia",55626,5521
0500000US13031,13031,"Bulloch County, Georgia",40080,5166
0500000US13045,13045,"Carroll County, Georgia",46616,2339
0500000US13047,13047,"Catoosa County, Georgia",50989,1361
0500000US13051,13051,"Chatham County, Georgia",59338,2412
0500000US13057,13057,"Cherokee County, Georgia",79447,5234
0500000US13059,13059,"Clarke County, Georgia",35710,4813
0500000US13063,13063,"Clayton County, Georgia",47525,7526
0500000US13067,13067,"Cobb County, Georgia",78306,3596
0500000US13073,13073,"Columbia County, Georgia",79709,4115
0500000US13077,13077,"Coweta County, Georgia",73683,4916
0500000US13089,13089,"DeKalb County, Georgia",78548,3562
0500000US13095,13095,"Dougherty County, Georgia",50913,8199
0500000US13097,13097,"Douglas County, Georgia",61459,4779
0500000US13113,13113,"Fayette County, Georgia",82956,8828
0500000US13115,13115,"Floyd County, Georgia",44691,4179
0500000US13117,13117,"Forsyth County, Georgia",95886,8376
0500000US13121,13121,"Fulton County, Georgia",91843,2626
0500000US13127,13127,"Glynn County, Georgia",55146,10150
0500000US13135,13135,"Gwinnett County, Georgia",75669,2595
0500000US13139,13139,"Hall County, Georgia",59033,5307
0500000US13151,13151,"Henry County, Georgia",71070,2987
0500000US13153,13153,"Houston County, Georgia",61009,3821
0500000US13179,13179,"Liberty County, Georgia",39119,4997
0500000US13185,13185,"Lowndes County, Georgia",41572,6122
0500000US13215,13215,"Muscogee County, Georgia",51039,2823
0500000US13217,13217,"Newton County, Georgia",53746,8080
0500000US13223,13223,"Paulding County, Georgia",62941,5191
0500000US13245,13245,"Richmond County, Georgia",54796,5489
0500000US13247,13247,"Rockdale County, Georgia",55843,7841
0500000US13285,13285,"Troup County, Georgia",49016,4796
0500000US13295,13295,"Walker County, Georgia",44620,4442
0500000US13297,13297,"Walton County, Georgia",62482,7815
0500000US13313,13313,"Whitfield County, Georgia",45529,5974
0500000US15001,15001,"Hawaii County, Hawaii",60999,5825
0500000US15003,15003,"Honolulu County, Hawaii",80284,4320
0500000US15007,15007,"Kauai County, Hawaii",75190,15811
0500000US15009,15009,"Maui County, Hawaii",70790,7335
0500000US16001,16001,"Ada County, Idaho",58639,3779
0500000US16005,16005,"Bannock County, Idaho",42253,4621
0500000US16019,16019,"Bonneville County, Idaho",55035,3371
0500000US16027,16027,"Canyon County, Idaho",45758,4351
0500000US16055,16055,"Kootenai County, Idaho",47927,3071
0500000US16083,16083,"Twin Falls County, Idaho",45064,3436
0500000US17001,17001,"Adams County, Illinois",48028,4057
0500000US17019,17019,"Champaign County, Illinois",55462,3360
0500000US17031,17031,"Cook County, Illinois",75447,1063
0500000US17037,17037,"DeKalb County, Illinois",61426,3348
0500000US17043,17043,"DuPage County, Illinois",84948,2234
0500000US17089,17089,"Kane County, Illinois",85577,5489
0500000US17091,17091,"Kankakee County, Illinois",58854,4810
0500000US17093,17093,"Kendall County, Illinois",87685,11455
0500000US17097,17097,"Lake County, Illinois",92467,2549
0500000US17099,17099,"LaSalle County, Illinois",52753,3671
0500000US17111,17111,"McHenry County, Illinois",81176,2710
0500000US17113,17113,"McLean County, Illinois",70700,2701
0500000US17115,17115,"Macon County, Illinois",53365,4184
0500000US17119,17119,"Madison County, Illinois",54780,2371
0500000US17143,17143,"Peoria County, Illinois",59256,3326
0500000US17161,17161,"Rock Island County, Illinois",52806,3838
0500000US17163,17163,"St. Clair County, Illinois",61977,3062
0500000US17167,17167,"Sangamon County, Illinois",61446,2792
0500000US17179,17179,"Tazewell County, Illinois",57825,3630
0500000US17183,17183,"Vermilion County, Illinois",48055,4849
0500000US17197,17197,"Will County, Illinois",83201,2792
0500000US17199,17199,"Williamson County, Illinois",48409,4762
0500000US17201,17201,"Winnebago County, Illinois",52864,3280
0500000US18003,18003,"Allen County, Indiana",54120,2810
0500000US18005,18005,"Bartholomew County, Indiana",53043,4172
0500000US18019,18019,"Clark County, Indiana",53045,4370
0500000US18035,18035,"Delaware County, Indiana",41279,2159
0500000US18039,18039,"Elkhart County, Indiana",53179,3373
0500000US18043,18043,"Floyd County, Indiana",61639,5290
0500000US18053,18053,"Grant County, Indiana",41357,3842
0500000US18057,18057,"Hamilton County, Indiana",90241,3226
0500000US18059,18059,"Hancock County, Indiana",68514,5888
0500000US18063,18063,"Hendricks County, Indiana",75640,4514
0500000US18067,18067,"Howard County, Indiana",49069,4233
0500000US18081,18081,"Johnson County, Indiana",68400,4175
0500000US18085,18085,"Kosciusko County, Indiana",52277,4114
0500000US18089,18089,"Lake County, Indiana",58796,3060
0500000US18091,18091,"LaPorte County, Indiana",49729,3131
0500000US18095,18095,"Madison County, Indiana",46734,1895
0500000US18097,18097,"Marion County, Indiana",49820,1745
0500000US18105,18105,"Monroe County, Indiana",48426,2457
0500000US18109,18109,"Morgan County, Indiana",58585,4128
0500000US18127,18127,"Porter County, Indiana",64865,5899
0500000US18141,18141,"St. Joseph County, Indiana",51015,1519
0500000US18157,18157,"Tippecanoe County, Indiana",53749,3397
0500000US18163,18163,"Vanderburgh County, Indiana",45681,3066
0500000US18167,18167,"Vigo County, Indiana",39544,2891
0500000US18177,18177,"Wayne County, Indiana",42682,3059
0500000US19013,19013,"Black Hawk County, Iowa",52643,2736
0500000US19049,19049,"Dallas County, Iowa",79430,6614
0500000US19061,19061,"Dubuque County, Iowa",60883,4183
0500000US19103,19103,"Johnson County, Iowa",61613,3701
0500000US19113,19113,"Linn County, Iowa",58979,3686
0500000US19153,19153,"Polk County, Iowa",63548,2869
0500000US19155,19155,"Pottawattamie County, Iowa",54884,4647
0500000US19163,19163,"Scott County, Iowa",60315,3328
0500000US19169,19169,"Story County, Iowa",52110,5680
0500000US19193,19193,"Woodbury County, Iowa",55350,3864
0500000US20015,20015,"Butler County, Kansas",60467,4881
0500000US20045,20045,"Douglas County, Kansas",58556,4890
0500000US20091,20091,"Johnson County, Kansas",87802,3280
0500000US20103,20103,"Leavenworth County, Kansas",63001,4422
0500000US20161,20161,"Riley County, Kansas",51104,4421
0500000US20173,20173,"Sedgwick County, Kansas",56056,1719
0500000US20177,20177,"Shawnee County, Kansas",56337,6198
0500000US20209,20209,"Wyandotte County, Kansas",49231,3217
0500000US21015,21015,"Boone County, Kentucky",70086,5418
0500000US21029,21029,"Bullitt County, Kentucky",53419,3578
0500000US21037,21037,"Campbell County, Kentucky",52082,3991
0500000US21047,21047,"Christian County, Kentucky",41292,2946
0500000US21059,21059,"Daviess County, Kentucky",51382,2904
0500000US21067,21067,"Fayette County, Kentucky",60343,1711
0500000US21093,21093,"Hardin County, Kentucky",50632,4302
0500000US21111,21111,"Jefferson County, Kentucky",57493,2004
0500000US21117,21117,"Kenton County, Kentucky",53831,3595
0500000US21145,21145,"McCracken County, Kentucky",54356,7894
0500000US21151,21151,"Madison County, Kentucky",44860,6036
0500000US21195,21195,"Pike County, Kentucky",32662,3588
0500000US21227,21227,"Warren County, Kentucky",49063,5846
0500000US22005,22005,"Ascension Parish, Louisiana",80502,13824
0500000US22015,22015,"Bossier Parish, Louisiana",62397,6909
0500000US22017,22017,"Caddo Parish, Louisiana",58539,5040
0500000US22019,22019,"Calcasieu Parish, Louisiana",54898,5146
0500000US22033,22033,"East Baton Rouge Parish, Louisiana",70116,2850
0500000US22045,22045,"Iberia Parish, Louisiana",58834,9733
0500000US22051,22051,"Jefferson Parish, Louisiana",59150,3287
0500000US22055,22055,"Lafayette Parish, Louisiana",65263,5295
0500000US22057,22057,"Lafourche Parish, Louisiana",56637,4375
0500000US22063,22063,"Livingston Parish, Louisiana",59973,4700
0500000US22071,22071,"Orleans Parish, Louisiana",66607,3767
0500000US22073,22073,"Ouachita Parish, Louisiana",51310,3941
0500000US22079,22079,"Rapides Parish, Louisiana",52909,4953
0500000US22097,22097,"St. Landry Parish, Louisiana",41784,4448
0500000US22103,22103,"St. Tammany Parish, Louisiana",64475,3252
0500000US22105,22105,"Tangipahoa Parish, Louisiana",55628,7115
0500000US22109,22109,"Terrebonne Parish, Louisiana",48382,5765
0500000US23001,23001,"Androscoggin County, Maine",51095,3257
0500000US23003,23003,"Aroostook County, Maine",36770,1997
0500000US23005,23005,"Cumberland County, Maine",66048,3094
0500000US23011,23011,"Kennebec County, Maine",51394,3364
0500000US23019,23019,"Penobscot County, Maine",44059,4640
0500000US23031,23031,"York County, Maine",61967,2169
0500000US24001,24001,"Allegany County, Maryland",38695,3892
0500000US24003,24003,"Anne Arundel County, Maryland",97339,3708
0500000US24005,24005,"Baltimore County, Maryland",72257,2461
0500000US24009,24009,"Calvert County, Maryland",113440,8401
0500000US24013,24013,"Carroll County, Maryland",84988,4142
0500000US24015,24015,"Cecil County, Maryland",72652,4393
0500000US24017,24017,"Charles County, Maryland",91219,4275
0500000US24021,24021,"Frederick County, Maryland",90455,5542
0500000US24025,24025,"Harford County, Maryland",81514,2860
0500000US24027,24027,"Howard County, Maryland",119866,8610
0500000US24031,24031,"Montgomery County, Maryland",122191,3322
0500000US24033,24033,"Prince George's County, Maryland",91542,3989
0500000US24037,24037,"St. Mary's County, Maryland",96018,8983
0500000US24043,24043,"Washington County, Maryland",60284,4825
0500000US24045,24045,"Wicomico County, Maryland",59126,8121
0500000US24510,24510,"Baltimore city, Maryland",69022,4600
0500000US25001,25001,"Barnstable County, Massachusetts",66647,2668
0500000US25003,25003,"Berkshire County, Massachusetts",52980,3997
0500000US25005,25005,"Bristol County, Massachusetts",63879,2819
0500000US25009,25009,"Essex County, Massachusetts",76463,3363
0500000US25011,25011,"Franklin County, Massachusetts",59508,3163
0500000US25013,25013,"Hampden County, Massachusetts",62338,2387
0500000US25015,25015,"Hampshire County, Massachusetts",62281,3920
0500000US25017,25017,"Middlesex County, Massachusetts",95769,1544
0500000US25021,25021,"Norfolk County, Massachusetts",97191,3139
0500000US25023,25023,"Plymouth County, Massachusetts",81963,2913
0500000US25025,25025,"Suffolk County, Massachusetts",80109,5226
0500000US25027,25027,"Worcester County, Massachusetts",70020,2455
0500000US26005,26005,"Allegan County, Michigan",56070,2456
0500000US26017,26017,"Bay County, Michigan",48128,3445
0500000US26021,26021,"Berrien County, Michigan",50241,3129
0500000US26025,26025,"Calhoun County, Michigan",49128,4067
0500000US26037,26037,"Clinton County, Michigan",65364,4938
0500000US26045,26045,"Eaton County, Michigan",58281,3854
0500000US26049,26049,"Genesee County, Michigan",48540,1928
0500000US26055,26055,"Grand Traverse County, Michigan",54577,4046
0500000US26065,26065,"Ingham County, Michigan",52048,2943
0500000US26073,26073,"Isabella County, Michigan",41860,3773
0500000US26075,26075,"Jackson County, Michigan",54901,2762
0500000US26077,26077,"Kalamazoo County, Michigan",56280,2403
0500000US26081,26081,"Kent County, Michigan",60168,1544
0500000US26087,26087,"Lapeer County, Michigan",58133,4348
0500000US26091,26091,"Lenawee County, Michigan",48714,2610
0500000US26093,26093,"Livingston County, Michigan",76509,2357
0500000US26099,26099,"Macomb County, Michigan",56698,1710
0500000US26103,26103,"Marquette County, Michigan",49684,3577
0500000US26111,26111,"Midland County, Michigan",59189,4657
0500000US26115,26115,"Monroe County, Michigan",54691,3507
0500000US26121,26121,"Muskegon County, Michigan",52516,2805
0500000US26125,26125,"Oakland County, Michigan",72723,1723
0500000US26139,26139,"Ottawa County, Michigan",62222,2130
0500000US26145,26145,"Saginaw County, Michigan",50740,2661
0500000US26147,26147,"St. Clair County, Michigan",51437,1588
0500000US26155,26155,"Shiawassee County, Michigan",52150,3959
0500000US26159,26159,"Van Buren County, Michigan",51297,4001
0500000US26161,26161,"Washtenaw County, Michigan",69876,3820
0500000US26163,26163,"Wayne County, Michigan",55598,1220
0500000US27003,27003,"Anoka County, Minnesota",76588,2194
0500000US27013,27013,"Blue Earth County, Minnesota",53013,3731
0500000US27019,27019,"Carver County, Minnesota",93630,4959
0500000US27037,27037,"Dakota County, Minnesota",81204,1873
0500000US27053,27053,"Hennepin County, Minnesota",77328,1638
0500000US27109,27109,"Olmsted County, Minnesota",70251,3259
0500000US27123,27123,"Ramsey County, Minnesota",65303,1860
0500000US27131,27131,"Rice County, Minnesota",61014,3852
0500000US27137,27137,"St. Louis County, Minnesota",50980,1701
0500000US27139,27139,"Scott County, Minnesota",95603,2944
0500000US27141,27141,"Sherburne County, Minnesota",80604,6450
0500000US27145,27145,"Stearns County, Minnesota",56860,2805
0500000US27163,27163,"Washington County, Minnesota",89493,4646
0500000US27171,27171,"Wright County, Minnesota",75433,4261
0500000US28033,28033,"DeSoto County, Mississippi",65544,5215
0500000US28035,28035,"Forrest County, Mississippi",45449,8737
0500000US28047,28047,"Harrison County, Mississippi",48193,3366
0500000US28049,28049,"Hinds County, Mississippi",56952,7115
0500000US28059,28059,"Jackson County, Mississippi",54472,7749
0500000US28067,28067,"Jones County, Mississippi",37871,8139
0500000US28075,28075,"Lauderdale County, Mississippi",51083,6882
0500000US28081,28081,"Lee County, Mississippi",48812,2474
0500000US28089,28089,"Madison County, Mississippi",87237,7632
0500000US28121,28121,"Rankin County, Mississippi",61647,8067
0500000US29019,29019,"Boone County, Missouri",54306,5895
0500000US29021,29021,"Buchanan County, Missouri",50492,3268
0500000US29031,29031,"Cape Girardeau County, Missouri",51929,6836
0500000US29037,29037,"Cass County, Missouri",63058,3823
0500000US29043,29043,"Christian County, Missouri",54460,4424
0500000US29047,29047,"Clay County, Missouri",65392,2362
0500000US29051,29051,"Cole County, Missouri",59499,5555
0500000US29071,29071,"Franklin County, Missouri",49037,3728
0500000US29077,29077,"Greene County, Missouri",45909,2262
0500000US29095,29095,"Jackson County, Missouri",56650,1528
0500000US29097,29097,"Jasper County, Missouri",45094,3279
0500000US29099,29099,"Jefferson County, Missouri",59236,2777
0500000US29165,29165,"Platte County, Missouri",75340,5204
0500000US29183,29183,"St. Charles County, Missouri",74985,3288
0500000US29187,29187,"St. Francois County, Missouri",43199,5200
0500000US29189,29189,"St. Louis County, Missouri",69242,2407
0500000US29510,29510,"St. Louis city, Missouri",53943,3177
0500000US30013,30013,"Cascade County, Montana",47222,2879
0500000US30029,30029,"Flathead County, Montana",46617,4673
0500000US30031,30031,"Gallatin County, Montana",58401,2333
0500000US30049,30049,"Lewis and Clark County, Montana",63044,6885
0500000US30063,30063,"Missoula County, Montana",44939,5890
0500000US30111,30111,"Yellowstone County, Montana",59119,2997
0500000US31055,31055,"Douglas County, Nebraska",66698,2045
0500000US31109,31109,"Lancaster County, Nebraska",56221,2621
0500000US31153,31153,"Sarpy County, Nebraska",74046,3207
0500000US32003,32003,"Clark County, Nevada",58754,1778
0500000US32031,32031,"Washoe County, Nevada",60300,2281
0500000US33005,33005,"Cheshire County, New Hampshire",61429,3890
0500000US33009,33009,"Grafton County, New Hampshire",57336,4596
0500000US33011,33011,"Hillsborough County, New Hampshire",76053,1999
0500000US33013,33013,"Merrimack County, New Hampshire",67690,2928
0500000US33015,33015,"Rockingham County, New Hampshire",88666,3535
0500000US33017,33017,"Strafford County, New Hampshire",62988,6030
0500000US34001,34001,"Atlantic County, New Jersey",65062,6840
0500000US34003,34003,"Bergen County, New Jersey",95553,4618
0500000US34005,34005,"Burlington County, New Jersey",80871,2669
0500000US34007,34007,"Camden County, New Jersey",76651,4058
0500000US34009,34009,"Cape May County, New Jersey",61750,3865
0500000US34011,34011,"Cumberland County, New Jersey",61188,6806
0500000US34013,34013,"Essex County, New Jersey",94033,4812
0500000US34015,34015,"Gloucester County, New Jersey",81849,2985
0500000US34017,34017,"Hudson County, New Jersey",82265,4538
0500000US34019,34019,"Hunterdon County, New Jersey",102149,4155
0500000US34021,34021,"Mercer County, New Jersey",90945,3199
0500000US34023,34023,"Middlesex County, New Jersey",79414,3738
0500000US34025,34025,"Monmouth County, New Jersey",93349,2757
0500000US34027,34027,"Morris County, New Jersey",103147,4367
0500000US34029,34029,"Ocean County, New Jersey",64216,2168
0500000US34031,34031,"Passaic County, New Jersey",83812,5017
0500000US34033,34033,"Salem County, New Jersey",76582,8900
0500000US34035,34035,"Somerset County, New Jersey",100302,3856
0500000US34037,34037,"Sussex County, New Jersey",84488,6727
0500000US34039,34039,"Union County, New Jersey",94376,6629
0500000US34041,34041,"Warren County, New Jersey",73517,5707
0500000US35001,35001,"Bernalillo County, New Mexico",57599,2858
0500000US35005,35005,"Chaves County, New Mexico",43848,10063
0500000US35013,35013,"Doña Ana County, New Mexico",55825,8431
0500000US35025,35025,"Lea County, New Mexico",59233,14658
0500000US35031,35031,"McKinley County, New Mexico",62045,7244
0500000US35035,35035,"Otero County, New Mexico",47090,8836
0500000US35043,35043,"Sandoval County, New Mexico",68431,5155
0500000US35045,35045,"San Juan County, New Mexico",53318,4285
0500000US35049,35049,"Santa Fe County, New Mexico",66940,7872
0500000US35061,35061,"Valencia County, New Mexico",48888,5547
0500000US36001,36001,"Albany County, New York",65188,4798
0500000US36005,36005,"Bronx County, New York",57875,4922
0500000US36007,36007,"Broome County, New York",47512,3722
0500000US36009,36009,"Cattaraugus County, New York",40901,2461
0500000US36011,36011,"Cayuga County, New York",53094,3680
0500000US36013,36013,"Chautauqua County, New York",46642,2948
0500000US36015,36015,"Chemung County, New York",54976,3842
0500000US36019,36019,"Clinton County, New York",46033,3966
0500000US36027,36027,"Dutchess County, New York",74775,3893
0500000US36029,36029,"Erie County, New York",60434,1643
0500000US36045,36045,"Jefferson County, New York",52793,3111
0500000US36047,36047,"Kings County, New York",68252,2405
0500000US36051,36051,"Livingston County, New York",54464,6926
0500000US36053,36053,"Madison County, New York",59923,3616
0500000US36055,36055,"Monroe County, New York",63465,2516
0500000US36059,36059,"Nassau County, New York",107102,2921
0500000US36061,36061,"New York County, New York",110445,4970
0500000US36063,36063,"Niagara County, New York",53425,3405
0500000US36065,36065,"Oneida County, New York",51310,1899
0500000US36067,36067,"Onondaga County, New York",62046,1717
0500000US36069,36069,"Ontario County, New York",60240,4145
0500000US36071,36071,"Orange County, New York",76729,3807
0500000US36075,36075,"Oswego County, New York",49991,2504
0500000US36079,36079,"Putnam County, New York",95125,7468
0500000US36081,36081,"Queens County, New York",67493,2405
0500000US36083,36083,"Rensselaer County, New York",62074,2795
0500000US36085,36085,"Richmond County, New York",81401,2852
0500000US36087,36087,"Rockland County, New York",90608,4136
0500000US36089,36089,"St. Lawrence County, New York",42177,3045
0500000US36091,36091,"Saratoga County, New York",73831,4540
0500000US36093,36093,"Schenectady County, New York",64780,6327
0500000US36101,36101,"Steuben County, New York",46726,2893
0500000US36103,36103,"Suffolk County, New York",92105,1630
0500000US36105,36105,"Sullivan County, New York",59600,6453
0500000US36109,36109,"Tompkins County, New York",61064,5483
0500000US36111,36111,"Ulster County, New York",61662,2251
0500000US36113,36113,"Warren County, New York",59217,6899
0500000US36117,36117,"Wayne County, New York",51094,2897
0500000US36119,36119,"Westchester County, New York",108828,5186
0500000US37001,37001,"Alamance County, North Carolina",46128,3288
0500000US37019,37019,"Brunswick County, North Carolina",50699,2882
0500000US37021,37021,"Buncombe County, North Carolina",48122,2592
0500000US37023,37023,"Burke County, North Carolina",44009,3025
0500000US37025,37025,"Cabarrus County, North Carolina",60905,3054
0500000US37027,37027,"Caldwell County, North Carolina",39305,3655
0500000US37031,37031,"Carteret County, North Carolina",52480,5497
0500000US37035,37035,"Catawba County, North Carolina",46321,3108
0500000US37037,37037,"Chatham County, North Carolina",65227,10688
0500000US37045,37045,"Cleveland County, North Carolina",45113,4672
0500000US37049,37049,"Craven County, North Carolina",59796,3338
0500000US37051,37051,"Cumberland County, North Carolina",50479,2530
0500000US37057,37057,"Davidson County, North Carolina",50151,3073
0500000US37063,37063,"Durham County, North Carolina",70524,5967
0500000US37067,37067,"Forsyth County, North Carolina",56766,2788
0500000US37071,37071,"Gaston County, North Carolina",49010,3004
0500000US37081,37081,"Guilford County, North Carolina",60328,2886
0500000US37085,37085,"Harnett County, North Carolina",55532,4555
0500000US37089,37089,"Henderson County, North Carolina",48912,3313
0500000US37097,37097,"Iredell County, North Carolina",58965,5077
0500000US37101,37101,"Johnston County, North Carolina",53735,3408
0500000US37109,37109,"Lincoln County, North Carolina",49710,5150
0500000US37119,37119,"Mecklenburg County, North Carolina",79153,3474
0500000US37125,37125,"Moore County, North Carolina",57474,5667
0500000US37127,37127,"Nash County, North Carolina",51245,8052
0500000US37129,37129,"New Hanover County, North Carolina",59111,2340
0500000US37133,37133,"Onslow County, North Carolina",49882,5168
0500000US37135,37135,"Orange County, North Carolina",68691,7577
0500000US37147,37147,"Pitt County, North Carolina",49879,3783
0500000US37151,37151,"Randolph County, North Carolina",44604,4853
0500000US37155,37155,"Robeson County, North Carolina",39663,5112
0500000US37157,37157,"Rockingham County, North Carolina",41761,3849
0500000US37159,37159,"Rowan County, North Carolina",48114,4326
0500000US37161,37161,"Rutherford County, North Carolina",37621,4341
0500000US37171,37171,"Surry County, North Carolina",38138,2449
0500000US37179,37179,"Union County, North Carolina",77778,4981
0500000US37183,37183,"Wake County, North Carolina",82341,2407
0500000US37191,37191,"Wayne County, North Carolina",54880,5565
0500000US37193,37193,"Wilkes County, North Carolina",41282,4285
0500000US37195,37195,"Wilson County, North Carolina",51824,6293
0500000US38015,38015,"Burleigh County, North Dakota",66494,3496
0500000US38017,38017,"Cass County, North Dakota",58640,7373
0500000US38035,38035,"Grand Forks County, North Dakota",52469,7694
0500000US38101,38101,"Ward County, North Dakota",63299,6739
0500000US39003,39003,"Allen County, Ohio",51882,2849
0500000US39007,39007,"Ashtabula County, Ohio",45229,2927
0500000US39009,39009,"Athens County, Ohio",39705,5693
0500000US39013,39013,"Belmont County, Ohio",46404,3132
0500000US39017,39017,"Butler County, Ohio",61689,2838
0500000US39023,39023,"Clark County, Ohio",52356,4279
0500000US39025,39025,"Clermont County, Ohio",64228,4403
0500000US39029,39029,"Columbiana County, Ohio",42430,2547
0500000US39035,39035,"Cuyahoga County, Ohio",56420,1120
0500000US39041,39041,"Delaware County, Ohio",95118,5555
0500000US39043,39043,"Erie County, Ohio",51118,5214
0500000US39045,39045,"Fairfield County, Ohio",62388,2787
0500000US39049,39049,"Franklin County, Ohio",61924,1388
0500000US39055,39055,"Geauga County, Ohio",76829,6814
0500000US39057,39057,"Greene County, Ohio",62672,3880
0500000US39061,39061,"Hamilton County, Ohio",62086,1233
0500000US39063,39063,"Hancock County, Ohio",54476,3532
0500000US39081,39081,"Jefferson County, Ohio",46101,2828
0500000US39085,39085,"Lake County, Ohio",61550,1843
0500000US39089,39089,"Licking County, Ohio",60482,3376
0500000US39093,39093,"Lorain County, Ohio",56016,2573
0500000US39095,39095,"Lucas County, Ohio",52060,1730
0500000US39099,39099,"Mahoning County, Ohio",48973,2106
0500000US39101,39101,"Marion County, Ohio",41339,6574
0500000US39103,39103,"Medina County, Ohio",71314,4027
0500000US39109,39109,"Miami County, Ohio",48871,4446
0500000US39113,39113,"Montgomery County, Ohio",53050,2379
0500000US39119,39119,"Muskingum County, Ohio",44088,2941
0500000US39133,39133,"Portage County, Ohio",54704,3667
0500000US39139,39139,"Richland County, Ohio",47302,3726
0500000US39141,39141,"Ross County, Ohio",45163,3734
0500000US39145,39145,"Scioto County, Ohio",36842,4973
0500000US39151,39151,"Stark County, Ohio",51254,1898
0500000US39153,39153,"Summit County, Ohio",57464,2466
0500000US39155,39155,"Trumbull County, Ohio",44978,2692
0500000US39157,39157,"Tuscarawas County, Ohio",47223,3883
0500000US39165,39165,"Warren County, Ohio",80481,5031
0500000US39169,39169,"Wayne County, Ohio",53569,3227
0500000US39173,39173,"Wood County, Ohio",57194,2521
0500000US40017,40017,"Canadian County, Oklahoma",61914,3839
0500000US40027,40027,"Cleveland County, Oklahoma",60917,2218
0500000US40031,40031,"Comanche County, Oklahoma",51462,4558
0500000US40037,40037,"Creek County, Oklahoma",49111,2691
0500000US40101,40101,"Muskogee County, Oklahoma",42428,5164
0500000US40109,40109,"Oklahoma County, Oklahoma",57131,1998
0500000US40119,40119,"Payne County, Oklahoma",41390,3264
0500000US40125,40125,"Pottawatomie County, Oklahoma",44692,2981
0500000US40131,40131,"Rogers County, Oklahoma",65486,4631
0500000US40143,40143,"Tulsa County, Oklahoma",58331,1969
0500000US40145,40145,"Wagoner County, Oklahoma",57261,4026
0500000US41003,41003,"Benton County, Oregon",58432,8901
0500000US41005,41005,"Clackamas County, Oregon",70978,2550
0500000US41017,41017,"Deschutes County, Oregon",58512,5534
0500000US41019,41019,"Douglas County, Oregon",42248,3575
0500000US41029,41029,"Jackson County, Oregon",44720,4046
0500000US41033,41033,"Josephine County, Oregon",42158,3300
0500000US41035,41035,"Klamath County, Oregon",44584,4582
0500000US41039,41039,"Lane County, Oregon",49347,2644
0500000US41043,41043,"Linn County, Oregon",47456,4216
0500000US41047,41047,"Marion County, Oregon",56779,3009
0500000US41051,41051,"Multnomah County, Oregon",63167,2678
0500000US41053,41053,"Polk County, Oregon",56069,5131
0500000US41059,41059,"Umatilla County, Oregon",51666,3214
0500000US41067,41067,"Washington County, Oregon",71567,2086
0500000US41071,41071,"Yamhill County, Oregon",52888,5108
0500000US42001,42001,"Adams County, Pennsylvania",62618,2785
0500000US42003,42003,"Allegheny County, Pennsylvania",60097,1552
0500000US42005,42005,"Armstrong County, Pennsylvania",44945,4251
0500000US42007,42007,"Beaver County, Pennsylvania",52217,2757
0500000US42011,42011,"Berks County, Pennsylvania",62541,2635
0500000US42013,42013,"Blair County, Pennsylvania",46418,3757
0500000US42017,42017,"Bucks County, Pennsylvania",82418,2946
0500000US42019,42019,"Butler County, Pennsylvania",69871,3163
0500000US42021,42021,"Cambria County, Pennsylvania",45379,1801
0500000US42025,42025,"Carbon County, Pennsylvania",58372,6298
0500000US42027,42027,"Centre County, Pennsylvania",59459,5047
0500000US42029,42029,"Chester County, Pennsylvania",93314,4015
0500000US42033,42033,"Clearfield County, Pennsylvania",44856,3266
0500000US42037,42037,"Columbia County, Pennsylvania",42885,4599
0500000US42039,42039,"Crawford County, Pennsylvania",47272,3025
0500000US42041,42041,"Cumberland County, Pennsylvania",65074,3738
0500000US42043,42043,"Dauphin County, Pennsylvania",61515,2507
0500000US42045,42045,"Delaware County, Pennsylvania",81466,2716
0500000US42049,42049,"Erie County, Pennsylvania",51075,2006
0500000US42051,42051,"Fayette County, Pennsylvania",41841,2665
0500000US42055,42055,"Franklin County, Pennsylvania",58756,5125
0500000US42063,42063,"Indiana County, Pennsylvania",46881,5011
0500000US42069,42069,"Lackawanna County, Pennsylvania",50593,3283
0500000US42071,42071,"Lancaster County, Pennsylvania",61300,1649
0500000US42073,42073,"Lawrence County, Pennsylvania",45265,4043
0500000US42075,42075,"Lebanon County, Pennsylvania",57017,3167
0500000US42077,42077,"Lehigh County, Pennsylvania",67026,3567
0500000US42079,42079,"Luzerne County, Pennsylvania",51340,1353
0500000US42081,42081,"Lycoming County, Pennsylvania",55084,3553
0500000US42085,42085,"Mercer County, Pennsylvania",47829,3145
0500000US42089,42089,"Monroe County, Pennsylvania",56963,5331
0500000US42091,42091,"Montgomery County, Pennsylvania",86590,1774
0500000US42095,42095,"Northampton County, Pennsylvania",64688,3034
0500000US42097,42097,"Northumberland County, Pennsylvania",45663,3518
0500000US42101,42101,"Philadelphia County, Pennsylvania",60361,1820
0500000US42107,42107,"Schuylkill County, Pennsylvania",46158,2441
0500000US42111,42111,"Somerset County, Pennsylvania",43761,2945
0500000US42125,42125,"Washington County, Pennsylvania",59610,3499
0500000US42129,42129,"Westmoreland County, Pennsylvania",54749,2131
0500000US42133,42133,"York County, Pennsylvania",61843,2016
0500000US44003,44003,"Kent County, Rhode Island",66823,4619
0500000US44005,44005,"Newport County, Rhode Island",69194,6185
0500000US44007,44007,"Providence County, Rhode Island",57280,2970
0500000US44009,44009,"Washington County, Rhode Island",74723,5914
0500000US45003,45003,"Aiken County, South Carolina",55902,3316
0500000US45007,45007,"Anderson County, South Carolina",48288,3582
0500000US45013,45013,"Beaufort County, South Carolina",67919,3366
0500000US45015,45015,"Berkeley County, South Carolina",63963,5138
0500000US45019,45019,"Charleston County, South Carolina",73583,4661
0500000US45031,45031,"Darlington County, South Carolina",43896,4720
0500000US45035,45035,"Dorchester County, South Carolina",60952,5004
0500000US45041,45041,"Florence County, South Carolina",53935,6410
0500000US45045,45045,"Greenville County, South Carolina",60237,2254
0500000US45047,45047,"Greenwood County, South Carolina",53687,5005
0500000US45051,45051,"Horry County, South Carolina",51523,1443
0500000US45057,45057,"Lancaster County, South Carolina",46455,2918
0500000US45059,45059,"Laurens County, South Carolina",42753,3243
0500000US45063,45063,"Lexington County, South Carolina",60064,3636
0500000US45073,45073,"Oconee County, South Carolina",44502,4108
0500000US45075,45075,"Orangeburg County, South Carolina",48709,6627
0500000US45077,45077,"Pickens County, South Carolina",44838,4633
0500000US45079,45079,"Richland County, South Carolina",66814,4208
0500000US45083,45083,"Spartanburg County, South Carolina",50517,2156
0500000US45085,45085,"Sumter County, South Carolina",54043,5927
0500000US45091,45091,"York County, South Carolina",62855,3625
0500000US46099,46099,"Minnehaha County, South Dakota",58084,4396
0500000US46103,46103,"Pennington County, South Dakota",55410,6419
0500000US47001,47001,"Anderson County, Tennessee",44543,4595
0500000US47009,47009,"Blount County, Tennessee",50486,3288
0500000US47011,47011,"Bradley County, Tennessee",44836,4465
0500000US47037,47037,"Davidson County, Tennessee",61987,1751
0500000US47059,47059,"Greene County, Tennessee",35779,3462
0500000US47065,47065,"Hamilton County, Tennessee",54976,3461
0500000US47093,47093,"Knox County, Tennessee",56182,1977
0500000US47113,47113,"Madison County, Tennessee",53164,3857
0500000US47119,47119,"Maury County, Tennessee",51510,2795
0500000US47125,47125,"Montgomery County, Tennessee",51642,3215
0500000US47141,47141,"Putnam County, Tennessee",40400,4219
0500000US47147,47147,"Robertson County, Tennessee",54020,4860
0500000US47149,47149,"Rutherford County, Tennessee",64448,3038
0500000US47155,47155,"Sevier County, Tennessee",43243,6542
0500000US47157,47157,"Shelby County, Tennessee",71687,3484
0500000US47163,47163,"Sullivan County, Tennessee",42779,3768
0500000US47165,47165,"Sumner County, Tennessee",61620,3563
0500000US47179,47179,"Washington County, Tennessee",45319,4581
0500000US47187,47187,"Williamson County, Tennessee",105453,5595
0500000US47189,47189,"Wilson County, Tennessee",67266,5336
0500000US48005,48005,"Angelina County, Texas",54719,3334
0500000US48021,48021,"Bastrop County, Texas",71071,11328
0500000US48027,48027,"Bell County, Texas",55411,2991
0500000US48029,48029,"Bexar County, Texas",67817,2478
0500000US48037,48037,"Bowie County, Texas",45344,3537
0500000US48039,48039,"Brazoria County, Texas",77552,5149
0500000US48041,48041,"Brazos County, Texas",52655,5552
0500000US48061,48061,"Cameron County, Texas",46119,5232
0500000US48085,48085,"Collin County, Texas",93513,3304
0500000US48091,48091,"Comal County, Texas",75046,5120
0500000US48099,48099,"Coryell County, Texas",49440,4884
0500000US48113,48113,"Dallas County, Texas",71786,1590
0500000US48121,48121,"Denton County, Texas",84647,3639
0500000US48135,48135,"Ector County, Texas",75695,6727
0500000US48139,48139,"Ellis County, Texas",73667,3977
0500000US48141,48141,"El Paso County, Texas",57292,3323
0500000US48157,48157,"Fort Bend County, Texas",117328,10422
0500000US48167,48167,"Galveston County, Texas",86777,7634
0500000US48181,48181,"Grayson County, Texas",50963,4814
0500000US48183,48183,"Gregg County, Texas",56592,2234
0500000US48187,48187,"Guadalupe County, Texas",71175,6516
0500000US48201,48201,"Harris County, Texas",84974,2335
0500000US48203,48203,"Harrison County, Texas",47404,5030
0500000US48209,48209,"Hays County, Texas",64718,5980
0500000US48213,48213,"Henderson County, Texas",50255,4452
0500000US48215,48215,"Hidalgo County, Texas",52983,7100
0500000US48231,48231,"Hunt County, Texas",49725,3745
0500000US48245,48245,"Jefferson County, Texas",62314,3649
0500000US48251,48251,"Johnson County, Texas",64068,7109
0500000US48257,48257,"Kaufman County, Texas",65719,6119
0500000US48291,48291,"Liberty County, Texas",54559,6375
0500000US48303,48303,"Lubbock County, Texas",54268,2304
0500000US48309,48309,"McLennan County, Texas",58050,3451
0500000US48329,48329,"Midland County, Texas",83012,5484
0500000US48339,48339,"Montgomery County, Texas",78684,6972
0500000US48347,48347,"Nacogdoches County, Texas",47245,7459
0500000US48355,48355,"Nueces County, Texas",64325,4730
0500000US48361,48361,"Orange County, Texas",51503,3634
0500000US48367,48367,"Parker County, Texas",70915,5055
0500000US48375,48375,"Potter County, Texas",46492,3698
0500000US48381,48381,"Randall County, Texas",66150,3451
0500000US48397,48397,"Rockwall County, Texas",96881,9311
0500000US48409,48409,"San Patricio County, Texas",66995,11530
0500000US48423,48423,"Smith County, Texas",62038,4273
0500000US48439,48439,"Tarrant County, Texas",72610,1670
0500000US48441,48441,"Taylor County, Texas",50736,3807
0500000US48451,48451,"Tom Green County, Texas",60766,4534
0500000US48453,48453,"Travis County, Texas",80190,2272
0500000US48469,48469,"Victoria County, Texas",69647,10259
0500000US48471,48471,"Walker County, Texas",42134,8699
0500000US48479,48479,"Webb County, Texas",62379,24945
0500000US48485,48485,"Wichita County, Texas",48270,3855
0500000US48491,48491,"Williamson County, Texas",81843,2159
0500000US49005,49005,"Cache County, Utah",53839,3388
0500000US49011,49011,"Davis County, Utah",77744,3272
0500000US49035,49035,"Salt Lake County, Utah",70769,1801
0500000US49049,49049,"Utah County, Utah",67218,1988
0500000US49053,49053,"Washington County, Utah",55704,2420
0500000US49057,49057,"Weber County, Utah",62193,3176
0500000US50007,50007,"Chittenden County, Vermont",70171,2853
0500000US51003,51003,"Albemarle County, Virginia",77821,8855
0500000US51013,51013,"Arlington County, Virginia",123153,5749
0500000US51015,51015,"Augusta County, Virginia",56840,5815
0500000US51019,51019,"Bedford County, Virginia",54358,5006
0500000US51041,51041,"Chesterfield County, Virginia",81357,2761
0500000US51059,51059,"Fairfax County, Virginia",127982,3729
0500000US51061,51061,"Fauquier County, Virginia",97101,7119
0500000US51069,51069,"Frederick County, Virginia",72837,5660
0500000US51085,51085,"Hanover County, Virginia",84615,3256
0500000US51087,51087,"Henrico County, Virginia",73358,3294
0500000US51095,51095,"James City County, Virginia",84093,10191
0500000US51107,51107,"Loudoun County, Virginia",133147,7668
0500000US51121,51121,"Montgomery County, Virginia",52734,3491
0500000US51153,51153,"Prince William County, Virginia",111862,3597
0500000US51161,51161,"Roanoke County, Virginia",61953,6390
0500000US51165,51165,"Rockingham County, Virginia",51571,3460
0500000US51177,51177,"Spotsylvania County, Virginia",77579,5472
0500000US51179,51179,"Stafford County, Virginia",97631,6325
0500000US51199,51199,"York County, Virginia",89045,12031
0500000US51510,51510,"Alexandria city, Virginia",115300,6952
0500000US51550,51550,"Chesapeake city, Virginia",77110,7527
0500000US51650,51650,"Hampton city, Virginia",56842,3455
0500000US51680,51680,"Lynchburg city, Virginia",48560,7082
0500000US51700,51700,"Newport News city, Virginia",65063,3764
0500000US51710,51710,"Norfolk city, Virginia",61202,2847
0500000US51740,51740,"Portsmouth city, Virginia",58763,4189
0500000US51760,51760,"Richmond city, Virginia",60025,3585
0500000US51770,51770,"Roanoke city, Virginia",42711,5993
0500000US51800,51800,"Suffolk city, Virginia",75485,6825
0500000US51810,51810,"Virginia Beach city, Virginia",72566,2804
0500000US53005,53005,"Benton County, Washington",68856,4137
0500000US53007,53007,"Chelan County, Washington",58703,5110
0500000US53009,53009,"Clallam County, Washington",45454,4371
0500000US53011,53011,"Clark County, Washington",66778,1958
0500000US53015,53015,"Cowlitz County, Washington",52858,5513
0500000US53021,53021,"Franklin County, Washington",76636,3567
0500000US53025,53025,"Grant County, Washington",54874,6893
0500000US53027,53027,"Grays Harbor County, Washington",44852,5370
0500000US53029,53029,"Island County, Washington",60525,5209
0500000US53033,53033,"King County, Washington",88438,2694
0500000US53035,53035,"Kitsap County, Washington",65846,3561
0500000US53041,53041,"Lewis County, Washington",50595,4101
0500000US53053,53053,"Pierce County, Washington",62948,2687
0500000US53057,53057,"Skagit County, Washington",61220,4692
0500000US53061,53061,"Snohomish County, Washington",78163,2847
0500000US53063,53063,"Spokane County, Washington",49530,1585
0500000US53067,53067,"Thurston County, Washington",61697,3547
0500000US53073,53073,"Whatcom County, Washington",58194,4226
0500000US53077,53077,"Yakima County, Washington",51325,3466
0500000US54003,54003,"Berkeley County, West Virginia",56144,3715
0500000US54011,54011,"Cabell County, West Virginia",40776,4278
0500000US54033,54033,"Harrison County, West Virginia",48684,5311
0500000US54039,54039,"Kanawha County, West Virginia",45945,2099
0500000US54061,54061,"Monongalia County, West Virginia",46759,4316
0500000US54081,54081,"Raleigh County, West Virginia",37738,3841
0500000US54107,54107,"Wood County, West Virginia",40655,3251
0500000US55009,55009,"Brown County, Wisconsin",59494,2802
0500000US55025,55025,"Dane County, Wisconsin",69807,2476
0500000US55027,55027,"Dodge County, Wisconsin",55099,3809
0500000US55035,55035,"Eau Claire County, Wisconsin",52014,3570
0500000US55039,55039,"Fond du Lac County, Wisconsin",59781,3952
0500000US55055,55055,"Jefferson County, Wisconsin",65246,4888
0500000US55059,55059,"Kenosha County, Wisconsin",59127,4402
0500000US55063,55063,"La Crosse County, Wisconsin",50357,2874
0500000US55071,55071,"Manitowoc County, Wisconsin",50294,3109
0500000US55073,55073,"Marathon County, Wisconsin",56300,3284
0500000US55079,55079,"Milwaukee County, Wisconsin",56588,1103
0500000US55087,55087,"Outagamie County, Wisconsin",61023,2384
0500000US55089,55089,"Ozaukee County, Wisconsin",78682,3844
0500000US55097,55097,"Portage County, Wisconsin",59523,4630
0500000US55101,55101,"Racine County, Wisconsin",68069,3337
0500000US55105,55105,"Rock County, Wisconsin",55188,3281
0500000US55109,55109,"St. Croix County, Wisconsin",71623,7574
0500000US55117,55117,"Sheboygan County, Wisconsin",57733,5024
0500000US55127,55127,"Walworth County, Wisconsin",59227,3761
0500000US55131,55131,"Washington County, Wisconsin",70016,3300
0500000US55133,55133,"Waukesha County, Wisconsin",78313,3421
0500000US55139,55139,"Winnebago County, Wisconsin",53382,2918
0500000US55141,55141,"Wood County, Wisconsin",50424,2877
0500000US56021,56021,"Laramie County, Wyoming",64220,9609
0500000US56025,56025,"Natrona County, Wyoming",55100,5227
