GEO.id,GEO.id2,GEO.display-label,HD01_VD01,HD02_VD01
Id,Id2,Geography,Estimate; Median household income in the past 12 months (in 2016 inflation-adjusted dollars),Margin of Error; Median household income in the past 12 months (in 2016 inflation-adjusted dollars)
0500000US01003,01003,"Baldwin County, Alabama",59023,3675
0500000US01015,01015,"Calhoun County, Alabama",43812,5830
0500000US01043,01043,"Cullman County, Alabama",39737,4222
0500000US01049,01049,"DeKalb County, Alabama",36528,2843
0500000US01051,01051,"Elmore County, Alabama",58243,8888
0500000US01055,01055,"Etowah County, Alabama",44376,5490
0500000US01069,01069,"Houston County, Alabama",51959,2520
0500000US01073,01073,"Jefferson County, Alabama",65634,2789
0500000US01077,01077,"Lauderdale County, Alabama",45692,3006
0500000US01081,01081,"Lee County, Alabama",49916,3429
0500000US01083,01083,"Limestone County, Alabama",52157,5672
0500000US01089,01089,"Madison County, Alabama",72467,4729
0500000US01095,01095,"Marshall County, Alabama",45842,3709
0500000US01097,01097,"Mobile County, Alabama",54758,4130
0500000US01101,01101,"Montgomery County, Alabama",63587,6710
0500000US01103,01103,"Morgan County, Alabama",50422,3316
0500000US01115,01115,"St. Clair County, Alabama",60921,3247
0500000US01117,01117,"Shelby County, Alabama",74148,2353
0500000US01121,01121,"Talladega County, Alabama",45421,6111
0500000US01125,01125,"Tuscaloosa County, Alabama",57450,7755
0500000US01127,01127,"Walker County, Alabama",40509,2657
0500000US02020,02020,"Anchorage Municipality, Alaska",94914,5887
0500000US02090,02090,"Fairbanks North Star Borough, Alaska",81466,9968
0500000US02170,02170,"Matanuska-Susitna Borough, Alaska",69009,3915
0500000US04001,04001,"Apache County, Arizona",56896,8423
0500000US04003,04003,"Cochise County, Arizona",49036,2628
0500000US04005,04005,"Coconino County, Arizona",60807,3282
0500000US04013,04013,"Maricopa County, Arizona",65836,1002
0500000US04015,04015,"Mohave County, Arizona",42106,2291
0500000US04017,04017,"Navajo County, Arizona",47177,6679
0500000US04019,04019,"Pima County, Arizona",53722,1943
0500000US04021,04021,"Pinal County, Arizona",54217,2113
0500000US04025,04025,"Yavapai County, Arizona",49174,2962
0500000US04027,04027,"Yuma County, Arizona",48306,4531
0500000US05007,05007,"Benton County, Arkansas",65904,2508
0500000US05031,05031,"Craighead County, Arkansas",47372,4185
0500000US05045,05045,"Faulkner County, Arkansas",52735,4977
0500000US05051,05051,"Garland County, Arkansas",47191,4186
0500000US05069,05069,"Jefferson County, Arkansas",49512,6745
0500000US05085,05085,"Lonoke County, Arkansas",58297,7120
0500000US05119,05119,"Pulaski County, Arkansas",61725,4035
0500000US05125,05125,"Saline County, Arkansas",64848,5234
0500000US05131,05131,"Sebastian County, Arkansas",45112,2489
0500000US05143,05143,"Washington County, Arkansas",49013,2753
0500000US05145,05145,"White County, Arkansas",45052,6220
0500000US06001,06001,"Alameda County, California",107303,3289
0500000US06007,06007,"Butte County, California",46720,4521
0500000US06013,06013,"Contra Costa County, California",102621,2557
0500000US06017,06017,"El Dorado County, California",76148,4560
0500000US06019,06019,"Fresno County, California",62392,2316
0500000US06023,06023,"Humboldt County, California",45134,3411
0500000US06025,06025,"Imperial County, California",62237,10060
0500000US06029,06029,"Kern County, California",57380,3737
0500000US06031,06031,"Kings County, California",63514,3068
0500000US06033,06033,"Lake County, California",46684,6339
0500000US06037,06037,"Los Angeles County, California",80776,839
0500000US06039,06039,"Madera County, California",66427,7762
0500000US06041,06041,"Marin County, California",117804,7918
0500000US06045,06045,"Mendocino County, California",48867,4883
0500000US06047,06047,"Merced County, California",61057,4926
0500000US06053,06053,"Monterey County, California",77846,4030
0500000US06055,06055,"Napa County, California",81880,10551
0500000US06057,06057,"Nevada County, California",58272,5180
0500000US06059,06059,"Orange County, California",91423,1628
0500000US06061,06061,"Placer County, California",83911,4306
0500000US06065,06065,"Riverside County, California",65868,2199
0500000US06067,06067,"Sacramento County, California",66200,2158
0500000US06071,06071,"San Bernardino County, California",63064,2290
0500000US06073,06073,"San Diego County, California",81431,1397
0500000US06075,06075,"San Francisco County, California",132378,8089
0500000US06077,06077,"San Joaquin County, California",68955,3905
0500000US06079,06079,"San Luis Obispo County, California",72319,3510
0500000US06081,06081,"San Mateo County, California",127900,6283
0500000US06083,06083,"Santa Barbara County, California",77990,4037
0500000US06085,06085,"Santa Clara County, California",121916,1482
0500000US06087,06087,"Santa Cruz County, California",82094,5093
0500000US06089,06089,"Shasta County, California",48242,3068
0500000US06095,06095,"Solano County, California",79445,3790
0500000US06097,06097,"Sonoma County, California",76826,3066
0500000US06099,06099,"Stanislaus County, California",60437,3257
0500000US06101,06101,"Sutter County, California",59673,4573
0500000US06107,06107,"Tulare County, California",59153,5411
0500000US06111,06111,"Ventura County, California",91264,2988
0500000US06113,06113,"Yolo County, California",77436,7159
0500000US06115,06115,"Yuba County, California",47247,7476
0500000US08001,08001,"Adams County, Colorado",77351,2831
0500000US08005,08005,"Arapahoe County, Colorado",78232,2506
0500000US08013,08013,"Boulder County, Colorado",80493,5123
0500000US08014,08014,"Broomfield County, Colorado",88186,9479
0500000US08031,08031,"Denver County, Colorado",72054,2256
0500000US08035,08035,"Douglas County, Colorado",113610,5216
0500000US08041,08041,"El Paso County, Colorado",67316,1532
0500000US08059,08059,"Jefferson County, Colorado",78801,2579
0500000US08069,08069,"Larimer County, Colorado",68761,3338
0500000US08077,08077,"Mesa County, Colorado",51273,3820
0500000US08101,08101,"Pueblo County, Colorado",49007,4641
0500000US08123,08123,"Weld County, Colorado",71589,2280
0500000US09001,09001,"Fairfield County, Connecticut",108067,3683
0500000US09003,09003,"Hartford County, Connecticut",81579,2070
0500000US09005,09005,"Litchfield County, Connecticut",77726,5091
0500000US09007,09007,"Middlesex County, Connecticut",81186,2629
0500000US09009,09009,"New Haven County, Connecticut",78640,3009
0500000US09011,09011,"New London County, Connecticut",75112,5015
0500000US09013,09013,"Tolland County, Connecticut",84195,6060
0500000US09015,09015,"Windham County, Connecticut",66251,4458
0500000US10001,10001,"Kent County, Delaware",55605,5137
0500000US10003,10003,"New Castle County, Delaware",77733,2986
0500000US10005,10005,"Sussex County, Delaware",62909,3596
0500000US11001,11001,"District of Columbia, District of Columbia",127369,7679
0500000US12001,12001,"Alachua County, Florida",50784,1700
0500000US12005,12005,"Bay County, Florida",51284,2160
0500000US12009,12009,"Brevard County, Florida",52466,2174
0500000US12011,12011,"Broward County, Florida",62815,1996
0500000US12015,12015,"Charlotte County, Florida",44631,2504
0500000US12017,12017,"Citrus County, Florida",37293,4186
0500000US12019,12019,"Clay County, Florida",56893,3457
0500000US12021,12021,"Collier County, Florida",69052,5320
0500000US12023,12023,"Columbia County, Florida",40954,6650
0500000US12031,12031,"Duval County, Florida",59146,2841
0500000US12033,12033,"Escambia County, Florida",50228,2626
0500000US12035,12035,"Flagler County, Florida",50292,2889
0500000US12053,12053,"Hernando County, Florida",47782,3210
0500000US12055,12055,"Highlands County, Florida",39140,3281
0500000US12057,12057,"Hillsborough County, Florida",65131,1454
0500000US12061,12061,"Indian River County, Florida",50919,2372
0500000US12069,12069,"Lake County, Florida",52133,2422
0500000US12071,12071,"Lee County, Florida",56905,2317
0500000US12073,12073,"Leon County, Florida",58030,4035
0500000US12081,12081,"Manatee County, Florida",55170,2421
0500000US12083,12083,"Marion County, Florida",39836,2035
0500000US12085,12085,"Martin County, Florida",57579,5038
0500000US12086,12086,"Miami-Dade County, Florida",71600,2981
0500000US12087,12087,"Monroe County, Florida",77457,5134
0500000US12089,12089,"Nassau County, Florida",75977,9401
0500000US12091,12091,"Okaloosa County, Florida",62740,4450
0500000US12095,12095,"Orange County, Florida",64682,2553
0500000US12097,12097,"Osceola County, Florida",58109,3844
0500000US12099,12099,"Palm Beach County, Florida",65060,2082
0500000US12101,12101,"Pasco County, Florida",46538,1821
0500000US12103,12103,"Pinellas County, Florida",51263,1159
0500000US12105,12105,"Polk County, Florida",50889,1594
0500000US12107,12107,"Putnam County, Florida",40854,3153
0500000US12109,12109,"St. Johns County, Florida",79017,5235
0500000US12111,12111,"St. Lucie County, Florida",47474,3540
0500000US12113,12113,"Santa Rosa County, Florida",64943,4075
0500000US12115,12115,"Sarasota County, Florida",55451,2190
0500000US12117,12117,"Seminole County, Florida",68369,4189
0500000US12119,12119,"Sumter County, Florida",57534,4766
0500000US12127,12127,"Volusia County, Florida",48085,2329
0500000US12131,12131,"Walton County, Florida",57320,5674
0500000US13013,13013,"Barrow County, Georgia",57714,6156
0500000US13015,13015,"Bartow County, Georgia",57821,6302
0500000US13021,13021,"Bibb County, Georgia",47321,4250
0500000US13031,13031,"Bulloch County, Georgia",48645,2989
0500000US13045,13045,"Carroll County, Georgia",51989,4782
0500000US13047,13047,"Catoosa County, Georgia",55556,6666
0500000US13051,13051,"Chatham County, Georgia",66954,4290
0500000US13057,13057,"Cherokee County, Georgia",84002,5680
0500000US13059,13059,"Clarke County, Georgia",42340,3882
0500000US13063,13063,"Clayton County, Georgia",46020,3485
0500000US13067,13067,"Cobb County, Georgia",82731,4066
0500000US13073,13073,"Columbia County, Georgia",69091,6664
0500000US13077,13077,"Coweta County, Georgia",74268,5416
0500000US13089,13089,"DeKalb County, Georgia",88344,4891
0500000US13095,13095,"Dougherty County, Georgia",52781,7613
0500000US13097,13097,"Douglas County, Georgia",59279,9020
0500000US13113,13113,"Fayette County, Georgia",86906,8469
0500000US13115,13115,"Floyd County, Georgia",53521,3699
0500000US13117,13117,"Forsyth County, Georgia",100053,7776
0500000US13121,13121,"Fulton County, Georgia",97017,5840
0500000US13127,13127,"Glynn County, Georgia",50742,5598
0500000US13135,13135,"Gwinnett County, Georgia",81378,2650
0500000US13139,13139,"Hall County, Georgia",60660,3686
0500000US13151,13151,"Henry County, Georgia",66097,5989
0500000US13153,13153,"Houston County, Georgia",70094,6408
0500000US13179,13179,"Liberty County, Georgia",49540,3647
0500000US13185,13185,"Lowndes County, Georgia",50550,7295
0500000US13215,13215,"Muscogee County, Georgia",55577,5738
0500000US13217,13217,"Newton County, Georgia",51533,3400
0500000US13223,13223,"Paulding County, Georgia",60983,6793
0500000US13245,13245,"Richmond County, Georgia",46685,3151
0500000US13247,13247,"Rockdale County, Georgia",60031,6036
0500000US13285,13285,"Troup County, Georgia",52152,5063
0500000US13295,13295,"Walker County, Georgia",38347,8247
0500000US13297,13297,"Walton County, Georgia",59164,4297
0500000US13313,13313,"Whitfield County, Georgia",50231,5683
0500000US15001,15001,"Hawaii County, Hawaii",52354,8701
0500000US15003,15003,"Honolulu County, Hawaii",88827,6008
0500000US15007,15007,"Kauai County, Hawaii",69594,19043
0500000US15009,15009,"Maui County, Hawaii",71722,9182
0500000US16001,16001,"Ada County, Idaho",63219,3137
0500000US16005,16005,"Bannock County, Idaho",51475,3241
0500000US16019,16019,"Bonneville County, Idaho",61773,3054
0500000US16027,16027,"Canyon County, Idaho",49424,2896
0500000US16055,16055,"Kootenai County, Idaho",51756,2727
0500000US16083,16083,"Twin Falls County, Idaho",50517,6869
0500000US17001,17001,"Adams County, Illinois",52338,5824
0500000US17019,17019,"Champaign County, Illinois",57151,5523
0500000US17031,17031,"Cook County, Illinois",77170,1087
0500000US17037,17037,"DeKalb County, Illinois",64472,4802
0500000US17043,17043,"DuPage County, Illinois",89243,2818
0500000US17089,17089,"Kane County, Illinois",84791,5381
0500000US17091,17091,"Kankakee County, Illinois",63140,4351
0500000US17093,17093,"Kendall County, Illinois",94690,9456
0500000US17097,17097,"Lake County, Illinois",95225,4497
0500000US17099,17099,"LaSalle County, Illinois",59180,4291
0500000US17111,17111,"McHenry County, Illinois",83635,3604
0500000US17113,17113,"McLean County, Illinois",63886,6096
0500000US17115,17115,"Macon County, Illinois",51026,3592
0500000US17119,17119,"Madison County, Illinois",60631,2408
0500000US17143,17143,"Peoria County, Illinois",58620,2497
0500000US17161,17161,"Rock Island County, Illinois",53029,3558
0500000US17163,17163,"St. Clair County, Illinois",60024,4844
0500000US17167,17167,"Sangamon County, Illinois",57527,4583
0500000US17179,17179,"Tazewell County, Illinois",60892,2501
0500000US17183,17183,"Vermilion County, Illinois",47850,3658
0500000US17197,17197,"Will County, Illinois",85508,2234
0500000US17199,17199,"Williamson County, Illinois",49439,3614
0500000US17201,17201,"Winnebago County, Illinois",56092,2277
0500000US18003,18003,"Allen County, Indiana",55606,2500
0500000US18005,18005,"Bartholomew County, Indiana",57058,5392
0500000US18019,18019,"Clark County, Indiana",54163,4540
0500000US18035,18035,"Delaware County, Indiana",41601,3239
0500000US18039,18039,"Elkhart County, Indiana",56989,4853
0500000US18043,18043,"Floyd County, Indiana",60188,3212
0500000US18053,18053,"Grant County, Indiana",38091,4246
0500000US18057,18057,"Hamilton County, Indiana",90072,4388
0500000US18059,18059,"Hancock County, Indiana",64413,10610
0500000US18063,18063,"Hendricks County, Indiana",80394,4440
0500000US18067,18067,"Howard County, Indiana",45079,6017
0500000US18081,18081,"Johnson County, Indiana",66775,6173
0500000US18085,18085,"Kosciusko County, Indiana",58795,4273
0500000US18089,18089,"Lake County, Indiana",65287,2496
0500000US18091,18091,"LaPorte County, Indiana",54096,3977
0500000US18095,18095,"Madison County, Indiana",49359,5177
0500000US18097,18097,"Marion County, Indiana",52466,1691
0500000US18105,18105,"Monroe County, Indiana",45709,3399
0500000US18109,18109,"Morgan County, Indiana",61374,4073
0500000US18127,18127,"Porter County, Indiana",66919,4148
0500000US18141,18141,"St. Joseph County, Indiana",53706,2928
0500000US18157,18157,"Tippecanoe County, Indiana",55044,3539
0500000US18163,18163,"Vanderburgh County, Indiana",49069,2877
0500000US18167,18167,"Vigo County, Indiana",45267,3991
0500000US18177,18177,"Wayne County, Indiana",43321,4857
0500000US19013,19013,"Black Hawk County, Iowa",53113,4622
0500000US19049,19049,"Dallas County, Iowa",80167,9650
0500000US19061,19061,"Dubuque County, Iowa",63017,4810
0500000US19103,19103,"Johnson County, Iowa",65599,4496
0500000US19113,19113,"Linn County, Iowa",65519,3321
0500000US19153,19153,"Polk County, Iowa",69007,2217
0500000US19155,19155,"Pottawattamie County, Iowa",57758,4212
0500000US19163,19163,"Scott County, Iowa",60113,4656
0500000US19169,19169,"Story County, Iowa",58065,9069
0500000US19193,19193,"Woodbury County, Iowa",55240,5204
0500000US20015,20015,"Butler County, Kansas",60296,2822
0500000US20045,20045,"Douglas County, Kansas",58801,3930
0500000US20091,20091,"Johnson County, Kansas",82725,2903
0500000US20103,20103,"Leavenworth County, Kansas",71018,3819
0500000US20161,20161,"Riley County, Kansas",56712,6062
0500000US20173,20173,"Sedgwick County, Kansas",57133,1878
0500000US20177,20177,"Shawnee County, Kansas",59103,2996
0500000US20209,20209,"Wyandotte County, Kansas",55075,6182
0500000US21015,21015,"Boone County, Kentucky",77711,5375
0500000US21029,21029,"Bullitt County, Kentucky",65396,5586
0500000US21037,21037,"Campbell County, Kentucky",64955,5421
0500000US21047,21047,"Christian County, Kentucky",46642,4745
0500000US21059,21059,"Daviess County, Kentucky",54132,4450
0500000US21067,21067,"Fayette County, Kentucky",61059,1666
0500000US21093,21093,"Hardin County, Kentucky",54619,5864
0500000US21111,21111,"Jefferson County, Kentucky",59447,2468
0500000US21117,21117,"Kenton County, Kentucky",66641,3849
0500000US21145,21145,"McCracken County, Kentucky",40783,4894
0500000US21151,21151,"Madison County, Kentucky",44552,4733
0500000US21185,21185,"Oldham County, Kentucky",91199,6594
0500000US21227,21227,"Warren County, Kentucky",50176,4366
0500000US22005,22005,"Ascension Parish, Louisiana",85343,10077
0500000US22015,22015,"Bossier Parish, Louisiana",54079,6292
0500000US22017,22017,"Caddo Parish, Louisiana",54623,4266
0500000US22019,22019,"Calcasieu Parish, Louisiana",50639,2851
0500000US22033,22033,"East Baton Rouge Parish, Louisiana",66590,3383
0500000US22045,22045,"Iberia Parish, Louisiana",51877,4574
0500000US22051,22051,"Jefferson Parish, Louisiana",60416,2506
0500000US22055,22055,"Lafayette Parish, Louisiana",61005,6844
0500000US22057,22057,"Lafourche Parish, Louisiana",60223,4193
0500000US22063,22063,"Livingston Parish, Louisiana",60352,6655
0500000US22071,22071,"Orleans Parish, Louisiana",67884,3951
0500000US22073,22073,"Ouachita Parish, Louisiana",48528,3646
0500000US22079,22079,"Rapides Parish, Louisiana",51688,6866
0500000US22097,22097,"St. Landry Parish, Louisiana",46783,5920
0500000US22103,22103,"St. Tammany Parish, Louisiana",69025,4426
0500000US22105,22105,"Tangipahoa Parish, Louisiana",52716,11448
0500000US22109,22109,"Terrebonne Parish, Louisiana",56310,7679
0500000US23001,23001,"Androscoggin County, Maine",50211,3255
0500000US23003,23003,"Aroostook County, Maine",39871,3140
0500000US23005,23005,"Cumberland County, Maine",67325,3374
0500000US23011,23011,"Kennebec County, Maine",52489,4378
0500000US23019,23019,"Penobscot County, Maine",48694,3780
0500000US23031,23031,"York County, Maine",61057,3534
0500000US24001,24001,"Allegany County, Maryland",46394,3248
0500000US24003,24003,"Anne Arundel County, Maryland",101174,2162
0500000US24005,24005,"Baltimore County, Maryland",74757,2671
0500000US24009,24009,"Calvert County, Maryland",102280,7171
0500000US24013,24013,"Carroll County, Maryland",90336,4654
0500000US24015,24015,"Cecil County, Maryland",80744,6234
0500000US24017,24017,"Charles County, Maryland",100878,13181
0500000US24021,24021,"Frederick County, Maryland",95664,3674
0500000US24025,24025,"Harford County, Maryland",88540,5454
0500000US24027,24027,"Howard County, Maryland",130199,5136
0500000US24031,24031,"Montgomery County, Maryland",122291,3433
0500000US24033,24033,"Prince George's County, Maryland",88127,3640
0500000US24037,24037,"St. Mary's County, Maryland",87000,12558
0500000US24043,24043,"Washington County, Maryland",57068,4653
0500000US24045,24045,"Wicomico County, Maryland",60191,2877
0500000US24510,24510,"Baltimore city, Maryland",72540,4500
0500000US25001,25001,"Barnstable County, Massachusetts",67915,3459
0500000US25003,25003,"Berkshire County, Massachusetts",59129,4390
0500000US25005,25005,"Bristol County, Massachusetts",70080,3253
0500000US25009,25009,"Essex County, Massachusetts",82665,3079
0500000US25011,25011,"Franklin County, Massachusetts",58862,4630
0500000US25013,25013,"Hampden County, Massachusetts",63676,3320
0500000US25015,25015,"Hampshire County, Massachusetts",68670,6999
0500000US25017,25017,"Middlesex County, Massachusetts",99793,2150
0500000US25021,25021,"Norfolk County, Massachusetts",96525,4071
0500000US25023,25023,"Plymouth County, Massachusetts",86152,3819
0500000US25025,25025,"Suffolk County, Massachusetts",87883,4671
0500000US25027,25027,"Worcester County, Massachusetts",74926,2293
0500000US26005,26005,"Allegan County, Michigan",58598,4215
0500000US26017,26017,"Bay County, Michigan",46268,3729
0500000US26021,26021,"Berrien County, Michigan",52153,3087
0500000US26025,26025,"Calhoun County, Michigan",50245,4322
0500000US26037,26037,"Clinton County, Michigan",66761,3729
0500000US26045,26045,"Eaton County, Michigan",57894,4696
0500000US26049,26049,"Genesee County, Michigan",49049,1783
0500000US26055,26055,"Grand Traverse County, Michigan",60490,4266
0500000US26065,26065,"Ingham County, Michigan",52436,1914
0500000US26073,26073,"Isabella County, Michigan",41347,2960
0500000US26075,26075,"Jackson County, Michigan",50790,2243
0500000US26077,26077,"Kalamazoo County, Michigan",56483,2972
0500000US26081,26081,"Kent County, Michigan",64716,2035
0500000US26087,26087,"Lapeer County, Michigan",55790,3427
0500000US26091,26091,"Lenawee County, Michigan",53306,3968
0500000US26093,26093,"Livingston County, Michigan",77993,3518
0500000US26099,26099,"Macomb County, Michigan",61569,1359
0500000US26103,26103,"Marquette County, Michigan",51434,3120
0500000US26111,26111,"Midland County, Michigan",57808,5174
0500000US26115,26115,"Monroe County, Michigan",61678,4667
0500000US26121,26121,"Muskegon County, Michigan",48203,3295
0500000US26125,26125,"Oakland County, Michigan",76868,1936
0500000US26139,26139,"Ottawa County, Michigan",66347,2186
0500000US26145,26145,"Saginaw County, Michigan",52633,2220
0500000US26147,26147,"St. Clair County, Michigan",52454,2444
0500000US26155,26155,"Shiawassee County, Michigan",53738,2841
0500000US26159,26159,"Van Buren County, Michigan",51148,4286
0500000US26161,26161,"Washtenaw County, Michigan",73182,3686
0500000US26163,26163,"Wayne County, Michigan",56925,1491
0500000US27003,27003,"Anoka County, Minnesota",79165,2458
0500000US27013,27013,"Blue Earth County, Minnesota",55430,4414
0500000US27019,27019,"Carver County, Minnesota",96302,5681
0500000US27037,27037,"Dakota County, Minnesota",82203,2307
0500000US27053,27053,"Hennepin County, Minnesota",79409,1650
0500000US27109,27109,"Olmsted County, Minnesota",75303,2952
0500000US27123,27123,"Ramsey County, Minnesota",67593,2817
0500000US27131,27131,"Rice County, Minnesota",69440,5423
0500000US27137,27137,"St. Louis County, Minnesota",51402,2777
0500000US27139,27139,"Scott County, Minnesota",88577,6165
0500000US27141,27141,"Sherburne County, Minnesota",85538,4265
0500000US27145,27145,"Stearns County, Minnesota",60754,2830
0500000US27163,27163,"Washington County, Minnesota",90776,5136
0500000US27171,27171,"Wright County, Minnesota",75455,6491
0500000US28033,28033,"DeSoto County, Mississippi",73627,5787
0500000US28035,28035,"Forrest County, Mississippi",42427,8331
0500000US28047,28047,"Harrison County, Mississippi",48665,3086
0500000US28049,28049,"Hinds County, Mississippi",70106,6628
0500000US28059,28059,"Jackson County, Mississippi",62008,4283
0500000US28067,28067,"Jones County, Mississippi",56719,8515
0500000US28075,28075,"Lauderdale County, Mississippi",54238,12015
0500000US28081,28081,"Lee County, Mississippi",50346,7883
0500000US28089,28089,"Madison County, Mississippi",91148,7084
0500000US28121,28121,"Rankin County, Mississippi",65371,5389
0500000US29019,29019,"Boone County, Missouri",56998,6095
0500000US29021,29021,"Buchanan County, Missouri",49393,3968
0500000US29031,29031,"Cape Girardeau County, Missouri",50981,2821
0500000US29037,29037,"Cass County, Missouri",62939,3868
0500000US29043,29043,"Christian County, Missouri",53204,4477
0500000US29047,29047,"Clay County, Missouri",69696,4378
0500000US29051,29051,"Cole County, Missouri",60729,5304
0500000US29071,29071,"Franklin County, Missouri",55287,4323
0500000US29077,29077,"Greene County, Missouri",45134,3039
0500000US29095,29095,"Jackson County, Missouri",59969,1717
0500000US29097,29097,"Jasper County, Missouri",47314,4635
0500000US29099,29099,"Jefferson County, Missouri",61372,2321
0500000US29165,29165,"Platte County, Missouri",78848,3347
0500000US29183,29183,"St. Charles County, Missouri",81988,3202
0500000US29187,29187,"St. Francois County, Missouri",45349,6223
0500000US29189,29189,"St. Louis County, Missouri",72711,2180
0500000US29510,29510,"St. Louis city, Missouri",56877,3756
0500000US30013,30013,"Cascade County, Montana",47521,3668
0500000US30029,30029,"Flathead County, Montana",50877,3341
0500000US30031,30031,"Gallatin County, Montana",61370,3500
0500000US30049,30049,"Lewis and Clark County, Montana",65249,6158
0500000US30063,30063,"Missoula County, Montana",47729,5527
0500000US30111,30111,"Yellowstone County, Montana",59023,4120
0500000US31055,31055,"Douglas County, Nebraska",67370,2516
0500000US31109,31109,"Lancaster County, Nebraska",61895,2419
0500000US31153,31153,"Sarpy County, Nebraska",74349,3632
0500000US32003,32003,"Clark County, Nevada",61833,1522
0500000US32031,32031,"Washoe County, Nevada",63060,3928
0500000US33005,33005,"Cheshire County, New Hampshire",57513,6449
0500000US33009,33009,"Grafton County, New Hampshire",61532,6488
0500000US33011,33011,"Hillsborough County, New Hampshire",78391,3925
0500000US33013,33013,"Merrimack County, New Hampshire",69859,2898
0500000US33015,33015,"Rockingham County, New Hampshire",81892,4307
0500000US33017,33017,"Strafford County, New Hampshire",72029,4206
0500000US34001,34001,"Atlantic County, New Jersey",69194,3312
0500000US34003,34003,"Bergen County, New Jersey",99748,3986
0500000US34005,34005,"Burlington County, New Jersey",82806,3632
0500000US34007,34007,"Camden County, New Jersey",78588,2532
0500000US34009,34009,"Cape May County, New Jersey",66847,3576
0500000US34011,34011,"Cumberland County, New Jersey",59920,6756
0500000US34013,34013,"Essex County, New Jersey",100105,4531
0500000US34015,34015,"Gloucester County, New Jersey",82010,2817
0500000US34017,34017,"Hudson County, New Jersey",89073,5375
0500000US34019,34019,"Hunterdon County, New Jersey",116542,5497
0500000US34021,34021,"Mercer County, New Jersey",91392,5724
0500000US34023,34023,"Middlesex County, New Jersey",78066,4297
0500000US34025,34025,"Monmouth County, New Jersey",96293,3811
0500000US34027,34027,"Morris County, New Jersey",109131,4913
0500000US34029,34029,"Ocean County, New Jersey",62482,1947
0500000US34031,34031,"Passaic County, New Jersey",88884,4838
0500000US34033,34033,"Salem County, New Jersey",58141,4847
0500000US34035,34035,"Somerset County, New Jersey",113719,6746
0500000US34037,34037,"Sussex County, New Jersey",91123,6306
0500000US34039,34039,"Union County, New Jersey",98584,4695
0500000US34041,34041,"Warren County, New Jersey",76291,5456
0500000US35001,35001,"Bernalillo County, New Mexico",59744,2145
0500000US35005,35005,"Chaves County, New Mexico",41955,4878
0500000US35013,35013,"Doña Ana County, New Mexico",55694,7520
0500000US35025,35025,"Lea County, New Mexico",59529,11585
0500000US35031,35031,"McKinley County, New Mexico",59741,14399
0500000US35035,35035,"Otero County, New Mexico",47209,8188
0500000US35043,35043,"Sandoval County, New Mexico",66007,5486
0500000US35045,35045,"San Juan County, New Mexico",63859,11065
0500000US35049,35049,"Santa Fe County, New Mexico",68173,3753
0500000US35061,35061,"Valencia County, New Mexico",50963,8184
0500000US36001,36001,"Albany County, New York",69531,3334
0500000US36005,36005,"Bronx County, New York",57362,5193
0500000US36007,36007,"Broome County, New York",53666,3103
0500000US36009,36009,"Cattaraugus County, New York",48342,3235
0500000US36011,36011,"Cayuga County, New York",56602,4075
0500000US36013,36013,"Chautauqua County, New York",44913,2938
0500000US36015,36015,"Chemung County, New York",51580,3076
0500000US36019,36019,"Clinton County, New York",55505,4657
0500000US36027,36027,"Dutchess County, New York",76777,3554
0500000US36029,36029,"Erie County, New York",61847,1569
0500000US36045,36045,"Jefferson County, New York",45772,3235
0500000US36047,36047,"Kings County, New York",75144,2461
0500000US36051,36051,"Livingston County, New York",53871,4681
0500000US36053,36053,"Madison County, New York",62182,6391
0500000US36055,36055,"Monroe County, New York",62464,2176
0500000US36059,36059,"Nassau County, New York",111961,1964
0500000US36061,36061,"New York County, New York",116359,4128
0500000US36063,36063,"Niagara County, New York",53238,4015
0500000US36065,36065,"Oneida County, New York",56316,2792
0500000US36067,36067,"Onondaga County, New York",63414,2206
0500000US36069,36069,"Ontario County, New York",58759,4454
0500000US36071,36071,"Orange County, New York",81106,4815
0500000US36075,36075,"Oswego County, New York",53709,3334
0500000US36079,36079,"Putnam County, New York",99676,9266
0500000US36081,36081,"Queens County, New York",71770,1703
0500000US36083,36083,"Rensselaer County, New York",69982,3318
0500000US36085,36085,"Richmond County, New York",85662,4113
0500000US36087,36087,"Rockland County, New York",91421,7168
0500000US36089,36089,"St. Lawrence County, New York",51919,1932
0500000US36091,36091,"Saratoga County, New York",75004,3738
0500000US36093,36093,"Schenectady County, New York",66792,3189
0500000US36101,36101,"Steuben County, New York",50131,3774
0500000US36103,36103,"Suffolk County, New York",98065,2569
0500000US36105,36105,"Sullivan County, New York",59292,6523
0500000US36109,36109,"Tompkins County, New York",61109,4819
0500000US36111,36111,"Ulster County, New York",65676,3333
0500000US36113,36113,"Warren County, New York",60227,6536
0500000US36117,36117,"Wayne County, New York",59753,4631
0500000US36119,36119,"Westchester County, New York",111119,4157
0500000US37001,37001,"Alamance County, North Carolina",51748,4031
0500000US37019,37019,"Brunswick County, North Carolina",54138,4033
0500000US37021,37021,"Buncombe County, North Carolina",52160,2274
0500000US37023,37023,"Burke County, North Carolina",40843,4136
0500000US37025,37025,"Cabarrus County, North Carolina",68421,4624
0500000US37027,37027,"Caldwell County, North Carolina",39169,3944
0500000US37031,37031,"Carteret County, North Carolina",52686,3110
0500000US37035,37035,"Catawba County, North Carolina",50838,3472
0500000US37037,37037,"Chatham County, North Carolina",76378,9720
0500000US37045,37045,"Cleveland County, North Carolina",40574,3508
0500000US37049,37049,"Craven County, North Carolina",55471,5615
0500000US37051,37051,"Cumberland County, North Carolina",50629,1575
0500000US37057,37057,"Davidson County, North Carolina",49994,3527
0500000US37063,37063,"Durham County, North Carolina",69401,5107
0500000US37067,37067,"Forsyth County, North Carolina",59486,2377
0500000US37071,37071,"Gaston County, North Carolina",52269,2896
0500000US37081,37081,"Guilford County, North Carolina",58609,2647
0500000US37085,37085,"Harnett County, North Carolina",58111,3697
0500000US37089,37089,"Henderson County, North Carolina",56769,3338
0500000US37097,37097,"Iredell County, North Carolina",59649,4766
0500000US37101,37101,"Johnston County, North Carolina",60403,4995
0500000US37109,37109,"Lincoln County, North Carolina",50363,2501
0500000US37119,37119,"Mecklenburg County, North Carolina",80685,2137
0500000US37125,37125,"Moore County, North Carolina",56670,7813
0500000US37127,37127,"Nash County, North Carolina",55887,6734
0500000US37129,37129,"New Hanover County, North Carolina",53757,4987
0500000US37133,37133,"Onslow County, North Carolina",50913,3633
0500000US37135,37135,"Orange County, North Carolina",70713,4346
0500000US37147,37147,"Pitt County, North Carolina",56079,5196
0500000US37151,37151,"Randolph County, North Carolina",48885,4821
0500000US37155,37155,"Robeson County, North Carolina",40555,5748
0500000US37157,37157,"Rockingham County, North Carolina",42345,3776
0500000US37159,37159,"Rowan County, North Carolina",52668,4707
0500000US37161,37161,"Rutherford County, North Carolina",40040,5515
0500000US37171,37171,"Surry County, North Carolina",37531,3658
0500000US37179,37179,"Union County, North Carolina",76699,4004
0500000US37183,37183,"Wake County, North Carolina",86834,2892
0500000US37191,37191,"Wayne County, North Carolina",51809,5807
0500000US37193,37193,"Wilkes County, North Carolina",40608,4868
0500000US37195,37195,"Wilson County, North Carolina",60918,8037
0500000US38015,38015,"Burleigh County, North Dakota",66326,6808
0500000US38017,38017,"Cass County, North Dakota",63508,3334
0500000US38035,38035,"Grand Forks County, North Dakota",55876,6438
0500000US38101,38101,"Ward County, North Dakota",67967,5683
0500000US39003,39003,"Allen County, Ohio",51469,2844
0500000US39007,39007,"Ashtabula County, Ohio",44179,3203
0500000US39009,39009,"Athens County, Ohio",36902,4180
0500000US39013,39013,"Belmont County, Ohio",48082,6531
0500000US39017,39017,"Butler County, Ohio",66379,2786
0500000US39023,39023,"Clark County, Ohio",49299,3263
0500000US39025,39025,"Clermont County, Ohio",60506,2460
0500000US39029,39029,"Columbiana County, Ohio",48786,4034
0500000US39035,39035,"Cuyahoga County, Ohio",57470,1375
0500000US39041,39041,"Delaware County, Ohio",101658,5580
0500000US39043,39043,"Erie County, Ohio",58505,5297
0500000US39045,39045,"Fairfield County, Ohio",64907,4982
0500000US39049,39049,"Franklin County, Ohio",64397,2365
0500000US39055,39055,"Geauga County, Ohio",77039,5971
0500000US39057,39057,"Greene County, Ohio",63308,3702
0500000US39061,39061,"Hamilton County, Ohio",63616,2236
0500000US39063,39063,"Hancock County, Ohio",57807,7237
0500000US39081,39081,"Jefferson County, Ohio",45079,3186
0500000US39085,39085,"Lake County, Ohio",62436,2804
0500000US39089,39089,"Licking County, Ohio",58886,2643
0500000US39093,39093,"Lorain County, Ohio",58771,3057
0500000US39095,39095,"Lucas County, Ohio",52371,2124
0500000US39099,39099,"Mahoning County, Ohio",46760,2297
0500000US39101,39101,"Marion County, Ohio",44700,6163
0500000US39103,39103,"Medina County, Ohio",71756,3194
0500000US39109,39109,"Miami County, Ohio",62330,3237
0500000US39113,39113,"Montgomery County, Ohio",52931,1933
0500000US39119,39119,"Muskingum County, Ohio",44422,4073
0500000US39133,39133,"Portage County, Ohio",51918,2573
0500000US39139,39139,"Richland County, Ohio",45655,3446
0500000US39141,39141,"Ross County, Ohio",47561,6142
0500000US39145,39145,"Scioto County, Ohio",38759,3601
0500000US39151,39151,"Stark County, Ohio",53795,2695
0500000US39153,39153,"Summit County, Ohio",56627,1647
0500000US39155,39155,"Trumbull County, Ohio",48608,2582
0500000US39157,39157,"Tuscarawas County, Ohio",51095,3802
0500000US39165,39165,"Warren County, Ohio",78597,5446
0500000US39169,39169,"Wayne County, Ohio",53604,1910
0500000US39173,39173,"Wood County, Ohio",61581,3281
0500000US40017,40017,"Canadian County, Oklahoma",68352,3706
0500000US40027,40027,"Cleveland County, Oklahoma",64109,3115
0500000US40031,40031,"Comanche County, Oklahoma",55267,9977
0500000US40037,40037,"Creek County, Oklahoma",46394,4774
0500000US40101,40101,"Muskogee County, Oklahoma",41923,5755
0500000US40109,40109,"Oklahoma County, Oklahoma",61124,1385
0500000US40119,40119,"Payne County, Oklahoma",39752,3898
0500000US40125,40125,"Pottawatomie County, Oklahoma",43265,4252
0500000US40131,40131,"Rogers County, Oklahoma",63022,2803
0500000US40143,40143,"Tulsa County, Oklahoma",59151,2199
0500000US40145,40145,"Wagoner County, Oklahoma",62439,3913
0500000US41003,41003,"Benton County, Oregon",57846,6011
0500000US41005,41005,"Clackamas County, Oregon",75247,3672
0500000US41017,41017,"Deschutes County, Oregon",61864,3782
0500000US41019,41019,"Douglas County, Oregon",43071,3510
0500000US41029,41029,"Jackson County, Oregon",50313,2670
0500000US41033,41033,"Josephine County, Oregon",36058,4065
0500000US41035,41035,"Klamath County, Oregon",44983,3070
0500000US41039,41039,"Lane County, Oregon",48640,2148
0500000US41043,41043,"Linn County, Oregon",50998,4646
0500000US41047,41047,"Marion County, Oregon",59656,1934
0500000US41051,41051,"Multnomah County, Oregon",68281,2311
0500000US41053,41053,"Polk County, Oregon",56198,6828
0500000US41059,41059,"Umatilla County, Oregon",49805,4738
0500000US41067,41067,"Washington County, Oregon",78090,3023
0500000US41071,41071,"Yamhill County, Oregon",64331,3775
0500000US42001,42001,"Adams County, Pennsylvania",59513,4514
0500000US42003,42003,"Allegheny County, Pennsylvania",61434,992
0500000US42005,42005,"Armstrong County, Pennsylvania",46715,3559
0500000US42007,42007,"Beaver County, Pennsylvania",56308,3113
0500000US42011,42011,"Berks County, Pennsylvania",66425,2726
0500000US42013,42013,"Blair County, Pennsylvania",44404,4088
0500000US42017,42017,"Bucks County, Pennsylvania",82076,2351
0500000US42019,42019,"Butler County, Pennsylvania",65657,2626
0500000US42021,42021,"Cambria County, Pennsylvania",44784,3017
0500000US42025,42025,"Carbon County, Pennsylvania",53750,5736
0500000US42027,42027,"Centre County, Pennsylvania",62676,3028
0500000US42029,42029,"Chester County, Pennsylvania",96406,2357
0500000US42033,42033,"Clearfield County, Pennsylvania",48925,4571
0500000US42037,42037,"Columbia County, Pennsylvania",50349,3806
0500000US42039,42039,"Crawford County, Pennsylvania",45486,3060
0500000US42041,42041,"Cumberland County, Pennsylvania",64844,3594
0500000US42043,42043,"Dauphin County, Pennsylvania",65205,3065
0500000US42045,42045,"Delaware County, Pennsylvania",79763,3013
0500000US42049,42049,"Erie County, Pennsylvania",51753,1917
0500000US42051,42051,"Fayette County, Pennsylvania",44603,3564
0500000US42055,42055,"Franklin County, Pennsylvania",60590,3631
0500000US42063,42063,"Indiana County, Pennsylvania",43116,2824
0500000US42069,42069,"Lackawanna County, Pennsylvania",49311,2860
0500000US42071,42071,"Lancaster County, Pennsylvania",64814,2126
0500000US42073,42073,"Lawrence County, Pennsylvania",48617,4488
0500000US42075,42075,"Lebanon County, Pennsylvania",57938,4405
0500000US42077,42077,"Lehigh County, Pennsylvania",66083,2986
0500000US42079,42079,"Luzerne County, Pennsylvania",48858,2453
0500000US42081,42081,"Lycoming County, Pennsylvania",49853,2457
0500000US42085,42085,"Mercer County, Pennsylvania",51411,3406
0500000US42089,42089,"Monroe County, Pennsylvania",58329,6807
0500000US42091,42091,"Montgomery County, Pennsylvania",88120,2711
0500000US42095,42095,"Northampton County, Pennsylvania",69507,3858
0500000US42097,42097,"Northumberland County, Pennsylvania",47415,3087
0500000US42101,42101,"Philadelphia County, Pennsylvania",58808,2320
0500000US42107,42107,"Schuylkill County, Pennsylvania",51239,1765
0500000US42111,42111,"Somerset County, Pennsylvania",43809,2686
0500000US42125,42125,"Washington County, Pennsylvania",59251,3281
0500000US42129,42129,"Westmoreland County, Pennsylvania",57158,1912
0500000US42133,42133,"York County, Pennsylvania",65428,1808
0500000US44003,44003,"Kent County, Rhode Island",62366,4941
0500000US44005,44005,"Newport County, Rhode Island",75433,4163
0500000US44007,44007,"Providence County, Rhode Island",61621,1963
0500000US44009,44009,"Washington County, Rhode Island",75812,5158
0500000US45003,45003,"Aiken County, South Carolina",49347,4003
0500000US45007,45007,"Anderson County, South Carolina",47972,4142
0500000US45013,45013,"Beaufort County, South Carolina",77809,4856
0500000US45015,45015,"Berkeley County, South Carolina",67836,5289
0500000US45019,45019,"Charleston County, South Carolina",71425,3405
0500000US45031,45031,"Darlington County, South Carolina",41220,5444
0500000US45035,45035,"Dorchester County, South Carolina",62414,3172
0500000US45041,45041,"Florence County, South Carolina",58851,4911
0500000US45045,45045,"Greenville County, South Carolina",62230,2434
0500000US45047,45047,"Greenwood County, South Carolina",43291,5943
0500000US45051,45051,"Horry County, South Carolina",50066,2662
0500000US45057,45057,"Lancaster County, South Carolina",63782,7332
0500000US45059,45059,"Laurens County, South Carolina",43657,3708
0500000US45063,45063,"Lexington County, South Carolina",62064,3131
0500000US45073,45073,"Oconee County, South Carolina",48671,4225
0500000US45075,45075,"Orangeburg County, South Carolina",42225,6392
0500000US45077,45077,"Pickens County, South Carolina",48318,4321
0500000US45079,45079,"Richland County, South Carolina",62490,4363
0500000US45083,45083,"Spartanburg County, South Carolina",52812,3946
0500000US45085,45085,"Sumter County, South Carolina",50688,4744
0500000US45091,45091,"York County, South Carolina",72106,2960
0500000US46099,46099,"Minnehaha County, South Dakota",62826,3203
0500000US46103,46103,"Pennington County, South Dakota",54447,3258
0500000US47001,47001,"Anderson County, Tennessee",46521,5069
0500000US47009,47009,"Blount County, Tennessee",52196,2390
0500000US47011,47011,"Bradley County, Tennessee",46909,3696
0500000US47037,47037,"Davidson County, Tennessee",63684,2695
0500000US47059,47059,"Greene County, Tennessee",41721,3199
0500000US47065,47065,"Hamilton County, Tennessee",54712,2823
0500000US47093,47093,"Knox County, Tennessee",56783,2591
0500000US47113,47113,"Madison County, Tennessee",48611,5426
0500000US47119,47119,"Maury County, Tennessee",52438,7410
0500000US47125,47125,"Montgomery County, Tennessee",60667,5379
0500000US47141,47141,"Putnam County, Tennessee",37641,5761
0500000US47147,47147,"Robertson County, Tennessee",63469,4834
0500000US47149,47149,"Rutherford County, Tennessee",64711,3873
0500000US47155,47155,"Sevier County, Tennessee",46587,1993
0500000US47157,47157,"Shelby County, Tennessee",71158,2331
0500000US47163,47163,"Sullivan County, Tennessee",43446,2799
0500000US47165,47165,"Sumner County, Tennessee",62373,4991
0500000US47179,47179,"Washington County, Tennessee",47767,3785
0500000US47187,47187,"Williamson County, Tennessee",110365,4649
0500000US47189,47189,"Wilson County, Tennessee",71878,3159
0500000US48005,48005,"Angelina County, Texas",45425,8925
0500000US48021,48021,"Bastrop County, Texas",60631,10349
0500000US48027,48027,"Bell County, Texas",60311,3214
0500000US48029,48029,"Bexar County, Texas",70173,2542
0500000US48037,48037,"Bowie County, Texas",50840,4344
0500000US48039,48039,"Brazoria County, Texas",76843,6695
0500000US48041,48041,"Brazos County, Texas",53113,4961
0500000US48061,48061,"Cameron County, Texas",51539,3306
0500000US48085,48085,"Collin County, Texas",97291,3961
0500000US48091,48091,"Comal County, Texas",80749,4296
0500000US48099,48099,"Coryell County, Texas",52356,5124
0500000US48113,48113,"Dallas County, Texas",76120,2110
0500000US48121,48121,"Denton County, Texas",90310,4190
0500000US48135,48135,"Ector County, Texas",59152,7190
0500000US48139,48139,"Ellis County, Texas",76798,3289
0500000US48141,48141,"El Paso County, Texas",57879,4223
0500000US48157,48157,"Fort Bend County, Texas",107962,6488
0500000US48167,48167,"Galveston County, Texas",78840,6435
0500000US48181,48181,"Grayson County, Texas",53991,3287
0500000US48183,48183,"Gregg County, Texas",51043,4326
0500000US48187,48187,"Guadalupe County, Texas",76053,5630
0500000US48201,48201,"Harris County, Texas",82151,1345
0500000US48203,48203,"Harrison County, Texas",55620,7858
0500000US48209,48209,"Hays County, Texas",71493,4539
0500000US48213,48213,"Henderson County, Texas",46083,5006
0500000US48215,48215,"Hidalgo County, Texas",42146,4310
0500000US48231,48231,"Hunt County, Texas",61576,7543
0500000US48245,48245,"Jefferson County, Texas",67754,5790
0500000US48251,48251,"Johnson County, Texas",61444,3470
0500000US48257,48257,"Kaufman County, Texas",65475,6346
0500000US48291,48291,"Liberty County, Texas",46909,10181
0500000US48303,48303,"Lubbock County, Texas",59759,3915
0500000US48309,48309,"McLennan County, Texas",56154,4416
0500000US48329,48329,"Midland County, Texas",87731,15931
0500000US48339,48339,"Montgomery County, Texas",77083,5248
0500000US48347,48347,"Nacogdoches County, Texas",47052,7002
0500000US48355,48355,"Nueces County, Texas",65302,6291
0500000US48361,48361,"Orange County, Texas",60141,8158
0500000US48367,48367,"Parker County, Texas",67753,5264
0500000US48375,48375,"Potter County, Texas",51271,3026
0500000US48381,48381,"Randall County, Texas",69269,6688
0500000US48397,48397,"Rockwall County, Texas",100708,7725
0500000US48409,48409,"San Patricio County, Texas",72494,7729
0500000US48423,48423,"Smith County, Texas",63960,5504
0500000US48439,48439,"Tarrant County, Texas",74323,1872
0500000US48441,48441,"Taylor County, Texas",54463,4662
0500000US48451,48451,"Tom Green County, Texas",53289,5888
0500000US48453,48453,"Travis County, Texas",81474,1623
0500000US48469,48469,"Victoria County, Texas",68281,11441
0500000US48471,48471,"Walker County, Texas",54369,9642
0500000US48479,48479,"Webb County, Texas",61276,31576
0500000US48485,48485,"Wichita County, Texas",47404,4124
0500000US48491,48491,"Williamson County, Texas",86527,4665
0500000US49005,49005,"Cache County, Utah",61331,2752
0500000US49011,49011,"Davis County, Utah",81055,3733
0500000US49035,49035,"Salt Lake County, Utah",72754,2114
0500000US49049,49049,"Utah County, Utah",71444,1454
0500000US49053,49053,"Washington County, Utah",56794,3920
0500000US49057,49057,"Weber County, Utah",66619,3725
0500000US50007,50007,"Chittenden County, Vermont",72748,7075
0500000US51003,51003,"Albemarle County, Virginia",77057,9330
0500000US51013,51013,"Arlington County, Virginia",125502,4352
0500000US51015,51015,"Augusta County, Virginia",55333,5064
0500000US51019,51019,"Bedford County, Virginia",58790,8397
0500000US51041,51041,"Chesterfield County, Virginia",81251,2408
0500000US51059,51059,"Fairfax County, Virginia",134874,3825
0500000US51061,51061,"Fauquier County, Virginia",100828,19150
0500000US51069,51069,"Frederick County, Virginia",74067,9148
0500000US51085,51085,"Hanover County, Virginia",84579,5133
0500000US51087,51087,"Henrico County, Virginia",74492,3471
0500000US51095,51095,"James City County, Virginia",91481,11544
0500000US51107,51107,"Loudoun County, Virginia",137210,6594
0500000US51121,51121,"Montgomery County, Virginia",59211,8172
0500000US51153,51153,"Prince William County, Virginia",113361,4318
0500000US51161,51161,"Roanoke County, Virginia",60716,6228
0500000US51165,51165,"Rockingham County, Virginia",58909,4569
0500000US51177,51177,"Spotsylvania County, Virginia",86038,5192
0500000US51179,51179,"Stafford County, Virginia",101657,9594
0500000US51199,51199,"York County, Virginia",94034,6759
0500000US51510,51510,"Alexandria city, Virginia",116694,9720
0500000US51550,51550,"Chesapeake city, Virginia",78157,4390
0500000US51650,51650,"Hampton city, Virginia",51590,2260
0500000US51680,51680,"Lynchburg city, Virginia",47086,3369
0500000US51700,51700,"Newport News city, Virginia",62413,2714
0500000US51710,51710,"Norfolk city, Virginia",60977,2550
0500000US51740,51740,"Portsmouth city, Virginia",61606,4871
0500000US51760,51760,"Richmond city, Virginia",70479,4055
0500000US51770,51770,"Roanoke city, Virginia",43112,5994
0500000US51800,51800,"Suffolk city, Virginia",76593,6937
0500000US51810,51810,"Virginia Beach city, Virginia",77139,2825
0500000US53005,53005,"Benton County, Washington",67860,4502
0500000US53007,53007,"Chelan County, Washington",56383,6955
0500000US53009,53009,"Clallam County, Washington",51050,4103
0500000US53011,53011,"Clark County, Washington",71642,2721
0500000US53015,53015,"Cowlitz County, Washington",52427,3987
0500000US53021,53021,"Franklin County, Washington",67185,6724
0500000US53025,53025,"Grant County, Washington",50697,3239
0500000US53027,53027,"Grays Harbor County, Washington",51116,4273
0500000US53029,53029,"Island County, Washington",66096,4059
0500000US53033,53033,"King County, Washington",92431,1804
0500000US53035,53035,"Kitsap County, Washington",70669,4125
0500000US53041,53041,"Lewis County, Washington",45453,4977
0500000US53053,53053,"Pierce County, Washington",69677,1912
0500000US53057,53057,"Skagit County, Washington",61910,4556
0500000US53061,53061,"Snohomish County, Washington",80288,1743
0500000US53063,53063,"Spokane County, Washington",53818,2117
0500000US53067,53067,"Thurston County, Washington",68811,3439
0500000US53073,53073,"Whatcom County, Washington",58368,4683
0500000US53077,53077,"Yakima County, Washington",56072,4529
0500000US54003,54003,"Berkeley County, West Virginia",60340,7522
0500000US54011,54011,"Cabell County, West Virginia",39755,4813
0500000US54033,54033,"Harrison County, West Virginia",49017,6681
0500000US54039,54039,"Kanawha County, West Virginia",46005,3137
0500000US54061,54061,"Monongalia County, West Virginia",52202,4416
0500000US54081,54081,"Raleigh County, West Virginia",45954,5627
0500000US54107,54107,"Wood County, West Virginia",49976,4873
0500000US55009,55009,"Brown County, Wisconsin",60430,2591
0500000US55025,55025,"Dane County, Wisconsin",73552,2712
0500000US55027,55027,"Dodge County, Wisconsin",56043,3691
0500000US55035,55035,"Eau Claire County, Wisconsin",51346,5285
0500000US55039,55039,"Fond du Lac County, Wisconsin",60192,3133
0500000US55055,55055,"Jefferson County, Wisconsin",61332,5950
0500000US55059,55059,"Kenosha County, Wisconsin",62635,3903
0500000US55063,55063,"La Crosse County, Wisconsin",56626,6303
0500000US55071,55071,"Manitowoc County, Wisconsin",53795,3837
0500000US55073,55073,"Marathon County, Wisconsin",56057,3973
0500000US55079,55079,"Milwaukee County, Wisconsin",59952,1845
0500000US55087,55087,"Outagamie County, Wisconsin",61790,2898
0500000US55089,55089,"Ozaukee County, Wisconsin",83585,5737
0500000US55097,55097,"Portage County, Wisconsin",53790,3666
0500000US55101,55101,"Racine County, Wisconsin",62368,3903
0500000US55105,55105,"Rock County, Wisconsin",53312,3393
0500000US55109,55109,"St. Croix County, Wisconsin",74632,5959
0500000US55117,55117,"Sheboygan County, Wisconsin",54304,3452
0500000US55127,55127,"Walworth County, Wisconsin",60230,4294
0500000US55131,55131,"Washington County, Wisconsin",72785,4491
0500000US55133,55133,"Waukesha County, Wisconsin",82047,1653
0500000US55139,55139,"Winnebago County, Wisconsin",57491,3757
0500000US55141,55141,"Wood County, Wisconsin",51969,4457
0500000US56021,56021,"Laramie County, Wyoming",64114,6436
0500000US56025,56025,"Natrona County, Wyoming",59507,5007
