GEO.id,GEO.id2,GEO.display-label,HD01_VD01,HD02_VD01
Id,Id2,Geography,Estimate; Median household income in the past 12 months (in 2013 inflation-adjusted dollars),Margin of Error; Median household income in the past 12 months (in 2013 inflation-adjusted dollars)
0500000US01003,01003,"Baldwin County, Alabama",50355,4466
0500000US01015,01015,"Calhoun County, Alabama",40626,3316
0500000US01043,01043,"Cullman County, Alabama",40658,2727
0500000US01049,01049,"DeKalb County, Alabama",41492,6632
0500000US01051,01051,"Elmore County, Alabama",56312,3593
0500000US01055,01055,"Etowah County, Alabama",43005,4332
0500000US01069,01069,"Houston County, Alabama",45983,2533
0500000US01073,01073,"Jefferson County, Alabama",59278,2935
0500000US01077,01077,"Lauderdale County, Alabama",44610,2609
0500000US01081,01081,"Lee County, Alabama",50788,3823
0500000US01083,01083,"Limestone County, Alabama",51100,3707
0500000US01089,01089,"Madison County, Alabama",68353,3758
0500000US01095,01095,"Marshall County, Alabama",39227,3381
0500000US01097,01097,"Mobile County, Alabama",51598,1686
0500000US01101,01101,"Montgomery County, Alabama",61328,5514
0500000US01103,01103,"Morgan County, Alabama",48323,5595
0500000US01115,01115,"St. Clair County, Alabama",56174,4212
0500000US01117,01117,"Shelby County, Alabama",70998,5239
0500000US01121,01121,"Talladega County, Alabama",38453,3240
0500000US01125,01125,"Tuscaloosa County, Alabama",52475,3470
0500000US01127,01127,"Walker County, Alabama",37906,7503
0500000US02020,02020,"Anchorage Municipality, Alaska",88544,3655
0500000US02090,02090,"Fairbanks North Star Borough, Alaska",71970,5554
0500000US02170,02170,"Matanuska-Susitna Borough, Alaska",74149,3539
0500000US04001,04001,"Apache County, Arizona",42434,7942
0500000US04003,04003,"Cochise County, Arizona",51911,4334
0500000US04005,04005,"Coconino County, Arizona",57403,6179
0500000US04013,04013,"Maricopa County, Arizona",59691,1199
0500000US04015,04015,"Mohave County, Arizona",38923,2522
0500000US04017,04017,"Navajo County, Arizona",46587,7514
0500000US04019,04019,"Pima County, Arizona",50586,1264
0500000US04021,04021,"Pinal County, Arizona",52112,1731
0500000US04025,04025,"Yavapai County, Arizona",40243,2676
0500000US04027,04027,"Yuma County, Arizona",48155,4025
0500000US05007,05007,"Benton County, Arkansas",59436,4087
0500000US05031,05031,"Craighead County, Arkansas",45172,4435
0500000US05045,05045,"Faulkner County, Arkansas",58568,5293
0500000US05051,05051,"Garland County, Arkansas",42100,8247
0500000US05069,05069,"Jefferson County, Arkansas",42557,7622
0500000US05085,05085,"Lonoke County, Arkansas",59379,3425
0500000US05119,05119,"Pulaski County, Arkansas",57023,3999
0500000US05125,05125,"Saline County, Arkansas",54983,4268
0500000US05131,05131,"Sebastian County, Arkansas",47244,3873
0500000US05143,05143,"Washington County, Arkansas",44996,3207
0500000US05145,05145,"White County, Arkansas",43270,2804
0500000US06001,06001,"Alameda County, California",84833,2770
0500000US06007,06007,"Butte County, California",44012,2559
0500000US06013,06013,"Contra Costa County, California",92316,2803
0500000US06017,06017,"El Dorado County, California",62900,5748
0500000US06019,06019,"Fresno County, California",57805,3462
0500000US06023,06023,"Humboldt County, California",44922,6716
0500000US06025,06025,"Imperial County, California",54107,12957
0500000US06029,06029,"Kern County, California",58517,4141
0500000US06031,06031,"Kings County, California",57388,6862
0500000US06033,06033,"Lake County, California",39219,12860
0500000US06037,06037,"Los Angeles County, California",73081,1464
0500000US06039,06039,"Madera County, California",48107,10373
0500000US06041,06041,"Marin County, California",106538,6665
0500000US06045,06045,"Mendocino County, California",43359,4188
0500000US06047,06047,"Merced County, California",45292,3337
0500000US06053,06053,"Monterey County, California",73158,5163
0500000US06055,06055,"Napa County, California",75491,6430
0500000US06057,06057,"Nevada County, California",53955,5078
0500000US06059,06059,"Orange County, California",85769,1841
0500000US06061,06061,"Placer County, California",73627,2959
0500000US06065,06065,"Riverside County, California",61081,1178
0500000US06067,06067,"Sacramento County, California",59720,1901
0500000US06071,06071,"San Bernardino County, California",58936,2827
0500000US06073,06073,"San Diego County, California",70302,1623
0500000US06075,06075,"San Francisco County, California",101272,2110
0500000US06077,06077,"San Joaquin County, California",62356,2295
0500000US06079,06079,"San Luis Obispo County, California",62881,4217
0500000US06081,06081,"San Mateo County, California",104624,4361
0500000US06083,06083,"Santa Barbara County, California",73917,3518
0500000US06085,06085,"Santa Clara County, California",100633,2999
0500000US06087,06087,"Santa Cruz County, California",73218,4680
0500000US06089,06089,"Shasta County, California",42064,2415
0500000US06095,06095,"Solano County, California",71873,4234
0500000US06097,06097,"Sonoma County, California",63961,2929
0500000US06099,06099,"Stanislaus County, California",56097,2644
0500000US06101,06101,"Sutter County, California",58697,5610
0500000US06107,06107,"Tulare County, California",50858,2179
0500000US06111,06111,"Ventura County, California",86786,3887
0500000US06113,06113,"Yolo County, California",66806,3911
0500000US06115,06115,"Yuba County, California",50186,7253
0500000US08001,08001,"Adams County, Colorado",61133,2669
0500000US08005,08005,"Arapahoe County, Colorado",67991,2078
0500000US08013,08013,"Boulder County, Colorado",73497,4248
0500000US08031,08031,"Denver County, Colorado",62468,2143
0500000US08035,08035,"Douglas County, Colorado",104441,4301
0500000US08041,08041,"El Paso County, Colorado",61878,2049
0500000US08059,08059,"Jefferson County, Colorado",70324,2072
0500000US08069,08069,"Larimer County, Colorado",59923,3045
0500000US08077,08077,"Mesa County, Colorado",50144,3513
0500000US08101,08101,"Pueblo County, Colorado",47183,2766
0500000US08123,08123,"Weld County, Colorado",65088,3869
0500000US09001,09001,"Fairfield County, Connecticut",98697,3426
0500000US09003,09003,"Hartford County, Connecticut",74606,3109
0500000US09005,09005,"Litchfield County, Connecticut",72988,3964
0500000US09007,09007,"Middlesex County, Connecticut",77338,5607
0500000US09009,09009,"New Haven County, Connecticut",70365,1948
0500000US09011,09011,"New London County, Connecticut",67105,3618
0500000US09013,09013,"Tolland County, Connecticut",75482,4544
0500000US09015,09015,"Windham County, Connecticut",60525,3968
0500000US10001,10001,"Kent County, Delaware",56898,5716
0500000US10003,10003,"New Castle County, Delaware",69584,2395
0500000US10005,10005,"Sussex County, Delaware",53395,2755
0500000US11001,11001,"District of Columbia, District of Columbia",118402,4912
0500000US12001,12001,"Alachua County, Florida",45999,3761
0500000US12005,12005,"Bay County, Florida",47650,2930
0500000US12009,12009,"Brevard County, Florida",48874,1863
0500000US12011,12011,"Broward County, Florida",56723,1777
0500000US12015,12015,"Charlotte County, Florida",44877,2236
0500000US12017,12017,"Citrus County, Florida",40292,3034
0500000US12019,12019,"Clay County, Florida",57084,6322
0500000US12021,12021,"Collier County, Florida",60797,2605
0500000US12023,12023,"Columbia County, Florida",46788,3437
0500000US12031,12031,"Duval County, Florida",55941,2288
0500000US12033,12033,"Escambia County, Florida",47302,3004
0500000US12035,12035,"Flagler County, Florida",45188,3449
0500000US12053,12053,"Hernando County, Florida",40596,2435
0500000US12055,12055,"Highlands County, Florida",36274,2476
0500000US12057,12057,"Hillsborough County, Florida",61175,1464
0500000US12061,12061,"Indian River County, Florida",46581,4047
0500000US12069,12069,"Lake County, Florida",45343,2552
0500000US12071,12071,"Lee County, Florida",49633,1385
0500000US12073,12073,"Leon County, Florida",57595,4056
0500000US12081,12081,"Manatee County, Florida",51713,2771
0500000US12083,12083,"Marion County, Florida",41742,1387
0500000US12085,12085,"Martin County, Florida",56276,6362
0500000US12086,12086,"Miami-Dade County, Florida",64976,3502
0500000US12087,12087,"Monroe County, Florida",55338,6826
0500000US12089,12089,"Nassau County, Florida",57463,8327
0500000US12091,12091,"Okaloosa County, Florida",55876,3354
0500000US12095,12095,"Orange County, Florida",56952,1856
0500000US12097,12097,"Osceola County, Florida",50688,4261
0500000US12099,12099,"Palm Beach County, Florida",57249,1308
0500000US12101,12101,"Pasco County, Florida",44211,1999
0500000US12103,12103,"Pinellas County, Florida",46250,1206
0500000US12105,12105,"Polk County, Florida",46512,1846
0500000US12107,12107,"Putnam County, Florida",36894,6453
0500000US12109,12109,"St. Johns County, Florida",64148,4270
0500000US12111,12111,"St. Lucie County, Florida",46911,2280
0500000US12113,12113,"Santa Rosa County, Florida",56328,4284
0500000US12115,12115,"Sarasota County, Florida",50208,1898
0500000US12117,12117,"Seminole County, Florida",62959,3285
0500000US12119,12119,"Sumter County, Florida",53833,2136
0500000US12127,12127,"Volusia County, Florida",42065,1426
0500000US13013,13013,"Barrow County, Georgia",59507,5324
0500000US13015,13015,"Bartow County, Georgia",48802,5461
0500000US13021,13021,"Bibb County, Georgia",53353,5519
0500000US13031,13031,"Bulloch County, Georgia",44055,6586
0500000US13045,13045,"Carroll County, Georgia",50919,5836
0500000US13047,13047,"Catoosa County, Georgia",51661,3890
0500000US13051,13051,"Chatham County, Georgia",53979,5623
0500000US13057,13057,"Cherokee County, Georgia",66162,7202
0500000US13059,13059,"Clarke County, Georgia",38912,3574
0500000US13063,13063,"Clayton County, Georgia",37399,4416
0500000US13067,13067,"Cobb County, Georgia",73628,4116
0500000US13073,13073,"Columbia County, Georgia",71367,5263
0500000US13077,13077,"Coweta County, Georgia",69573,8731
0500000US13089,13089,"DeKalb County, Georgia",75622,2518
0500000US13095,13095,"Dougherty County, Georgia",40698,6183
0500000US13097,13097,"Douglas County, Georgia",61689,8385
0500000US13113,13113,"Fayette County, Georgia",81510,7929
0500000US13115,13115,"Floyd County, Georgia",42013,5218
0500000US13117,13117,"Forsyth County, Georgia",88030,3911
0500000US13121,13121,"Fulton County, Georgia",85833,3706
0500000US13127,13127,"Glynn County, Georgia",49094,6324
0500000US13135,13135,"Gwinnett County, Georgia",75667,3359
0500000US13139,13139,"Hall County, Georgia",51432,2900
0500000US13151,13151,"Henry County, Georgia",65608,10049
0500000US13153,13153,"Houston County, Georgia",56171,3894
0500000US13179,13179,"Liberty County, Georgia",45024,4458
0500000US13185,13185,"Lowndes County, Georgia",43829,4085
0500000US13215,13215,"Muscogee County, Georgia",53132,4001
0500000US13217,13217,"Newton County, Georgia",58197,12434
0500000US13223,13223,"Paulding County, Georgia",56150,3903
0500000US13245,13245,"Richmond County, Georgia",43173,5313
0500000US13247,13247,"Rockdale County, Georgia",48750,4368
0500000US13285,13285,"Troup County, Georgia",50985,6634
0500000US13295,13295,"Walker County, Georgia",44822,4819
0500000US13297,13297,"Walton County, Georgia",56287,3072
0500000US13313,13313,"Whitfield County, Georgia",39228,3802
0500000US15001,15001,"Hawaii County, Hawaii",50212,9051
0500000US15003,15003,"Honolulu County, Hawaii",77038,5856
0500000US15007,15007,"Kauai County, Hawaii",56138,10221
0500000US15009,15009,"Maui County, Hawaii",65000,8745
0500000US16001,16001,"Ada County, Idaho",53401,3467
0500000US16005,16005,"Bannock County, Idaho",44257,3941
0500000US16019,16019,"Bonneville County, Idaho",50695,2435
0500000US16027,16027,"Canyon County, Idaho",42071,1863
0500000US16055,16055,"Kootenai County, Idaho",55392,3921
0500000US16083,16083,"Twin Falls County, Idaho",51105,4330
0500000US17001,17001,"Adams County, Illinois",42500,4920
0500000US17019,17019,"Champaign County, Illinois",51882,3096
0500000US17031,17031,"Cook County, Illinois",69098,1350
0500000US17037,17037,"DeKalb County, Illinois",57491,3934
0500000US17043,17043,"DuPage County, Illinois",80746,1553
0500000US17089,17089,"Kane County, Illinois",81217,3386
0500000US17091,17091,"Kankakee County, Illinois",54755,4452
0500000US17093,17093,"Kendall County, Illinois",83720,13417
0500000US17097,17097,"Lake County, Illinois",85002,5140
0500000US17099,17099,"LaSalle County, Illinois",48634,4686
0500000US17111,17111,"McHenry County, Illinois",76639,3826
0500000US17113,17113,"McLean County, Illinois",63511,4438
0500000US17115,17115,"Macon County, Illinois",50089,3160
0500000US17119,17119,"Madison County, Illinois",56418,3481
0500000US17143,17143,"Peoria County, Illinois",58176,2900
0500000US17161,17161,"Rock Island County, Illinois",51966,4122
0500000US17163,17163,"St. Clair County, Illinois",60381,3158
0500000US17167,17167,"Sangamon County, Illinois",60591,2472
0500000US17179,17179,"Tazewell County, Illinois",55667,3799
0500000US17183,17183,"Vermilion County, Illinois",47633,3805
0500000US17197,17197,"Will County, Illinois",80310,2066
0500000US17199,17199,"Williamson County, Illinois",44968,3087
0500000US17201,17201,"Winnebago County, Illinois",51431,2150
0500000US18003,18003,"Allen County, Indiana",50226,2110
0500000US18005,18005,"Bartholomew County, Indiana",51462,7039
0500000US18019,18019,"Clark County, Indiana",51158,2539
0500000US18035,18035,"Delaware County, Indiana",37477,2692
0500000US18039,18039,"Elkhart County, Indiana",47203,2690
0500000US18043,18043,"Floyd County, Indiana",61578,5745
0500000US18053,18053,"Grant County, Indiana",40705,2427
0500000US18057,18057,"Hamilton County, Indiana",81869,3771
0500000US18059,18059,"Hancock County, Indiana",62741,9817
0500000US18063,18063,"Hendricks County, Indiana",68994,3426
0500000US18067,18067,"Howard County, Indiana",47122,5795
0500000US18081,18081,"Johnson County, Indiana",59060,4906
0500000US18085,18085,"Kosciusko County, Indiana",51498,2838
0500000US18089,18089,"Lake County, Indiana",59114,2523
0500000US18091,18091,"LaPorte County, Indiana",49755,3645
0500000US18095,18095,"Madison County, Indiana",42532,2713
0500000US18097,18097,"Marion County, Indiana",50334,1338
0500000US18105,18105,"Monroe County, Indiana",44903,5341
0500000US18109,18109,"Morgan County, Indiana",57656,5347
0500000US18127,18127,"Porter County, Indiana",64356,4486
0500000US18141,18141,"St. Joseph County, Indiana",43446,2683
0500000US18157,18157,"Tippecanoe County, Indiana",50511,2664
0500000US18163,18163,"Vanderburgh County, Indiana",45817,3509
0500000US18167,18167,"Vigo County, Indiana",38959,4007
0500000US18177,18177,"Wayne County, Indiana",36161,4274
0500000US19013,19013,"Black Hawk County, Iowa",49308,3264
0500000US19049,19049,"Dallas County, Iowa",81220,7828
0500000US19061,19061,"Dubuque County, Iowa",52972,3418
0500000US19103,19103,"Johnson County, Iowa",54652,6099
0500000US19113,19113,"Linn County, Iowa",57064,2751
0500000US19153,19153,"Polk County, Iowa",62645,1920
0500000US19155,19155,"Pottawattamie County, Iowa",51628,3017
0500000US19163,19163,"Scott County, Iowa",56844,4114
0500000US19169,19169,"Story County, Iowa",51375,3293
0500000US19193,19193,"Woodbury County, Iowa",48095,5318
0500000US20015,20015,"Butler County, Kansas",55898,3043
0500000US20045,20045,"Douglas County, Kansas",52522,5545
0500000US20091,20091,"Johnson County, Kansas",76741,1913
0500000US20103,20103,"Leavenworth County, Kansas",71928,5532
0500000US20161,20161,"Riley County, Kansas",45560,2960
0500000US20173,20173,"Sedgwick County, Kansas",54879,1961
0500000US20177,20177,"Shawnee County, Kansas",52498,2180
0500000US20209,20209,"Wyandotte County, Kansas",45582,4444
0500000US21015,21015,"Boone County, Kentucky",64475,3102
0500000US21029,21029,"Bullitt County, Kentucky",61880,4781
0500000US21037,21037,"Campbell County, Kentucky",54113,2657
0500000US21047,21047,"Christian County, Kentucky",49277,4433
0500000US21059,21059,"Daviess County, Kentucky",49200,4425
0500000US21067,21067,"Fayette County, Kentucky",53918,3554
0500000US21093,21093,"Hardin County, Kentucky",47630,4645
0500000US21111,21111,"Jefferson County, Kentucky",53830,1668
0500000US21117,21117,"Kenton County, Kentucky",55212,2478
0500000US21145,21145,"McCracken County, Kentucky",43511,4512
0500000US21151,21151,"Madison County, Kentucky",45939,4086
0500000US21195,21195,"Pike County, Kentucky",34276,3542
0500000US21227,21227,"Warren County, Kentucky",50213,2442
0500000US22005,22005,"Ascension Parish, Louisiana",80784,8242
0500000US22015,22015,"Bossier Parish, Louisiana",59085,6490
0500000US22017,22017,"Caddo Parish, Louisiana",56996,5030
0500000US22019,22019,"Calcasieu Parish, Louisiana",50370,3177
0500000US22033,22033,"East Baton Rouge Parish, Louisiana",69920,3838
0500000US22045,22045,"Iberia Parish, Louisiana",47804,8988
0500000US22051,22051,"Jefferson Parish, Louisiana",56201,2795
0500000US22055,22055,"Lafayette Parish, Louisiana",68093,6067
0500000US22057,22057,"Lafourche Parish, Louisiana",58585,8794
0500000US22063,22063,"Livingston Parish, Louisiana",52444,4572
0500000US22071,22071,"Orleans Parish, Louisiana",60553,4173
0500000US22073,22073,"Ouachita Parish, Louisiana",52018,5139
0500000US22079,22079,"Rapides Parish, Louisiana",45865,4459
0500000US22097,22097,"St. Landry Parish, Louisiana",45703,9350
0500000US22103,22103,"St. Tammany Parish, Louisiana",64866,3981
0500000US22105,22105,"Tangipahoa Parish, Louisiana",54938,5025
0500000US22109,22109,"Terrebonne Parish, Louisiana",60481,5418
0500000US23001,23001,"Androscoggin County, Maine",44667,3696
0500000US23003,23003,"Aroostook County, Maine",37316,2239
0500000US23005,23005,"Cumberland County, Maine",56284,2223
0500000US23011,23011,"Kennebec County, Maine",44231,3536
0500000US23019,23019,"Penobscot County, Maine",43284,2692
0500000US23031,23031,"York County, Maine",55492,2953
0500000US24001,24001,"Allegany County, Maryland",40865,3886
0500000US24003,24003,"Anne Arundel County, Maryland",91141,3297
0500000US24005,24005,"Baltimore County, Maryland",68112,2450
0500000US24009,24009,"Calvert County, Maryland",98078,10927
0500000US24013,24013,"Carroll County, Maryland",83620,3700
0500000US24015,24015,"Cecil County, Maryland",67016,6033
0500000US24017,24017,"Charles County, Maryland",89974,5216
0500000US24021,24021,"Frederick County, Maryland",90070,4238
0500000US24025,24025,"Harford County, Maryland",79485,3979
0500000US24027,24027,"Howard County, Maryland",121169,7529
0500000US24031,24031,"Montgomery County, Maryland",119596,3793
0500000US24033,24033,"Prince George's County, Maryland",79218,5834
0500000US24037,24037,"St. Mary's County, Maryland",85535,9018
0500000US24043,24043,"Washington County, Maryland",59947,4473
0500000US24045,24045,"Wicomico County, Maryland",50711,4640
0500000US24510,24510,"Baltimore city, Maryland",63698,4156
0500000US25001,25001,"Barnstable County, Massachusetts",61571,2211
0500000US25003,25003,"Berkshire County, Massachusetts",53462,2997
0500000US25005,25005,"Bristol County, Massachusetts",56782,2314
0500000US25009,25009,"Essex County, Massachusetts",73884,1969
0500000US25011,25011,"Franklin County, Massachusetts",53794,3873
0500000US25013,25013,"Hampden County, Massachusetts",58968,2145
0500000US25015,25015,"Hampshire County, Massachusetts",66025,5512
0500000US25017,25017,"Middlesex County, Massachusetts",86229,1633
0500000US25021,25021,"Norfolk County, Massachusetts",86955,3223
0500000US25023,25023,"Plymouth County, Massachusetts",80078,2884
0500000US25025,25025,"Suffolk County, Massachusetts",71902,2324
0500000US25027,25027,"Worcester County, Massachusetts",66863,2555
0500000US26005,26005,"Allegan County, Michigan",57293,3408
0500000US26017,26017,"Bay County, Michigan",42692,3903
0500000US26021,26021,"Berrien County, Michigan",50687,2156
0500000US26025,26025,"Calhoun County, Michigan",47551,2764
0500000US26037,26037,"Clinton County, Michigan",59833,5610
0500000US26045,26045,"Eaton County, Michigan",53754,2565
0500000US26049,26049,"Genesee County, Michigan",47268,1937
0500000US26055,26055,"Grand Traverse County, Michigan",51645,3220
0500000US26065,26065,"Ingham County, Michigan",49460,2688
0500000US26073,26073,"Isabella County, Michigan",39816,2899
0500000US26075,26075,"Jackson County, Michigan",45981,3562
0500000US26077,26077,"Kalamazoo County, Michigan",50041,3382
0500000US26081,26081,"Kent County, Michigan",57347,1996
0500000US26087,26087,"Lapeer County, Michigan",54372,5585
0500000US26091,26091,"Lenawee County, Michigan",46684,3096
0500000US26093,26093,"Livingston County, Michigan",70878,1650
0500000US26099,26099,"Macomb County, Michigan",55384,1367
0500000US26103,26103,"Marquette County, Michigan",45312,3986
0500000US26111,26111,"Midland County, Michigan",49622,4192
0500000US26115,26115,"Monroe County, Michigan",54816,5280
0500000US26121,26121,"Muskegon County, Michigan",45230,2627
0500000US26125,26125,"Oakland County, Michigan",70708,1571
0500000US26139,26139,"Ottawa County, Michigan",59540,2853
0500000US26145,26145,"Saginaw County, Michigan",48804,2684
0500000US26147,26147,"St. Clair County, Michigan",50760,2524
0500000US26155,26155,"Shiawassee County, Michigan",42151,4455
0500000US26159,26159,"Van Buren County, Michigan",49239,4594
0500000US26161,26161,"Washtenaw County, Michigan",66904,3485
0500000US26163,26163,"Wayne County, Michigan",54544,1677
0500000US27003,27003,"Anoka County, Minnesota",73336,2489
0500000US27013,27013,"Blue Earth County, Minnesota",52444,4080
0500000US27019,27019,"Carver County, Minnesota",80546,7098
0500000US27037,27037,"Dakota County, Minnesota",77256,3132
0500000US27053,27053,"Hennepin County, Minnesota",71595,1507
0500000US27109,27109,"Olmsted County, Minnesota",65981,2366
0500000US27123,27123,"Ramsey County, Minnesota",63184,2021
0500000US27131,27131,"Rice County, Minnesota",60380,6026
0500000US27137,27137,"St. Louis County, Minnesota",46944,1943
0500000US27139,27139,"Scott County, Minnesota",85758,6170
0500000US27141,27141,"Sherburne County, Minnesota",76895,8425
0500000US27145,27145,"Stearns County, Minnesota",59496,3473
0500000US27163,27163,"Washington County, Minnesota",82105,2913
0500000US27171,27171,"Wright County, Minnesota",72136,4277
0500000US28033,28033,"DeSoto County, Mississippi",64697,5702
0500000US28035,28035,"Forrest County, Mississippi",50227,5644
0500000US28047,28047,"Harrison County, Mississippi",48148,3715
0500000US28049,28049,"Hinds County, Mississippi",52417,4497
0500000US28059,28059,"Jackson County, Mississippi",49551,3145
0500000US28067,28067,"Jones County, Mississippi",40877,3335
0500000US28075,28075,"Lauderdale County, Mississippi",46891,6984
0500000US28081,28081,"Lee County, Mississippi",53000,7755
0500000US28089,28089,"Madison County, Mississippi",82731,12185
0500000US28121,28121,"Rankin County, Mississippi",58955,5114
0500000US29019,29019,"Boone County, Missouri",50179,2679
0500000US29021,29021,"Buchanan County, Missouri",44327,3852
0500000US29031,29031,"Cape Girardeau County, Missouri",47749,7142
0500000US29037,29037,"Cass County, Missouri",64138,4750
0500000US29043,29043,"Christian County, Missouri",51617,4930
0500000US29047,29047,"Clay County, Missouri",62397,2977
0500000US29051,29051,"Cole County, Missouri",52418,5867
0500000US29071,29071,"Franklin County, Missouri",50466,7785
0500000US29077,29077,"Greene County, Missouri",39013,2164
0500000US29095,29095,"Jackson County, Missouri",54361,2137
0500000US29097,29097,"Jasper County, Missouri",41851,3048
0500000US29099,29099,"Jefferson County, Missouri",54891,3209
0500000US29165,29165,"Platte County, Missouri",65871,8513
0500000US29183,29183,"St. Charles County, Missouri",70498,2218
0500000US29187,29187,"St. Francois County, Missouri",37223,2950
0500000US29189,29189,"St. Louis County, Missouri",67466,1789
0500000US29510,29510,"St. Louis city, Missouri",47551,3682
0500000US30013,30013,"Cascade County, Montana",44439,3446
0500000US30029,30029,"Flathead County, Montana",48460,3964
0500000US30031,30031,"Gallatin County, Montana",59490,4628
0500000US30049,30049,"Lewis and Clark County, Montana",55286,7067
0500000US30063,30063,"Missoula County, Montana",48846,5224
0500000US30111,30111,"Yellowstone County, Montana",55678,3480
0500000US31055,31055,"Douglas County, Nebraska",59609,2240
0500000US31109,31109,"Lancaster County, Nebraska",55763,2506
0500000US31153,31153,"Sarpy County, Nebraska",67702,4712
0500000US32003,32003,"Clark County, Nevada",56584,1276
0500000US32031,32031,"Washoe County, Nevada",58139,2625
0500000US33005,33005,"Cheshire County, New Hampshire",52058,3475
0500000US33009,33009,"Grafton County, New Hampshire",59021,4642
0500000US33011,33011,"Hillsborough County, New Hampshire",69338,3759
0500000US33013,33013,"Merrimack County, New Hampshire",65110,3984
0500000US33015,33015,"Rockingham County, New Hampshire",76330,4311
0500000US33017,33017,"Strafford County, New Hampshire",62117,4456
0500000US34001,34001,"Atlantic County, New Jersey",62030,2458
0500000US34003,34003,"Bergen County, New Jersey",88868,3838
0500000US34005,34005,"Burlington County, New Jersey",78923,2671
0500000US34007,34007,"Camden County, New Jersey",69798,3837
0500000US34009,34009,"Cape May County, New Jersey",61454,4415
0500000US34011,34011,"Cumberland County, New Jersey",50651,5183
0500000US34013,34013,"Essex County, New Jersey",86976,5389
0500000US34015,34015,"Gloucester County, New Jersey",73844,3749
0500000US34017,34017,"Hudson County, New Jersey",71201,4568
0500000US34019,34019,"Hunterdon County, New Jersey",112598,5818
0500000US34021,34021,"Mercer County, New Jersey",83489,6092
0500000US34023,34023,"Middlesex County, New Jersey",76770,3300
0500000US34025,34025,"Monmouth County, New Jersey",90600,4579
0500000US34027,34027,"Morris County, New Jersey",101240,1632
0500000US34029,34029,"Ocean County, New Jersey",60858,1896
0500000US34031,34031,"Passaic County, New Jersey",80601,4441
0500000US34033,34033,"Salem County, New Jersey",66711,4701
0500000US34035,34035,"Somerset County, New Jersey",100387,4583
0500000US34037,34037,"Sussex County, New Jersey",90117,5576
0500000US34039,34039,"Union County, New Jersey",87444,5855
0500000US34041,34041,"Warren County, New Jersey",70252,5257
0500000US35001,35001,"Bernalillo County, New Mexico",56913,2279
0500000US35005,35005,"Chaves County, New Mexico",50533,11344
0500000US35013,35013,"Doña Ana County, New Mexico",48170,5718
0500000US35025,35025,"Lea County, New Mexico",65743,7851
0500000US35031,35031,"McKinley County, New Mexico",52401,16935
0500000US35035,35035,"Otero County, New Mexico",47906,4932
0500000US35043,35043,"Sandoval County, New Mexico",60186,6194
0500000US35045,35045,"San Juan County, New Mexico",54620,8155
0500000US35049,35049,"Santa Fe County, New Mexico",58583,3829
0500000US35061,35061,"Valencia County, New Mexico",51461,8044
0500000US36001,36001,"Albany County, New York",63060,3131
0500000US36005,36005,"Bronx County, New York",59297,5176
0500000US36007,36007,"Broome County, New York",47526,3454
0500000US36009,36009,"Cattaraugus County, New York",41378,2724
0500000US36011,36011,"Cayuga County, New York",51181,3067
0500000US36013,36013,"Chautauqua County, New York",41964,2425
0500000US36015,36015,"Chemung County, New York",46916,3394
0500000US36019,36019,"Clinton County, New York",44486,5687
0500000US36027,36027,"Dutchess County, New York",76963,4526
0500000US36029,36029,"Erie County, New York",56912,1248
0500000US36045,36045,"Jefferson County, New York",47445,4935
0500000US36047,36047,"Kings County, New York",61483,1346
0500000US36051,36051,"Livingston County, New York",52277,4553
0500000US36053,36053,"Madison County, New York",52671,5624
0500000US36055,36055,"Monroe County, New York",58701,1702
0500000US36059,36059,"Nassau County, New York",101974,1879
0500000US36061,36061,"New York County, New York",107436,5511
0500000US36063,36063,"Niagara County, New York",47964,3868
0500000US36065,36065,"Oneida County, New York",46891,2702
0500000US36067,36067,"Onondaga County, New York",56558,2617
0500000US36069,36069,"Ontario County, New York",59974,3720
0500000US36071,36071,"Orange County, New York",72866,3994
0500000US36075,36075,"Oswego County, New York",47040,4022
0500000US36079,36079,"Putnam County, New York",94805,7986
0500000US36081,36081,"Queens County, New York",61902,1442
0500000US36083,36083,"Rensselaer County, New York",59815,3868
0500000US36085,36085,"Richmond County, New York",75909,2751
0500000US36087,36087,"Rockland County, New York",80405,3685
0500000US36089,36089,"St. Lawrence County, New York",45735,4697
0500000US36091,36091,"Saratoga County, New York",70598,4072
0500000US36093,36093,"Schenectady County, New York",60382,3538
0500000US36101,36101,"Steuben County, New York",46432,3101
0500000US36103,36103,"Suffolk County, New York",89687,2302
0500000US36105,36105,"Sullivan County, New York",50038,3571
0500000US36109,36109,"Tompkins County, New York",53524,4761
0500000US36111,36111,"Ulster County, New York",59981,4357
0500000US36113,36113,"Warren County, New York",57726,5036
0500000US36117,36117,"Wayne County, New York",51528,3096
0500000US36119,36119,"Westchester County, New York",102444,3760
0500000US37001,37001,"Alamance County, North Carolina",46671,3967
0500000US37019,37019,"Brunswick County, North Carolina",49906,4229
0500000US37021,37021,"Buncombe County, North Carolina",48785,2326
0500000US37023,37023,"Burke County, North Carolina",35182,3660
0500000US37025,37025,"Cabarrus County, North Carolina",55658,4145
0500000US37027,37027,"Caldwell County, North Carolina",33725,3307
0500000US37031,37031,"Carteret County, North Carolina",47280,2444
0500000US37035,37035,"Catawba County, North Carolina",47752,3010
0500000US37037,37037,"Chatham County, North Carolina",62494,7476
0500000US37045,37045,"Cleveland County, North Carolina",43601,3487
0500000US37049,37049,"Craven County, North Carolina",55466,5238
0500000US37051,37051,"Cumberland County, North Carolina",49491,2999
0500000US37057,37057,"Davidson County, North Carolina",41219,2747
0500000US37063,37063,"Durham County, North Carolina",68402,6140
0500000US37067,37067,"Forsyth County, North Carolina",56591,2161
0500000US37071,37071,"Gaston County, North Carolina",45130,2450
0500000US37081,37081,"Guilford County, North Carolina",58337,2575
0500000US37085,37085,"Harnett County, North Carolina",50385,2595
0500000US37089,37089,"Henderson County, North Carolina",45302,2914
0500000US37097,37097,"Iredell County, North Carolina",51369,3242
0500000US37101,37101,"Johnston County, North Carolina",56945,3270
0500000US37109,37109,"Lincoln County, North Carolina",50428,6000
0500000US37119,37119,"Mecklenburg County, North Carolina",70382,2308
0500000US37125,37125,"Moore County, North Carolina",53647,6407
0500000US37127,37127,"Nash County, North Carolina",50653,4705
0500000US37129,37129,"New Hanover County, North Carolina",53599,2909
0500000US37133,37133,"Onslow County, North Carolina",49201,2576
0500000US37135,37135,"Orange County, North Carolina",63822,3635
0500000US37147,37147,"Pitt County, North Carolina",51464,3593
0500000US37151,37151,"Randolph County, North Carolina",41606,3589
0500000US37155,37155,"Robeson County, North Carolina",33348,4806
0500000US37157,37157,"Rockingham County, North Carolina",46974,3837
0500000US37159,37159,"Rowan County, North Carolina",44771,2822
0500000US37161,37161,"Rutherford County, North Carolina",37152,3127
0500000US37171,37171,"Surry County, North Carolina",35842,2064
0500000US37179,37179,"Union County, North Carolina",67161,5455
0500000US37183,37183,"Wake County, North Carolina",76944,2927
0500000US37191,37191,"Wayne County, North Carolina",53897,3008
0500000US37193,37193,"Wilkes County, North Carolina",32261,4068
0500000US37195,37195,"Wilson County, North Carolina",51520,3855
0500000US38015,38015,"Burleigh County, North Dakota",66186,5235
0500000US38017,38017,"Cass County, North Dakota",54541,3429
0500000US38035,38035,"Grand Forks County, North Dakota",53480,4401
0500000US38101,38101,"Ward County, North Dakota",59877,3802
0500000US39003,39003,"Allen County, Ohio",46392,2958
0500000US39007,39007,"Ashtabula County, Ohio",41285,2221
0500000US39013,39013,"Belmont County, Ohio",38822,4111
0500000US39017,39017,"Butler County, Ohio",60103,2232
0500000US39023,39023,"Clark County, Ohio",47159,3064
0500000US39025,39025,"Clermont County, Ohio",61831,1953
0500000US39029,39029,"Columbiana County, Ohio",42243,3583
0500000US39035,39035,"Cuyahoga County, Ohio",54471,1499
0500000US39041,39041,"Delaware County, Ohio",86088,6692
0500000US39043,39043,"Erie County, Ohio",49375,3406
0500000US39045,39045,"Fairfield County, Ohio",57150,3643
0500000US39049,39049,"Franklin County, Ohio",57734,1675
0500000US39055,39055,"Geauga County, Ohio",66469,6529
0500000US39057,39057,"Greene County, Ohio",61404,4540
0500000US39061,39061,"Hamilton County, Ohio",57188,1872
0500000US39063,39063,"Hancock County, Ohio",46993,3934
0500000US39081,39081,"Jefferson County, Ohio",38905,3344
0500000US39085,39085,"Lake County, Ohio",56428,4148
0500000US39089,39089,"Licking County, Ohio",54483,2283
0500000US39093,39093,"Lorain County, Ohio",56649,3140
0500000US39095,39095,"Lucas County, Ohio",47129,2585
0500000US39099,39099,"Mahoning County, Ohio",44984,2393
0500000US39101,39101,"Marion County, Ohio",42457,3774
0500000US39103,39103,"Medina County, Ohio",66388,2690
0500000US39109,39109,"Miami County, Ohio",51631,3651
0500000US39113,39113,"Montgomery County, Ohio",49052,2012
0500000US39119,39119,"Muskingum County, Ohio",39547,3734
0500000US39133,39133,"Portage County, Ohio",54801,3420
0500000US39139,39139,"Richland County, Ohio",40437,1954
0500000US39141,39141,"Ross County, Ohio",41234,3345
0500000US39145,39145,"Scioto County, Ohio",36950,5772
0500000US39151,39151,"Stark County, Ohio",47053,2208
0500000US39153,39153,"Summit County, Ohio",52485,2136
0500000US39155,39155,"Trumbull County, Ohio",43792,2434
0500000US39157,39157,"Tuscarawas County, Ohio",44527,2457
0500000US39165,39165,"Warren County, Ohio",72709,6179
0500000US39169,39169,"Wayne County, Ohio",49790,2615
0500000US39173,39173,"Wood County, Ohio",52874,4557
0500000US40017,40017,"Canadian County, Oklahoma",64727,3548
0500000US40027,40027,"Cleveland County, Oklahoma",56887,3761
0500000US40031,40031,"Comanche County, Oklahoma",45087,4420
0500000US40037,40037,"Creek County, Oklahoma",47223,4684
0500000US40101,40101,"Muskogee County, Oklahoma",47135,6266
0500000US40109,40109,"Oklahoma County, Oklahoma",52065,1514
0500000US40119,40119,"Payne County, Oklahoma",35672,5365
0500000US40125,40125,"Pottawatomie County, Oklahoma",47124,3782
0500000US40131,40131,"Rogers County, Oklahoma",55674,3664
0500000US40143,40143,"Tulsa County, Oklahoma",54876,1958
0500000US40145,40145,"Wagoner County, Oklahoma",54170,4743
0500000US41003,41003,"Benton County, Oregon",51360,3132
0500000US41005,41005,"Clackamas County, Oregon",67993,2706
0500000US41017,41017,"Deschutes County, Oregon",48429,3654
0500000US41019,41019,"Douglas County, Oregon",41467,2527
0500000US41029,41029,"Jackson County, Oregon",45017,3483
0500000US41033,41033,"Josephine County, Oregon",38197,3416
0500000US41035,41035,"Klamath County, Oregon",37137,4196
0500000US41039,41039,"Lane County, Oregon",45293,2106
0500000US41043,41043,"Linn County, Oregon",46866,3323
0500000US41047,41047,"Marion County, Oregon",51463,2636
0500000US41051,41051,"Multnomah County, Oregon",60527,2121
0500000US41053,41053,"Polk County, Oregon",51615,4933
0500000US41059,41059,"Umatilla County, Oregon",44979,6354
0500000US41067,41067,"Washington County, Oregon",65559,2945
0500000US41071,41071,"Yamhill County, Oregon",60348,3283
0500000US42001,42001,"Adams County, Pennsylvania",60593,3315
0500000US42003,42003,"Allegheny County, Pennsylvania",55741,1474
0500000US42005,42005,"Armstrong County, Pennsylvania",43158,3182
0500000US42007,42007,"Beaver County, Pennsylvania",51185,3032
0500000US42011,42011,"Berks County, Pennsylvania",61481,1929
0500000US42013,42013,"Blair County, Pennsylvania",42214,3418
0500000US42017,42017,"Bucks County, Pennsylvania",75628,2733
0500000US42019,42019,"Butler County, Pennsylvania",58085,2925
0500000US42021,42021,"Cambria County, Pennsylvania",41989,2448
0500000US42025,42025,"Carbon County, Pennsylvania",44755,3816
0500000US42027,42027,"Centre County, Pennsylvania",55700,3082
0500000US42029,42029,"Chester County, Pennsylvania",86859,2628
0500000US42033,42033,"Clearfield County, Pennsylvania",39219,3679
0500000US42037,42037,"Columbia County, Pennsylvania",47532,3318
0500000US42039,42039,"Crawford County, Pennsylvania",45198,2645
0500000US42041,42041,"Cumberland County, Pennsylvania",60873,2221
0500000US42043,42043,"Dauphin County, Pennsylvania",59625,2718
0500000US42045,42045,"Delaware County, Pennsylvania",73687,3034
0500000US42049,42049,"Erie County, Pennsylvania",46455,1901
0500000US42051,42051,"Fayette County, Pennsylvania",39996,3416
0500000US42055,42055,"Franklin County, Pennsylvania",55174,2369
0500000US42063,42063,"Indiana County, Pennsylvania",46037,2921
0500000US42069,42069,"Lackawanna County, Pennsylvania",46436,1760
0500000US42071,42071,"Lancaster County, Pennsylvania",59952,1706
0500000US42073,42073,"Lawrence County, Pennsylvania",45586,3021
0500000US42075,42075,"Lebanon County, Pennsylvania",57212,2996
0500000US42077,42077,"Lehigh County, Pennsylvania",59390,2475
0500000US42079,42079,"Luzerne County, Pennsylvania",47630,2516
0500000US42081,42081,"Lycoming County, Pennsylvania",49470,2913
0500000US42085,42085,"Mercer County, Pennsylvania",45487,2322
0500000US42089,42089,"Monroe County, Pennsylvania",54969,3526
0500000US42091,42091,"Montgomery County, Pennsylvania",80486,2805
0500000US42095,42095,"Northampton County, Pennsylvania",64229,2969
0500000US42097,42097,"Northumberland County, Pennsylvania",41295,2161
0500000US42101,42101,"Philadelphia County, Pennsylvania",51411,1381
0500000US42107,42107,"Schuylkill County, Pennsylvania",41808,2866
0500000US42111,42111,"Somerset County, Pennsylvania",43767,2966
0500000US42125,42125,"Washington County, Pennsylvania",55088,2011
0500000US42129,42129,"Westmoreland County, Pennsylvania",51744,1599
0500000US42133,42133,"York County, Pennsylvania",59339,2357
0500000US44003,44003,"Kent County, Rhode Island",66944,5434
0500000US44005,44005,"Newport County, Rhode Island",71868,3549
0500000US44007,44007,"Providence County, Rhode Island",56366,2342
0500000US44009,44009,"Washington County, Rhode Island",71061,6120
0500000US45003,45003,"Aiken County, South Carolina",50296,4963
0500000US45007,45007,"Anderson County, South Carolina",44308,3070
0500000US45013,45013,"Beaufort County, South Carolina",64888,4492
0500000US45015,45015,"Berkeley County, South Carolina",57766,6209
0500000US45019,45019,"Charleston County, South Carolina",67069,2867
0500000US45031,45031,"Darlington County, South Carolina",46063,4843
0500000US45035,45035,"Dorchester County, South Carolina",62465,5915
0500000US45041,45041,"Florence County, South Carolina",47961,4836
0500000US45045,45045,"Greenville County, South Carolina",57191,2577
0500000US45047,45047,"Greenwood County, South Carolina",45779,5862
0500000US45051,45051,"Horry County, South Carolina",45222,2225
0500000US45057,45057,"Lancaster County, South Carolina",45585,5816
0500000US45059,45059,"Laurens County, South Carolina",38939,4975
0500000US45063,45063,"Lexington County, South Carolina",58290,2206
0500000US45073,45073,"Oconee County, South Carolina",41414,2116
0500000US45075,45075,"Orangeburg County, South Carolina",40141,6048
0500000US45077,45077,"Pickens County, South Carolina",43704,4758
0500000US45079,45079,"Richland County, South Carolina",61711,2658
0500000US45083,45083,"Spartanburg County, South Carolina",47486,3355
0500000US45085,45085,"Sumter County, South Carolina",51581,4526
0500000US45091,45091,"York County, South Carolina",60472,4387
0500000US46099,46099,"Minnehaha County, South Dakota",54333,3298
0500000US46103,46103,"Pennington County, South Dakota",52416,4467
0500000US47001,47001,"Anderson County, Tennessee",41883,3932
0500000US47009,47009,"Blount County, Tennessee",45178,3724
0500000US47011,47011,"Bradley County, Tennessee",44961,4287
0500000US47037,47037,"Davidson County, Tennessee",55803,2004
0500000US47059,47059,"Greene County, Tennessee",36241,2418
0500000US47065,47065,"Hamilton County, Tennessee",54268,3171
0500000US47093,47093,"Knox County, Tennessee",51915,1855
0500000US47113,47113,"Madison County, Tennessee",51187,6021
0500000US47119,47119,"Maury County, Tennessee",48719,4703
0500000US47125,47125,"Montgomery County, Tennessee",54702,4019
0500000US47141,47141,"Putnam County, Tennessee",32466,3887
0500000US47147,47147,"Robertson County, Tennessee",52674,5903
0500000US47149,47149,"Rutherford County, Tennessee",60813,4366
0500000US47155,47155,"Sevier County, Tennessee",41075,3828
0500000US47157,47157,"Shelby County, Tennessee",67232,2601
0500000US47163,47163,"Sullivan County, Tennessee",40911,2604
0500000US47165,47165,"Sumner County, Tennessee",55799,3112
0500000US47179,47179,"Washington County, Tennessee",41431,2015
0500000US47187,47187,"Williamson County, Tennessee",88389,6545
0500000US47189,47189,"Wilson County, Tennessee",58750,4925
0500000US48005,48005,"Angelina County, Texas",46897,4508
0500000US48021,48021,"Bastrop County, Texas",58916,7493
0500000US48027,48027,"Bell County, Texas",56281,4073
0500000US48029,48029,"Bexar County, Texas",64006,2369
0500000US48037,48037,"Bowie County, Texas",48950,7077
0500000US48039,48039,"Brazoria County, Texas",69377,5781
0500000US48041,48041,"Brazos County, Texas",46775,4604
0500000US48061,48061,"Cameron County, Texas",51137,6517
0500000US48085,48085,"Collin County, Texas",85170,3296
0500000US48091,48091,"Comal County, Texas",76277,3859
0500000US48099,48099,"Coryell County, Texas",52919,3144
0500000US48113,48113,"Dallas County, Texas",67088,1758
0500000US48121,48121,"Denton County, Texas",83075,3218
0500000US48135,48135,"Ector County, Texas",63019,11332
0500000US48139,48139,"Ellis County, Texas",62465,7347
0500000US48141,48141,"El Paso County, Texas",51624,1697
0500000US48157,48157,"Fort Bend County, Texas",105024,8021
0500000US48167,48167,"Galveston County, Texas",75548,6991
0500000US48181,48181,"Grayson County, Texas",46731,4529
0500000US48183,48183,"Gregg County, Texas",51300,2913
0500000US48187,48187,"Guadalupe County, Texas",61206,4190
0500000US48201,48201,"Harris County, Texas",76060,2194
0500000US48203,48203,"Harrison County, Texas",42055,9245
0500000US48209,48209,"Hays County, Texas",68767,5933
0500000US48213,48213,"Henderson County, Texas",40474,4280
0500000US48215,48215,"Hidalgo County, Texas",46299,5435
0500000US48231,48231,"Hunt County, Texas",44548,4687
0500000US48245,48245,"Jefferson County, Texas",55437,4786
0500000US48251,48251,"Johnson County, Texas",60004,4051
0500000US48257,48257,"Kaufman County, Texas",71369,2006
0500000US48291,48291,"Liberty County, Texas",50216,7717
0500000US48303,48303,"Lubbock County, Texas",51631,2565
0500000US48309,48309,"McLennan County, Texas",48678,4439
0500000US48329,48329,"Midland County, Texas",86249,6840
0500000US48339,48339,"Montgomery County, Texas",76032,4961
0500000US48347,48347,"Nacogdoches County, Texas",48050,4299
0500000US48355,48355,"Nueces County, Texas",61221,4736
0500000US48361,48361,"Orange County, Texas",53550,5080
0500000US48367,48367,"Parker County, Texas",61724,3113
0500000US48375,48375,"Potter County, Texas",43719,4785
0500000US48381,48381,"Randall County, Texas",67671,5209
0500000US48397,48397,"Rockwall County, Texas",97251,6984
0500000US48409,48409,"San Patricio County, Texas",53021,11042
0500000US48423,48423,"Smith County, Texas",54513,5046
0500000US48439,48439,"Tarrant County, Texas",68893,1655
0500000US48441,48441,"Taylor County, Texas",48293,4525
0500000US48451,48451,"Tom Green County, Texas",50598,4436
0500000US48453,48453,"Travis County, Texas",71402,2034
0500000US48469,48469,"Victoria County, Texas",59806,5532
0500000US48471,48471,"Walker County, Texas",43642,9371
0500000US48479,48479,"Webb County, Texas",61507,15557
0500000US48485,48485,"Wichita County, Texas",48840,3988
0500000US48491,48491,"Williamson County, Texas",76490,3311
0500000US49005,49005,"Cache County, Utah",49897,3334
0500000US49011,49011,"Davis County, Utah",72171,2943
0500000US49035,49035,"Salt Lake County, Utah",66633,1405
0500000US49049,49049,"Utah County, Utah",62547,2028
0500000US49053,49053,"Washington County, Utah",54489,5365
0500000US49057,49057,"Weber County, Utah",56832,2985
0500000US50007,50007,"Chittenden County, Vermont",67325,5531
0500000US51003,51003,"Albemarle County, Virginia",74592,4503
0500000US51013,51013,"Arlington County, Virginia",117174,6250
0500000US51015,51015,"Augusta County, Virginia",54758,3585
0500000US51019,51019,"Bedford County, Virginia",56789,5570
0500000US51041,51041,"Chesterfield County, Virginia",71448,1977
0500000US51059,51059,"Fairfax County, Virginia",126074,2854
0500000US51061,51061,"Fauquier County, Virginia",86676,12830
0500000US51069,51069,"Frederick County, Virginia",69691,3588
0500000US51085,51085,"Hanover County, Virginia",80570,5075
0500000US51087,51087,"Henrico County, Virginia",69327,4263
0500000US51095,51095,"James City County, Virginia",79059,6662
0500000US51107,51107,"Loudoun County, Virginia",123396,5136
0500000US51121,51121,"Montgomery County, Virginia",48937,4375
0500000US51153,51153,"Prince William County, Virginia",112127,5675
0500000US51161,51161,"Roanoke County, Virginia",56081,4344
0500000US51165,51165,"Rockingham County, Virginia",56172,2437
0500000US51177,51177,"Spotsylvania County, Virginia",71150,6899
0500000US51179,51179,"Stafford County, Virginia",91532,7990
0500000US51199,51199,"York County, Virginia",81988,7509
0500000US51510,51510,"Alexandria city, Virginia",108593,5921
0500000US51550,51550,"Chesapeake city, Virginia",76866,7050
0500000US51650,51650,"Hampton city, Virginia",52103,6225
0500000US51680,51680,"Lynchburg city, Virginia",47852,5135
0500000US51700,51700,"Newport News city, Virginia",58430,3651
0500000US51710,51710,"Norfolk city, Virginia",55659,3406
0500000US51740,51740,"Portsmouth city, Virginia",50949,6398
0500000US51760,51760,"Richmond city, Virginia",56517,2777
0500000US51770,51770,"Roanoke city, Virginia",42285,6497
0500000US51800,51800,"Suffolk city, Virginia",79267,6919
0500000US51810,51810,"Virginia Beach city, Virginia",67289,3171
0500000US53005,53005,"Benton County, Washington",61385,2615
0500000US53007,53007,"Chelan County, Washington",53339,4388
0500000US53009,53009,"Clallam County, Washington",48655,3417
0500000US53011,53011,"Clark County, Washington",59648,2403
0500000US53015,53015,"Cowlitz County, Washington",49468,3749
0500000US53021,53021,"Franklin County, Washington",71215,5678
0500000US53025,53025,"Grant County, Washington",53112,6145
0500000US53027,53027,"Grays Harbor County, Washington",41024,4697
0500000US53029,53029,"Island County, Washington",52843,4220
0500000US53033,53033,"King County, Washington",78927,1942
0500000US53035,53035,"Kitsap County, Washington",65118,3303
0500000US53041,53041,"Lewis County, Washington",41122,2304
0500000US53053,53053,"Pierce County, Washington",61583,1433
0500000US53057,53057,"Skagit County, Washington",54953,3569
0500000US53061,53061,"Snohomish County, Washington",68643,2464
0500000US53063,53063,"Spokane County, Washington",49113,1709
0500000US53067,53067,"Thurston County, Washington",61368,2435
0500000US53073,53073,"Whatcom County, Washington",53295,4954
0500000US53077,53077,"Yakima County, Washington",49203,3062
0500000US54003,54003,"Berkeley County, West Virginia",55268,5038
0500000US54011,54011,"Cabell County, West Virginia",40439,5056
0500000US54033,54033,"Harrison County, West Virginia",41679,2834
0500000US54039,54039,"Kanawha County, West Virginia",46981,1911
0500000US54061,54061,"Monongalia County, West Virginia",50825,5303
0500000US54081,54081,"Raleigh County, West Virginia",40726,2471
0500000US54107,54107,"Wood County, West Virginia",41322,2147
0500000US55009,55009,"Brown County, Wisconsin",53535,2967
0500000US55025,55025,"Dane County, Wisconsin",64283,2344
0500000US55027,55027,"Dodge County, Wisconsin",51843,1944
0500000US55035,55035,"Eau Claire County, Wisconsin",48878,3395
0500000US55039,55039,"Fond du Lac County, Wisconsin",55461,3608
0500000US55055,55055,"Jefferson County, Wisconsin",52108,3027
0500000US55059,55059,"Kenosha County, Wisconsin",57642,5550
0500000US55063,55063,"La Crosse County, Wisconsin",51738,3954
0500000US55071,55071,"Manitowoc County, Wisconsin",47041,1703
0500000US55073,55073,"Marathon County, Wisconsin",52867,2288
0500000US55079,55079,"Milwaukee County, Wisconsin",52376,1817
0500000US55087,55087,"Outagamie County, Wisconsin",57929,2381
0500000US55089,55089,"Ozaukee County, Wisconsin",70556,6136
0500000US55097,55097,"Portage County, Wisconsin",50519,3721
0500000US55101,55101,"Racine County, Wisconsin",61951,3125
0500000US55105,55105,"Rock County, Wisconsin",51827,2761
0500000US55109,55109,"St. Croix County, Wisconsin",68350,5563
0500000US55117,55117,"Sheboygan County, Wisconsin",51414,2636
0500000US55127,55127,"Walworth County, Wisconsin",54234,4365
0500000US55131,55131,"Washington County, Wisconsin",66498,3412
0500000US55133,55133,"Waukesha County, Wisconsin",75593,2150
0500000US55139,55139,"Winnebago County, Wisconsin",51119,1956
0500000US55141,55141,"Wood County, Wisconsin",46968,4682
0500000US56021,56021,"Laramie County, Wyoming",64949,5752
0500000US56025,56025,"Natrona County, Wyoming",60312,4308
